Sales Person,Product,Country,Date,Amount,Boxes,Order Status
Jehu Rudeforth,White Choc,USA,2023-01-02,5879.25,236,Delivered
Roddy Speechley,Choco Coated Almonds,UK,2023-01-02,2110.5,141,Delivered
Oby Sorrel,Raspberry Choco,UK,2023-01-02,9058.5,906,Cancelled
Camilla Castle,50% Dark Bites,USA,2023-01-02,1228.5,73,Delivered
Madelene Upcott,Baker's Choco Chips,Canada,2023-01-02,5451.75,321,Delivered
Andria Kimpton,Fruit & Nut Bars,India,2023-01-02,2333.25,90,Delivered
Dotty Strutley,Eclairs,UK,2023-01-02,1696.5,81,Delivered
Brien Boise,Orange Choco,UK,2023-01-03,6882.75,861,Delivered
Van Tuxwell,Mint Chip Choco,UK,2023-01-03,3534.75,253,Delivered
Curtice Advani,Smooth Silky Salty,USA,2023-01-03,9940.5,1421,Delivered
Beverie Moffet,Milk Bars,UK,2023-01-03,321.75,15,Delivered
Kelci Walkden,Manuka Honey Choco,UK,2023-01-03,16611.75,756,Delivered
Roddy Speechley,Drinking Coco,India,2023-01-03,5359.5,536,Delivered
Ches Bonnell,Mint Chip Choco,UK,2023-01-03,159.75,12,Delivered
Curtice Advani,Choco Coated Almonds,India,2023-01-03,5001.75,385,Delivered
Marney O'Breen,Mint Chip Choco,UK,2023-01-03,8361.0,761,Delivered
Dennison Crosswaite,Smooth Silky Salty,UK,2023-01-03,3942.0,329,Delivered
Gigi Bohling,Organic Choco Syrup,Australia,2023-01-03,9947.25,453,Delivered
Jehu Rudeforth,Manuka Honey Choco,New Zealand,2023-01-03,7463.25,356,Delivered
Van Tuxwell,Manuka Honey Choco,Australia,2023-01-03,429.75,20,Delivered
Gigi Bohling,Eclairs,UK,2023-01-03,2045.25,98,Cancelled
Gunar Cockshoot,70% Dark Bites,UK,2023-01-04,1053.0,56,Delivered
Brien Boise,Orange Choco,Canada,2023-01-04,2742.75,250,Delivered
Oby Sorrel,Fruit & Nut Bars,USA,2023-01-04,4756.5,177,Delivered
Beverie Moffet,Spicy Special Slims,New Zealand,2023-01-04,805.5,41,Delivered
Curtice Advani,Raspberry Choco,Canada,2023-01-04,14566.5,2081,Delivered
Brien Boise,Choco Coated Almonds,UK,2023-01-04,12080.25,930,Delivered
Jehu Rudeforth,Smooth Silky Salty,USA,2023-01-04,6907.5,768,Delivered
Gigi Bohling,Fruit & Nut Bars,New Zealand,2023-01-04,5204.25,217,Delivered
Karlen McCaffrey,Mint Chip Choco,India,2023-01-04,4351.5,311,Delivered
Roddy Speechley,85% Dark Bars,USA,2023-01-04,3507.75,153,Delivered
Kaine Padly,Baker's Choco Chips,India,2023-01-04,11583.0,682,Delivered
Gunar Cockshoot,Fruit & Nut Bars,UK,2023-01-04,6003.0,241,Delivered
Karlen McCaffrey,Mint Chip Choco,UK,2023-01-04,1075.5,83,Delivered
Gunar Cockshoot,Mint Chip Choco,India,2023-01-04,2191.5,200,Delivered
Wilone O'Kielt,Baker's Choco Chips,UK,2023-01-04,3114.0,208,Delivered
Madelene Upcott,99% Dark & Pure,Australia,2023-01-04,10923.75,456,Delivered
Beverie Moffet,Baker's Choco Chips,UK,2023-01-04,3696.75,185,Delivered
Curtice Advani,85% Dark Bars,UK,2023-01-04,2193.75,105,Delivered
Dotty Strutley,99% Dark & Pure,USA,2023-01-05,7647.75,319,Delivered
Madelene Upcott,Smooth Silky Salty,UK,2023-01-05,2880.0,320,Delivered
Dennison Crosswaite,Mint Chip Choco,USA,2023-01-05,5037.75,504,Delivered
Beverie Moffet,85% Dark Bars,Canada,2023-01-05,9740.25,443,Delivered
Karlen McCaffrey,Organic Choco Syrup,USA,2023-01-05,14148.0,708,Delivered
Marney O'Breen,99% Dark & Pure,Canada,2023-01-05,2083.5,95,Delivered
Husein Augar,Peanut Butter Cubes,Australia,2023-01-05,6120.0,323,Delivered
Roddy Speechley,70% Dark Bites,New Zealand,2023-01-06,2412.0,161,Delivered
Andria Kimpton,Eclairs,UK,2023-01-06,661.5,32,Delivered
Andria Kimpton,Mint Chip Choco,Canada,2023-01-06,794.25,57,Delivered
Van Tuxwell,Choco Coated Almonds,New Zealand,2023-01-06,9045.0,696,Delivered
Dennison Crosswaite,Orange Choco,USA,2023-01-06,15489.0,1409,Delivered
Ches Bonnell,Organic Choco Syrup,India,2023-01-06,348.75,17,Delivered
Wilone O'Kielt,Baker's Choco Chips,India,2023-01-06,2403.0,142,Delivered
Barr Faughny,Drinking Coco,UK,2023-01-06,5721.75,573,Delivered
Marney O'Breen,Mint Chip Choco,UK,2023-01-06,785.25,79,Delivered
Gigi Bohling,Fruit & Nut Bars,India,2023-01-06,7940.25,295,Delivered
Dotty Strutley,Organic Choco Syrup,USA,2023-01-06,1629.0,75,Delivered
Madelene Upcott,85% Dark Bars,New Zealand,2023-01-06,11414.25,519,Delivered
Gunar Cockshoot,Milk Bars,Australia,2023-01-06,3982.5,235,Delivered
Dennison Crosswaite,Drinking Coco,India,2023-01-06,6729.75,748,Delivered
Madelene Upcott,Peanut Butter Cubes,USA,2023-01-06,5631.75,235,Delivered
Karlen McCaffrey,Organic Choco Syrup,Australia,2023-01-09,351.0,19,Delivered
Jan Morforth,Eclairs,UK,2023-01-09,2877.75,126,Delivered
Beverie Moffet,Organic Choco Syrup,USA,2023-01-09,8694.0,483,Delivered
Brien Boise,Peanut Butter Cubes,India,2023-01-09,4259.25,194,Delivered
Husein Augar,99% Dark & Pure,India,2023-01-09,8185.5,431,Delivered
Beverie Moffet,Organic Choco Syrup,USA,2023-01-09,12559.5,698,Delivered
Curtice Advani,Almond Choco,New Zealand,2023-01-10,582.75,59,Delivered
Kelci Walkden,Manuka Honey Choco,USA,2023-01-10,2.25,1,Delivered
Marney O'Breen,Baker's Choco Chips,UK,2023-01-10,31.5,3,Delivered
Barr Faughny,Manuka Honey Choco,USA,2023-01-10,2992.5,137,Delivered
Beverie Moffet,Baker's Choco Chips,USA,2023-01-10,1939.5,103,Delivered
Barr Faughny,Manuka Honey Choco,Australia,2023-01-10,1552.5,71,Delivered
Brien Boise,After Nines,USA,2023-01-10,4837.5,373,Delivered
Jan Morforth,Peanut Butter Cubes,UK,2023-01-11,5418.0,247,Delivered
Dotty Strutley,Baker's Choco Chips,India,2023-01-11,1602.0,85,Delivered
Dotty Strutley,Manuka Honey Choco,USA,2023-01-11,15781.5,752,Delivered
Brien Boise,Peanut Butter Cubes,USA,2023-01-11,6822.0,360,Delivered
Rafaelita Blaksland,Eclairs,Canada,2023-01-11,4992.75,250,Delivered
Roddy Speechley,Spicy Special Slims,New Zealand,2023-01-11,8136.0,429,Delivered
Madelene Upcott,Choco Coated Almonds,India,2023-01-12,5109.75,394,Delivered
Wilone O'Kielt,Baker's Choco Chips,USA,2023-01-12,8876.25,494,Delivered
Husein Augar,Eclairs,India,2023-01-12,9472.5,474,Delivered
Wilone O'Kielt,50% Dark Bites,Canada,2023-01-12,6806.25,401,Delivered
Jan Morforth,Drinking Coco,Canada,2023-01-12,6363.0,531,Delivered
Jan Morforth,Spicy Special Slims,UK,2023-01-13,6657.75,351,Delivered
Curtice Advani,85% Dark Bars,USA,2023-01-13,10748.25,489,Delivered
Dotty Strutley,70% Dark Bites,USA,2023-01-13,8662.5,542,Delivered
Brien Boise,Caramel Stuffed Bars,USA,2023-01-13,3692.25,206,Delivered
Wilone O'Kielt,99% Dark & Pure,USA,2023-01-13,2322.0,111,Delivered
Jan Morforth,Smooth Silky Salty,UK,2023-01-13,9981.0,1426,Delivered
Camilla Castle,Manuka Honey Choco,Australia,2023-01-13,6203.25,345,Delivered
Brien Boise,Smooth Silky Salty,UK,2023-01-13,11515.5,1646,Delivered
Barr Faughny,Spicy Special Slims,USA,2023-01-13,3597.75,180,Delivered
Gigi Bohling,Almond Choco,Canada,2023-01-16,1644.75,138,Delivered
Kelci Walkden,Baker's Choco Chips,UK,2023-01-16,1152.0,68,Delivered
Curtice Advani,50% Dark Bites,New Zealand,2023-01-16,2461.5,112,Delivered
Jan Morforth,Smooth Silky Salty,UK,2023-01-16,7602.75,951,Delivered
Jehu Rudeforth,85% Dark Bars,India,2023-01-17,5274.0,211,Delivered
Brien Boise,Peanut Butter Cubes,Canada,2023-01-17,4353.75,182,Delivered
Dotty Strutley,Baker's Choco Chips,Canada,2023-01-17,121.5,8,Delivered
Roddy Speechley,99% Dark & Pure,UK,2023-01-17,1752.75,93,Delivered
Barr Faughny,Eclairs,India,2023-01-17,288.0,14,Delivered
Karlen McCaffrey,50% Dark Bites,UK,2023-01-17,7521.75,359,Delivered
Brien Boise,White Choc,USA,2023-01-17,5494.5,275,Delivered
Jan Morforth,White Choc,UK,2023-01-17,5618.25,268,Delivered
Oby Sorrel,Mint Chip Choco,India,2023-01-17,2421.0,187,Delivered
Wilone O'Kielt,70% Dark Bites,USA,2023-01-17,6086.25,339,Delivered
Camilla Castle,Eclairs,UK,2023-01-17,2873.25,131,Delivered
Kelci Walkden,Eclairs,Canada,2023-01-18,6646.5,350,Delivered
Gunar Cockshoot,Spicy Special Slims,India,2023-01-18,1080.0,72,Delivered
Van Tuxwell,Spicy Special Slims,USA,2023-01-19,3285.0,183,Delivered
Karlen McCaffrey,White Choc,UK,2023-01-19,5856.75,267,Delivered
Roddy Speechley,Peanut Butter Cubes,USA,2023-01-19,6705.0,280,Delivered
Husein Augar,Manuka Honey Choco,UK,2023-01-19,6207.75,296,Delivered
Dotty Strutley,Spicy Special Slims,UK,2023-01-19,1712.25,96,Delivered
Jan Morforth,White Choc,USA,2023-01-19,4623.75,221,Delivered
Rafaelita Blaksland,Peanut Butter Cubes,USA,2023-01-19,6054.75,289,Delivered
Gigi Bohling,Mint Chip Choco,UK,2023-01-19,8275.5,690,Delivered
Ches Bonnell,Peanut Butter Cubes,New Zealand,2023-01-19,6853.5,361,Delivered
Dotty Strutley,Baker's Choco Chips,UK,2023-01-19,6468.75,432,Delivered
Brien Boise,Fruit & Nut Bars,UK,2023-01-19,12199.5,452,Delivered
Roddy Speechley,Peanut Butter Cubes,India,2023-01-19,6669.0,318,Delivered
Barr Faughny,Spicy Special Slims,USA,2023-01-20,11538.0,679,Delivered
Jehu Rudeforth,Peanut Butter Cubes,UK,2023-01-20,6756.75,308,Delivered
Jan Morforth,Orange Choco,USA,2023-01-20,7634.25,695,Delivered
Beverie Moffet,Choco Coated Almonds,Australia,2023-01-20,3120.75,241,Delivered
Barr Faughny,50% Dark Bites,USA,2023-01-20,994.5,56,Delivered
Jan Morforth,Spicy Special Slims,Australia,2023-01-20,789.75,50,Delivered
Beverie Moffet,70% Dark Bites,UK,2023-01-20,6444.0,323,Delivered
Beverie Moffet,Almond Choco,Canada,2023-01-20,14438.25,1204,Delivered
Dennison Crosswaite,Mint Chip Choco,UK,2023-01-20,2427.75,243,Delivered
Gigi Bohling,Organic Choco Syrup,India,2023-01-20,6912.0,364,Delivered
Brien Boise,99% Dark & Pure,USA,2023-01-20,3903.75,163,Delivered
Roddy Speechley,50% Dark Bites,USA,2023-01-20,5618.25,256,Delivered
Madelene Upcott,Organic Choco Syrup,New Zealand,2023-01-20,4162.5,232,Delivered
Roddy Speechley,Mint Chip Choco,USA,2023-01-20,6662.25,667,Delivered
Andria Kimpton,50% Dark Bites,UK,2023-01-20,8748.0,461,Delivered
Karlen McCaffrey,85% Dark Bars,USA,2023-01-20,6968.25,303,Delivered
Jan Morforth,Peanut Butter Cubes,UK,2023-01-20,9758.25,488,Delivered
Brien Boise,85% Dark Bars,India,2023-01-23,4925.25,235,Delivered
Gigi Bohling,Manuka Honey Choco,USA,2023-01-23,11009.25,479,Delivered
Ches Bonnell,Eclairs,India,2023-01-23,1966.5,86,Delivered
Wilone O'Kielt,70% Dark Bites,Canada,2023-01-23,9240.75,617,Delivered
Curtice Advani,99% Dark & Pure,UK,2023-01-23,2625.75,139,Delivered
Dotty Strutley,Mint Chip Choco,Australia,2023-01-23,711.0,60,Delivered
Gigi Bohling,Organic Choco Syrup,USA,2023-01-23,7713.0,336,Delivered
Husein Augar,Choco Coated Almonds,UK,2023-01-23,812.25,63,Delivered
Roddy Speechley,Drinking Coco,Canada,2023-01-24,5321.25,592,Delivered
Madelene Upcott,Eclairs,New Zealand,2023-01-24,4090.5,195,Delivered
Brien Boise,Drinking Coco,UK,2023-01-24,5332.5,667,Delivered
Kelci Walkden,Smooth Silky Salty,New Zealand,2023-01-24,616.5,62,Delivered
Jan Morforth,Peanut Butter Cubes,Australia,2023-01-24,10055.25,458,Delivered
Kelci Walkden,70% Dark Bites,UK,2023-01-24,1478.25,83,Delivered
Brien Boise,Spicy Special Slims,India,2023-01-24,6174.0,309,Delivered
Gunar Cockshoot,Manuka Honey Choco,Canada,2023-01-24,4527.0,239,Delivered
Jehu Rudeforth,Peanut Butter Cubes,New Zealand,2023-01-24,6732.0,293,Delivered
Brien Boise,Eclairs,India,2023-01-24,513.0,23,Delivered
Wilone O'Kielt,50% Dark Bites,USA,2023-01-24,1212.75,56,Delivered
Gigi Bohling,99% Dark & Pure,USA,2023-01-24,1500.75,63,Cancelled
Barr Faughny,Baker's Choco Chips,India,2023-01-24,4137.75,218,Delivered
Andria Kimpton,Peanut Butter Cubes,Australia,2023-01-24,6738.75,293,Delivered
Oby Sorrel,Manuka Honey Choco,UK,2023-01-24,1867.5,104,Delivered
Beverie Moffet,Orange Choco,India,2023-01-24,864.0,108,Delivered
Husein Augar,Mint Chip Choco,New Zealand,2023-01-25,821.25,92,Delivered
Madelene Upcott,Baker's Choco Chips,USA,2023-01-25,10050.75,503,Delivered
Brien Boise,Raspberry Choco,Australia,2023-01-25,9247.5,1322,Delivered
Brien Boise,Baker's Choco Chips,India,2023-01-25,5341.5,282,Delivered
Roddy Speechley,Smooth Silky Salty,India,2023-01-25,5226.75,747,Delivered
Dotty Strutley,70% Dark Bites,India,2023-01-25,10833.75,571,Delivered
Roddy Speechley,Eclairs,Australia,2023-01-26,913.5,42,Delivered
Andria Kimpton,Choco Coated Almonds,Australia,2023-01-26,1035.0,69,Delivered
Gunar Cockshoot,70% Dark Bites,Canada,2023-01-26,330.75,17,Delivered
Gunar Cockshoot,Caramel Stuffed Bars,UK,2023-01-26,7002.0,319,Delivered
Husein Augar,Drinking Coco,USA,2023-01-26,5760.0,480,Delivered
Beverie Moffet,Choco Coated Almonds,Australia,2023-01-26,2758.5,213,Delivered
Dotty Strutley,Drinking Coco,UK,2023-01-26,4632.75,515,Delivered
Jan Morforth,Smooth Silky Salty,UK,2023-01-26,3145.5,450,Delivered
Kaine Padly,Orange Choco,New Zealand,2023-01-26,10719.0,1787,Delivered
Barr Faughny,White Choc,India,2023-01-26,2304.0,96,Delivered
Kelci Walkden,Mint Chip Choco,New Zealand,2023-01-26,351.0,30,Cancelled
Dotty Strutley,After Nines,USA,2023-01-26,2481.75,178,Delivered
Wilone O'Kielt,Organic Choco Syrup,UK,2023-01-26,3035.25,145,Delivered
Husein Augar,Manuka Honey Choco,USA,2023-01-26,1053.0,51,Delivered
Ches Bonnell,Eclairs,USA,2023-01-26,1053.0,51,Delivered
Madelene Upcott,Milk Bars,Canada,2023-01-26,5737.5,274,Delivered
Brien Boise,Baker's Choco Chips,USA,2023-01-26,3892.5,229,Delivered
Camilla Castle,Drinking Coco,USA,2023-01-26,5186.25,433,Delivered
Kaine Padly,Smooth Silky Salty,Australia,2023-01-26,5874.75,840,Delivered
Dotty Strutley,Peanut Butter Cubes,USA,2023-01-26,6354.0,303,Delivered
Husein Augar,Eclairs,USA,2023-01-26,4050.0,185,Delivered
Ches Bonnell,Orange Choco,USA,2023-01-26,3570.75,325,Delivered
Wilone O'Kielt,Drinking Coco,USA,2023-01-26,6779.25,678,Cancelled
Mallorie Waber,Drinking Coco,USA,2023-01-26,6039.0,504,Delivered
Kaine Padly,Spicy Special Slims,Canada,2023-01-26,2760.75,139,Cancelled
Beverie Moffet,Raspberry Choco,UK,2023-01-26,4747.5,528,Delivered
Karlen McCaffrey,Choco Coated Almonds,New Zealand,2023-01-27,10174.5,679,Delivered
Kelci Walkden,Mint Chip Choco,Australia,2023-01-27,2715.75,227,Delivered
Oby Sorrel,Choco Coated Almonds,Canada,2023-01-27,4918.5,352,Delivered
Roddy Speechley,Eclairs,UK,2023-01-27,8691.75,396,Delivered
Van Tuxwell,Choco Coated Almonds,UK,2023-01-27,2065.5,159,Delivered
Wilone O'Kielt,Orange Choco,New Zealand,2023-01-27,3804.75,381,Delivered
Brien Boise,Spicy Special Slims,India,2023-01-27,202.5,13,Cancelled
Dennison Crosswaite,Choco Coated Almonds,Canada,2023-01-27,14337.0,1304,Delivered
Curtice Advani,Drinking Coco,USA,2023-01-27,5141.25,643,Delivered
Mallorie Waber,Smooth Silky Salty,UK,2023-01-27,3048.75,436,Delivered
Jehu Rudeforth,Fruit & Nut Bars,UK,2023-01-27,6489.0,250,Delivered
Gigi Bohling,Drinking Coco,Australia,2023-01-27,5530.5,461,Delivered
Brien Boise,Organic Choco Syrup,India,2023-01-30,10527.75,458,Delivered
Karlen McCaffrey,Peanut Butter Cubes,UK,2023-01-30,7722.0,368,Delivered
Gunar Cockshoot,Drinking Coco,USA,2023-01-30,4511.25,452,Delivered
Mallorie Waber,Drinking Coco,USA,2023-01-30,5712.75,572,Delivered
Jehu Rudeforth,Milk Bars,India,2023-01-30,7299.0,385,Delivered
Van Tuxwell,Drinking Coco,UK,2023-01-30,5044.5,631,Delivered
Marney O'Breen,Milk Bars,UK,2023-01-30,841.5,39,Delivered
Barr Faughny,99% Dark & Pure,UK,2023-01-30,5463.0,274,Cancelled
Brien Boise,70% Dark Bites,USA,2023-01-30,762.75,45,Delivered
Husein Augar,Almond Choco,USA,2023-01-30,8646.75,961,Cancelled
Husein Augar,Fruit & Nut Bars,UK,2023-01-31,2592.0,96,Delivered
Van Tuxwell,Mint Chip Choco,New Zealand,2023-01-31,10260.0,1026,Delivered
Gunar Cockshoot,Eclairs,USA,2023-01-31,6696.0,305,Delivered
Curtice Advani,Smooth Silky Salty,UK,2023-01-31,9722.25,1081,Delivered
Brien Boise,Milk Bars,Canada,2023-01-31,2238.75,112,Delivered
Andria Kimpton,Peanut Butter Cubes,Australia,2023-01-31,4250.25,185,Delivered
Dotty Strutley,Fruit & Nut Bars,Australia,2023-01-31,7209.0,278,Delivered
Curtice Advani,Raspberry Choco,USA,2023-01-31,15837.75,1980,Cancelled
Brien Boise,Drinking Coco,India,2023-01-31,6174.0,618,Delivered
Andria Kimpton,Spicy Special Slims,UK,2023-01-31,922.5,49,Delivered
Oby Sorrel,50% Dark Bites,New Zealand,2023-01-31,7479.0,374,Delivered
Wilone O'Kielt,Orange Choco,USA,2023-01-31,16616.25,2770,Delivered
Dennison Crosswaite,Caramel Stuffed Bars,New Zealand,2023-01-31,27.0,2,Delivered
Kelci Walkden,Baker's Choco Chips,USA,2023-02-01,2605.5,163,Delivered
Marney O'Breen,Peanut Butter Cubes,USA,2023-02-01,1201.5,55,Delivered
Madelene Upcott,White Choc,New Zealand,2023-02-02,4632.75,232,Delivered
Brien Boise,Raspberry Choco,Australia,2023-02-02,796.5,100,Cancelled
Madelene Upcott,Almond Choco,Canada,2023-02-02,3442.5,313,Delivered
Camilla Castle,Fruit & Nut Bars,UK,2023-02-02,19257.75,771,Delivered
Roddy Speechley,Orange Choco,India,2023-02-02,8815.5,980,Delivered
Wilone O'Kielt,50% Dark Bites,New Zealand,2023-02-02,3458.25,183,Delivered
Dotty Strutley,Baker's Choco Chips,Canada,2023-02-02,4151.25,245,Delivered
Gunar Cockshoot,50% Dark Bites,UK,2023-02-02,1152.0,55,Delivered
Beverie Moffet,Raspberry Choco,India,2023-02-02,8586.0,1718,Delivered
Madelene Upcott,Raspberry Choco,Australia,2023-02-02,7638.75,1092,Delivered
Brien Boise,Smooth Silky Salty,India,2023-02-02,7287.75,1042,Delivered
Barr Faughny,After Nines,UK,2023-02-02,12575.25,1048,Delivered
Van Tuxwell,70% Dark Bites,UK,2023-02-02,6723.0,337,Delivered
Jehu Rudeforth,Mint Chip Choco,New Zealand,2023-02-02,3208.5,268,Delivered
Gunar Cockshoot,Spicy Special Slims,India,2023-02-02,3132.0,174,Delivered
Camilla Castle,Mint Chip Choco,UK,2023-02-02,1107.0,86,Delivered
Brien Boise,After Nines,UK,2023-02-02,4612.5,385,Delivered
Marney O'Breen,Manuka Honey Choco,Canada,2023-02-03,7778.25,371,Delivered
Roddy Speechley,Drinking Coco,Canada,2023-02-03,5955.75,745,Delivered
Brien Boise,50% Dark Bites,UK,2023-02-03,4592.25,219,Delivered
Madelene Upcott,Drinking Coco,India,2023-02-03,5427.0,543,Delivered
Gigi Bohling,Choco Coated Almonds,India,2023-02-03,1784.25,163,Delivered
Jan Morforth,Drinking Coco,USA,2023-02-03,5654.25,707,Cancelled
Jan Morforth,Organic Choco Syrup,UK,2023-02-03,7866.0,414,Delivered
Roddy Speechley,85% Dark Bars,India,2023-02-03,2297.25,96,Delivered
Karlen McCaffrey,Choco Coated Almonds,India,2023-02-03,976.5,98,Delivered
Gunar Cockshoot,Choco Coated Almonds,India,2023-02-03,366.75,31,Delivered
Gigi Bohling,Fruit & Nut Bars,Canada,2023-02-03,2592.0,113,Delivered
Kelci Walkden,Raspberry Choco,USA,2023-02-03,14118.75,2017,Delivered
Dotty Strutley,Organic Choco Syrup,Canada,2023-02-06,3312.0,158,Delivered
Gunar Cockshoot,Drinking Coco,India,2023-02-06,5521.5,614,Delivered
Madelene Upcott,Baker's Choco Chips,UK,2023-02-06,8147.25,453,Delivered
Dotty Strutley,Manuka Honey Choco,Canada,2023-02-06,650.25,29,Delivered
Husein Augar,Choco Coated Almonds,USA,2023-02-06,1813.5,140,Delivered
Roddy Speechley,Orange Choco,USA,2023-02-06,2567.25,428,Delivered
Barr Faughny,Smooth Silky Salty,New Zealand,2023-02-06,265.5,23,Delivered
Oby Sorrel,Manuka Honey Choco,USA,2023-02-07,121.5,7,Delivered
Jan Morforth,Spicy Special Slims,USA,2023-02-07,8115.75,451,Delivered
Dotty Strutley,85% Dark Bars,India,2023-02-07,11306.25,539,Delivered
Van Tuxwell,White Choc,Canada,2023-02-07,2043.0,98,Delivered
Ches Bonnell,Orange Choco,USA,2023-02-07,4916.25,820,Delivered
Husein Augar,Organic Choco Syrup,UK,2023-02-07,798.75,39,Cancelled
Barr Faughny,Eclairs,UK,2023-02-08,2128.5,107,Delivered
Jehu Rudeforth,Mint Chip Choco,UK,2023-02-08,6212.25,444,Delivered
Jehu Rudeforth,99% Dark & Pure,USA,2023-02-08,8759.25,365,Delivered
Wilone O'Kielt,Mint Chip Choco,New Zealand,2023-02-08,1356.75,136,Delivered
Van Tuxwell,Manuka Honey Choco,India,2023-02-08,8500.5,370,Delivered
Brien Boise,Smooth Silky Salty,UK,2023-02-08,1554.75,223,Delivered
Madelene Upcott,Peanut Butter Cubes,USA,2023-02-08,5305.5,222,Delivered
Dotty Strutley,Raspberry Choco,New Zealand,2023-02-08,2223.0,445,Delivered
Wilone O'Kielt,Manuka Honey Choco,India,2023-02-09,4317.75,206,Delivered
Beverie Moffet,Mint Chip Choco,New Zealand,2023-02-09,5265.0,405,Delivered
Brien Boise,Raspberry Choco,USA,2023-02-09,684.0,69,Delivered
Wilone O'Kielt,50% Dark Bites,UK,2023-02-09,3145.5,186,Delivered
Barr Faughny,Organic Choco Syrup,USA,2023-02-09,1701.0,90,Delivered
Beverie Moffet,Spicy Special Slims,India,2023-02-09,657.0,37,Delivered
Roddy Speechley,Choco Coated Almonds,UK,2023-02-09,3548.25,323,Delivered
Madelene Upcott,After Nines,UK,2023-02-09,5793.75,580,Delivered
Dotty Strutley,70% Dark Bites,UK,2023-02-10,13.5,1,Delivered
Barr Faughny,Manuka Honey Choco,New Zealand,2023-02-10,5577.75,294,Delivered
Wilone O'Kielt,Drinking Coco,USA,2023-02-10,6030.0,603,Delivered
Kelci Walkden,Choco Coated Almonds,New Zealand,2023-02-13,4473.0,448,Delivered
Kelci Walkden,Spicy Special Slims,New Zealand,2023-02-13,15252.75,898,Delivered
Gunar Cockshoot,Drinking Coco,UK,2023-02-13,5217.75,522,Delivered
Dotty Strutley,99% Dark & Pure,India,2023-02-13,5280.75,252,Delivered
Van Tuxwell,Fruit & Nut Bars,USA,2023-02-13,6032.25,233,Delivered
Jan Morforth,After Nines,India,2023-02-13,5316.75,532,Delivered
Roddy Speechley,Peanut Butter Cubes,USA,2023-02-13,7481.25,375,Delivered
Beverie Moffet,Manuka Honey Choco,Canada,2023-02-13,10761.75,567,Delivered
Curtice Advani,Raspberry Choco,New Zealand,2023-02-13,10395.0,1040,Delivered
Jehu Rudeforth,99% Dark & Pure,UK,2023-02-13,10140.75,441,Delivered
Gunar Cockshoot,Mint Chip Choco,India,2023-02-14,5703.75,519,Delivered
Andria Kimpton,Manuka Honey Choco,Australia,2023-02-14,13842.0,769,Delivered
Roddy Speechley,70% Dark Bites,USA,2023-02-14,9438.75,497,Delivered
Gunar Cockshoot,99% Dark & Pure,USA,2023-02-14,6079.5,290,Delivered
Rafaelita Blaksland,50% Dark Bites,India,2023-02-14,5186.25,236,Delivered
Andria Kimpton,Choco Coated Almonds,New Zealand,2023-02-14,9598.5,686,Delivered
Van Tuxwell,99% Dark & Pure,India,2023-02-14,6243.75,313,Delivered
Gigi Bohling,Drinking Coco,USA,2023-02-14,5429.25,453,Delivered
Karlen McCaffrey,Baker's Choco Chips,UK,2023-02-15,5406.75,361,Cancelled
Brien Boise,Manuka Honey Choco,UK,2023-02-15,14733.0,819,Delivered
Gunar Cockshoot,Orange Choco,Canada,2023-02-15,13038.75,1863,Delivered
Madelene Upcott,85% Dark Bars,India,2023-02-15,7429.5,338,Delivered
Karlen McCaffrey,Smooth Silky Salty,UK,2023-02-15,16249.5,2322,Delivered
Gigi Bohling,Eclairs,Australia,2023-02-15,1845.0,84,Delivered
Kelci Walkden,Choco Coated Almonds,USA,2023-02-15,4540.5,455,Delivered
Madelene Upcott,Fruit & Nut Bars,UK,2023-02-15,3611.25,139,Delivered
Wilone O'Kielt,Baker's Choco Chips,India,2023-02-15,6365.25,336,Delivered
Oby Sorrel,Orange Choco,USA,2023-02-15,1597.5,146,Delivered
Dotty Strutley,Raspberry Choco,Canada,2023-02-15,7020.0,1404,Delivered
Beverie Moffet,99% Dark & Pure,Australia,2023-02-15,11952.0,630,Delivered
Husein Augar,Eclairs,Canada,2023-02-15,2760.75,126,Delivered
Curtice Advani,Fruit & Nut Bars,New Zealand,2023-02-15,4446.0,171,Delivered
Wilone O'Kielt,Organic Choco Syrup,Canada,2023-02-15,13.5,1,Delivered
Dennison Crosswaite,Eclairs,UK,2023-02-15,3532.5,186,Delivered
Karlen McCaffrey,Raspberry Choco,Canada,2023-02-16,1536.75,154,Delivered
Gunar Cockshoot,Eclairs,UK,2023-02-16,1527.75,85,Delivered
Husein Augar,85% Dark Bars,India,2023-02-16,1953.0,79,Cancelled
Kelci Walkden,50% Dark Bites,India,2023-02-16,1356.75,65,Delivered
Husein Augar,Choco Coated Almonds,Canada,2023-02-16,2947.5,227,Delivered
Roddy Speechley,Orange Choco,UK,2023-02-16,12559.5,1256,Delivered
Marney O'Breen,Spicy Special Slims,UK,2023-02-16,6826.5,456,Delivered
Dennison Crosswaite,Baker's Choco Chips,India,2023-02-16,249.75,16,Delivered
Gunar Cockshoot,Fruit & Nut Bars,India,2023-02-16,8964.0,374,Delivered
Kaine Padly,Caramel Stuffed Bars,Australia,2023-02-16,4828.5,255,Delivered
Gigi Bohling,White Choc,USA,2023-02-16,7704.0,351,Delivered
Husein Augar,50% Dark Bites,UK,2023-02-16,6543.0,385,Delivered
Gunar Cockshoot,Mint Chip Choco,USA,2023-02-16,4797.0,437,Delivered
Jan Morforth,50% Dark Bites,India,2023-02-17,3561.75,210,Delivered
Roddy Speechley,Smooth Silky Salty,UK,2023-02-17,1408.5,202,Delivered
Beverie Moffet,Raspberry Choco,UK,2023-02-17,23107.5,2568,Delivered
Karlen McCaffrey,99% Dark & Pure,India,2023-02-17,7312.5,366,Delivered
Gigi Bohling,Raspberry Choco,India,2023-02-17,2520.0,420,Delivered
Gigi Bohling,50% Dark Bites,UK,2023-02-20,1863.0,85,Delivered
Andria Kimpton,Choco Coated Almonds,UK,2023-02-20,3480.75,249,Delivered
Madelene Upcott,Mint Chip Choco,Australia,2023-02-20,2430.0,174,Delivered
Brien Boise,Choco Coated Almonds,USA,2023-02-20,4320.0,309,Delivered
Madelene Upcott,After Nines,New Zealand,2023-02-20,6887.25,627,Delivered
Brien Boise,Choco Coated Almonds,UK,2023-02-20,3429.0,286,Delivered
Jehu Rudeforth,99% Dark & Pure,Canada,2023-02-20,5001.75,228,Delivered
Andria Kimpton,Manuka Honey Choco,UK,2023-02-20,7456.5,373,Delivered
Barr Faughny,99% Dark & Pure,UK,2023-02-20,7272.0,364,Delivered
Beverie Moffet,50% Dark Bites,UK,2023-02-20,3118.5,184,Delivered
Beverie Moffet,White Choc,India,2023-02-20,4878.0,196,Delivered
Roddy Speechley,Organic Choco Syrup,USA,2023-02-20,15455.25,736,Delivered
Beverie Moffet,Mint Chip Choco,India,2023-02-21,9765.0,888,Delivered
Marney O'Breen,Organic Choco Syrup,UK,2023-02-21,648.0,31,Delivered
Barr Faughny,Smooth Silky Salty,India,2023-02-21,13252.5,1894,Delivered
Karlen McCaffrey,Orange Choco,Australia,2023-02-21,7132.5,714,Delivered
Brien Boise,Raspberry Choco,India,2023-02-21,3233.25,324,Delivered
Madelene Upcott,Drinking Coco,USA,2023-02-21,5197.5,473,Delivered
Gunar Cockshoot,85% Dark Bars,Canada,2023-02-21,2576.25,118,Delivered
Roddy Speechley,White Choc,USA,2023-02-21,3903.75,186,Delivered
Van Tuxwell,Mint Chip Choco,USA,2023-02-22,2790.0,233,Delivered
Husein Augar,50% Dark Bites,USA,2023-02-22,1579.5,76,Delivered
Andria Kimpton,Manuka Honey Choco,Australia,2023-02-22,13990.5,737,Delivered
Camilla Castle,Baker's Choco Chips,USA,2023-02-22,9276.75,516,Delivered
Andria Kimpton,Fruit & Nut Bars,USA,2023-02-22,6131.25,256,Delivered
Dotty Strutley,Organic Choco Syrup,New Zealand,2023-02-22,2391.75,114,Delivered
Ches Bonnell,Organic Choco Syrup,UK,2023-02-22,11369.25,517,Delivered
Jan Morforth,Smooth Silky Salty,UK,2023-02-22,8311.5,1188,Delivered
Van Tuxwell,Choco Coated Almonds,India,2023-02-22,1984.5,199,Delivered
Van Tuxwell,Mint Chip Choco,UK,2023-02-22,5339.25,411,Delivered
Curtice Advani,Caramel Stuffed Bars,Australia,2023-02-22,10719.0,565,Delivered
Dotty Strutley,Smooth Silky Salty,India,2023-02-23,19014.75,2113,Delivered
Andria Kimpton,Eclairs,UK,2023-02-23,481.5,25,Delivered
Madelene Upcott,After Nines,Australia,2023-02-23,6075.0,434,Delivered
Marney O'Breen,Choco Coated Almonds,New Zealand,2023-02-23,4430.25,444,Delivered
Gunar Cockshoot,Raspberry Choco,UK,2023-02-23,2857.5,477,Delivered
Kelci Walkden,70% Dark Bites,UK,2023-02-23,9047.25,566,Delivered
Gunar Cockshoot,Eclairs,India,2023-02-23,2216.25,106,Delivered
Marney O'Breen,50% Dark Bites,UK,2023-02-23,10458.0,523,Delivered
Dennison Crosswaite,70% Dark Bites,UK,2023-02-23,139.5,8,Delivered
Gunar Cockshoot,Spicy Special Slims,UK,2023-02-23,4439.25,262,Delivered
Jan Morforth,Eclairs,USA,2023-02-24,5035.5,252,Delivered
Marney O'Breen,Spicy Special Slims,UK,2023-02-27,4878.0,305,Delivered
Kelci Walkden,Mint Chip Choco,Australia,2023-02-27,254.25,29,Delivered
Curtice Advani,50% Dark Bites,UK,2023-02-27,3638.25,192,Delivered
Gigi Bohling,Drinking Coco,USA,2023-02-27,5170.5,471,Delivered
Roddy Speechley,Manuka Honey Choco,Australia,2023-02-27,1705.5,78,Delivered
Roddy Speechley,99% Dark & Pure,India,2023-02-27,5814.0,265,Delivered
Gunar Cockshoot,Milk Bars,UK,2023-02-27,108.0,7,Delivered
Gunar Cockshoot,70% Dark Bites,USA,2023-02-27,2207.25,138,Delivered
Dotty Strutley,Smooth Silky Salty,Canada,2023-02-28,21780.0,2723,Delivered
Wilone O'Kielt,Peanut Butter Cubes,New Zealand,2023-02-28,4430.25,222,Delivered
Jehu Rudeforth,Spicy Special Slims,India,2023-02-28,11362.5,711,Delivered
Husein Augar,Raspberry Choco,India,2023-02-28,1536.75,154,Delivered
Madelene Upcott,Spicy Special Slims,UK,2023-02-28,3829.5,202,Delivered
Brien Boise,White Choc,New Zealand,2023-02-28,7407.0,297,Delivered
Curtice Advani,Organic Choco Syrup,India,2023-02-28,7654.5,426,Delivered
Dotty Strutley,Caramel Stuffed Bars,New Zealand,2023-02-28,4637.25,273,Delivered
Van Tuxwell,Drinking Coco,India,2023-02-28,5629.5,704,Cancelled
Jehu Rudeforth,99% Dark & Pure,India,2023-03-01,7677.0,384,Cancelled
Kelci Walkden,Peanut Butter Cubes,USA,2023-03-01,8282.25,436,Delivered
Gunar Cockshoot,Orange Choco,New Zealand,2023-03-01,5310.0,483,Delivered
Gunar Cockshoot,Eclairs,Australia,2023-03-01,3809.25,201,Delivered
Kaine Padly,Orange Choco,India,2023-03-01,6606.0,1101,Delivered
Gigi Bohling,Organic Choco Syrup,USA,2023-03-01,14829.75,742,Delivered
Gunar Cockshoot,Mint Chip Choco,Australia,2023-03-01,301.5,31,Delivered
Beverie Moffet,Smooth Silky Salty,UK,2023-03-01,2940.75,295,Delivered
Husein Augar,Eclairs,India,2023-03-01,1413.0,79,Delivered
Gunar Cockshoot,Eclairs,USA,2023-03-02,4680.0,213,Delivered
Camilla Castle,Peanut Butter Cubes,Canada,2023-03-02,9139.5,381,Delivered
Dotty Strutley,Baker's Choco Chips,New Zealand,2023-03-02,4473.0,264,Delivered
Oby Sorrel,Mint Chip Choco,USA,2023-03-02,7249.5,558,Delivered
Dotty Strutley,Mint Chip Choco,UK,2023-03-02,4909.5,546,Delivered
Barr Faughny,Raspberry Choco,USA,2023-03-02,1190.25,133,Delivered
Madelene Upcott,Peanut Butter Cubes,USA,2023-03-02,9733.5,424,Delivered
Gunar Cockshoot,Mint Chip Choco,India,2023-03-02,243.0,21,Delivered
Beverie Moffet,Peanut Butter Cubes,USA,2023-03-02,8124.75,407,Delivered
Wilone O'Kielt,Eclairs,New Zealand,2023-03-02,5364.0,244,Delivered
Mallorie Waber,Eclairs,Canada,2023-03-02,3685.5,176,Delivered
Curtice Advani,Orange Choco,UK,2023-03-02,6635.25,948,Delivered
Dennison Crosswaite,Manuka Honey Choco,UK,2023-03-02,7773.75,432,Delivered
Marney O'Breen,Choco Coated Almonds,India,2023-03-02,958.5,80,Delivered
Kelci Walkden,White Choc,Canada,2023-03-02,5258.25,220,Delivered
Brien Boise,Choco Coated Almonds,New Zealand,2023-03-03,7431.75,620,Cancelled
Wilone O'Kielt,Mint Chip Choco,USA,2023-03-03,2182.5,182,Delivered
Andria Kimpton,Almond Choco,UK,2023-03-03,9695.25,1212,Delivered
Curtice Advani,Organic Choco Syrup,Canada,2023-03-03,10712.25,536,Delivered
Karlen McCaffrey,Baker's Choco Chips,USA,2023-03-03,3375.0,178,Delivered
Gunar Cockshoot,Baker's Choco Chips,UK,2023-03-03,10332.0,517,Delivered
Kelci Walkden,99% Dark & Pure,Australia,2023-03-03,8109.0,353,Delivered
Gunar Cockshoot,Raspberry Choco,UK,2023-03-03,8518.5,852,Delivered
Gunar Cockshoot,99% Dark & Pure,UK,2023-03-03,729.0,39,Delivered
Ches Bonnell,Manuka Honey Choco,New Zealand,2023-03-03,2706.75,124,Delivered
Husein Augar,Almond Choco,New Zealand,2023-03-03,3260.25,272,Delivered
Van Tuxwell,Choco Coated Almonds,Canada,2023-03-03,5733.0,522,Delivered
Jehu Rudeforth,Raspberry Choco,Australia,2023-03-03,6882.75,689,Delivered
Kelci Walkden,Mint Chip Choco,UK,2023-03-03,5944.5,661,Delivered
Roddy Speechley,Manuka Honey Choco,Canada,2023-03-06,783.0,38,Delivered
Marney O'Breen,Choco Coated Almonds,UK,2023-03-06,8898.75,809,Delivered
Brien Boise,Drinking Coco,Canada,2023-03-06,5692.5,633,Delivered
Wilone O'Kielt,Fruit & Nut Bars,Australia,2023-03-06,3818.25,160,Delivered
Andria Kimpton,Eclairs,Australia,2023-03-06,1975.5,86,Delivered
Oby Sorrel,Baker's Choco Chips,New Zealand,2023-03-07,1734.75,87,Delivered
Madelene Upcott,99% Dark & Pure,New Zealand,2023-03-07,6066.0,304,Delivered
Kelci Walkden,Manuka Honey Choco,India,2023-03-07,9551.25,455,Delivered
Roddy Speechley,Smooth Silky Salty,India,2023-03-07,15138.0,2163,Delivered
Brien Boise,Mint Chip Choco,Australia,2023-03-07,1786.5,138,Delivered
Dotty Strutley,70% Dark Bites,New Zealand,2023-03-08,1705.5,90,Cancelled
Brien Boise,Eclairs,New Zealand,2023-03-08,3361.5,169,Delivered
Wilone O'Kielt,Peanut Butter Cubes,UK,2023-03-08,5580.0,243,Delivered
Barr Faughny,Choco Coated Almonds,Australia,2023-03-08,5294.25,442,Delivered
Husein Augar,Peanut Butter Cubes,Australia,2023-03-08,6680.25,304,Delivered
Andria Kimpton,99% Dark & Pure,UK,2023-03-08,5942.25,283,Delivered
Madelene Upcott,Smooth Silky Salty,UK,2023-03-08,2799.0,234,Delivered
Husein Augar,Raspberry Choco,Canada,2023-03-09,4986.0,998,Delivered
Madelene Upcott,Baker's Choco Chips,India,2023-03-09,7614.0,476,Delivered
Barr Faughny,99% Dark & Pure,UK,2023-03-09,9499.5,475,Delivered
Jan Morforth,Fruit & Nut Bars,USA,2023-03-09,1561.5,63,Delivered
Barr Faughny,99% Dark & Pure,Australia,2023-03-09,10053.0,438,Delivered
Marney O'Breen,Organic Choco Syrup,UK,2023-03-09,4590.0,242,Delivered
Barr Faughny,Drinking Coco,USA,2023-03-09,4898.25,409,Cancelled
Madelene Upcott,Manuka Honey Choco,Australia,2023-03-09,5580.0,279,Delivered
Madelene Upcott,Milk Bars,USA,2023-03-09,236.25,12,Cancelled
Ches Bonnell,70% Dark Bites,UK,2023-03-09,2479.5,138,Delivered
Curtice Advani,Caramel Stuffed Bars,Australia,2023-03-09,8961.75,528,Delivered
Van Tuxwell,Almond Choco,UK,2023-03-09,859.5,86,Delivered
Brien Boise,Smooth Silky Salty,USA,2023-03-09,10354.5,1151,Cancelled
Van Tuxwell,Eclairs,New Zealand,2023-03-09,249.75,11,Delivered
Gigi Bohling,Choco Coated Almonds,USA,2023-03-09,166.5,12,Delivered
Madelene Upcott,70% Dark Bites,USA,2023-03-09,5598.0,280,Delivered
Andria Kimpton,Drinking Coco,Canada,2023-03-10,6072.75,608,Delivered
Beverie Moffet,Choco Coated Almonds,Australia,2023-03-10,5593.5,509,Delivered
Brien Boise,Baker's Choco Chips,UK,2023-03-10,5530.5,326,Delivered
Camilla Castle,White Choc,USA,2023-03-10,5883.75,268,Delivered
Husein Augar,Peanut Butter Cubes,USA,2023-03-13,9506.25,433,Delivered
Beverie Moffet,Baker's Choco Chips,UK,2023-03-13,3253.5,181,Delivered
Beverie Moffet,Eclairs,USA,2023-03-13,5933.25,330,Delivered
Wilone O'Kielt,Baker's Choco Chips,UK,2023-03-13,3145.5,186,Cancelled
Marney O'Breen,Mint Chip Choco,New Zealand,2023-03-13,2166.75,241,Delivered
Andria Kimpton,Baker's Choco Chips,Canada,2023-03-13,9272.25,516,Delivered
Gigi Bohling,70% Dark Bites,UK,2023-03-13,4565.25,286,Delivered
Van Tuxwell,Raspberry Choco,USA,2023-03-14,4837.5,692,Delivered
Wilone O'Kielt,Spicy Special Slims,USA,2023-03-14,2571.75,129,Delivered
Husein Augar,Mint Chip Choco,UK,2023-03-14,1667.25,120,Delivered
Kelci Walkden,Choco Coated Almonds,UK,2023-03-14,4207.5,301,Delivered
Kelci Walkden,Eclairs,UK,2023-03-15,4835.25,211,Delivered
Andria Kimpton,50% Dark Bites,UK,2023-03-15,1892.25,106,Delivered
Barr Faughny,70% Dark Bites,USA,2023-03-15,7805.25,391,Cancelled
Barr Faughny,Choco Coated Almonds,UK,2023-03-15,7805.25,781,Delivered
Husein Augar,Organic Choco Syrup,India,2023-03-15,4554.0,228,Delivered
Van Tuxwell,Mint Chip Choco,UK,2023-03-15,3154.5,226,Delivered
Curtice Advani,Peanut Butter Cubes,USA,2023-03-16,3888.0,205,Delivered
Gunar Cockshoot,99% Dark & Pure,Australia,2023-03-16,9666.0,403,Delivered
Van Tuxwell,Orange Choco,Australia,2023-03-16,8923.5,1488,Delivered
Roddy Speechley,Organic Choco Syrup,USA,2023-03-16,7353.0,320,Delivered
Jehu Rudeforth,Peanut Butter Cubes,New Zealand,2023-03-16,3397.5,179,Delivered
Madelene Upcott,Organic Choco Syrup,Canada,2023-03-16,5274.0,240,Cancelled
Mallorie Waber,Peanut Butter Cubes,Australia,2023-03-16,7436.25,355,Delivered
Dotty Strutley,Fruit & Nut Bars,Canada,2023-03-16,10026.0,418,Delivered
Gunar Cockshoot,Organic Choco Syrup,UK,2023-03-16,670.5,34,Cancelled
Brien Boise,Drinking Coco,Canada,2023-03-16,6142.5,473,Delivered
Brien Boise,Peanut Butter Cubes,USA,2023-03-16,2506.5,105,Delivered
Mallorie Waber,White Choc,UK,2023-03-16,3838.5,160,Cancelled
Dotty Strutley,70% Dark Bites,USA,2023-03-16,1343.25,71,Delivered
Karlen McCaffrey,Eclairs,UK,2023-03-16,6284.25,286,Delivered
Dennison Crosswaite,70% Dark Bites,India,2023-03-16,2661.75,167,Delivered
Madelene Upcott,Orange Choco,USA,2023-03-16,16017.75,2289,Delivered
Husein Augar,Smooth Silky Salty,USA,2023-03-16,3505.5,351,Delivered
Curtice Advani,Orange Choco,New Zealand,2023-03-17,4509.0,752,Delivered
Gigi Bohling,Orange Choco,India,2023-03-17,5294.25,662,Delivered
Marney O'Breen,White Choc,UK,2023-03-17,6005.25,301,Delivered
Brien Boise,Baker's Choco Chips,UK,2023-03-17,7962.75,399,Delivered
Barr Faughny,Drinking Coco,India,2023-03-17,5595.75,622,Delivered
Rafaelita Blaksland,Fruit & Nut Bars,India,2023-03-17,3395.25,142,Delivered
Gigi Bohling,Raspberry Choco,Canada,2023-03-17,882.0,111,Delivered
Brien Boise,Eclairs,India,2023-03-17,3809.25,182,Delivered
Dotty Strutley,After Nines,UK,2023-03-17,5037.75,504,Delivered
Curtice Advani,70% Dark Bites,Canada,2023-03-17,2814.75,188,Delivered
Madelene Upcott,Almond Choco,UK,2023-03-20,3267.0,363,Delivered
Madelene Upcott,Fruit & Nut Bars,India,2023-03-20,9308.25,333,Delivered
Gunar Cockshoot,Organic Choco Syrup,Australia,2023-03-20,12872.25,678,Delivered
Roddy Speechley,85% Dark Bars,Canada,2023-03-20,10228.5,488,Delivered
Beverie Moffet,Orange Choco,UK,2023-03-20,6979.5,873,Delivered
Barr Faughny,Mint Chip Choco,New Zealand,2023-03-20,2200.5,170,Delivered
Gunar Cockshoot,Milk Bars,USA,2023-03-20,1125.0,67,Delivered
Roddy Speechley,50% Dark Bites,India,2023-03-20,4128.75,207,Delivered
Gunar Cockshoot,Spicy Special Slims,UK,2023-03-20,11668.5,778,Delivered
Barr Faughny,70% Dark Bites,UK,2023-03-21,2657.25,157,Delivered
Curtice Advani,Milk Bars,UK,2023-03-21,3111.75,184,Delivered
Roddy Speechley,Spicy Special Slims,USA,2023-03-21,3870.0,204,Delivered
Kelci Walkden,Eclairs,UK,2023-03-21,5112.0,244,Delivered
Karlen McCaffrey,Mint Chip Choco,India,2023-03-21,9342.0,935,Delivered
Madelene Upcott,Smooth Silky Salty,UK,2023-03-21,16557.75,1506,Delivered
Camilla Castle,70% Dark Bites,USA,2023-03-21,2011.5,135,Delivered
Kaine Padly,Peanut Butter Cubes,Canada,2023-03-22,8115.75,353,Delivered
Madelene Upcott,Peanut Butter Cubes,Canada,2023-03-22,7724.25,352,Delivered
Dotty Strutley,50% Dark Bites,UK,2023-03-22,848.25,48,Delivered
Brien Boise,Smooth Silky Salty,UK,2023-03-22,3705.75,337,Delivered
Dennison Crosswaite,Fruit & Nut Bars,Canada,2023-03-22,6453.0,259,Delivered
Van Tuxwell,Organic Choco Syrup,USA,2023-03-22,1505.25,76,Delivered
Brien Boise,Peanut Butter Cubes,UK,2023-03-22,4718.25,215,Delivered
Madelene Upcott,50% Dark Bites,UK,2023-03-22,5112.0,256,Delivered
Wilone O'Kielt,Choco Coated Almonds,Australia,2023-03-22,1903.5,174,Delivered
Van Tuxwell,Smooth Silky Salty,USA,2023-03-22,3523.5,504,Delivered
Husein Augar,Drinking Coco,India,2023-03-22,6072.75,507,Delivered
Curtice Advani,Eclairs,New Zealand,2023-03-23,1611.0,74,Delivered
Barr Faughny,Peanut Butter Cubes,UK,2023-03-23,5888.25,268,Delivered
Karlen McCaffrey,Peanut Butter Cubes,UK,2023-03-23,7420.5,372,Delivered
Brien Boise,Orange Choco,Australia,2023-03-23,4504.5,564,Delivered
Wilone O'Kielt,Drinking Coco,UK,2023-03-23,5195.25,520,Cancelled
Jehu Rudeforth,Spicy Special Slims,New Zealand,2023-03-23,16074.0,804,Delivered
Gigi Bohling,Mint Chip Choco,UK,2023-03-24,1833.75,142,Delivered
Dotty Strutley,85% Dark Bars,Canada,2023-03-24,10278.0,429,Delivered
Dotty Strutley,Smooth Silky Salty,Canada,2023-03-24,11792.25,1180,Delivered
Curtice Advani,Spicy Special Slims,Canada,2023-03-24,2718.0,136,Delivered
Brien Boise,Mint Chip Choco,India,2023-03-24,7544.25,581,Delivered
Gunar Cockshoot,Drinking Coco,Canada,2023-03-27,6050.25,466,Delivered
Barr Faughny,Eclairs,USA,2023-03-27,1854.0,98,Delivered
Madelene Upcott,Organic Choco Syrup,Canada,2023-03-27,9882.0,450,Cancelled
Beverie Moffet,Drinking Coco,UK,2023-03-27,5636.25,564,Delivered
Rafaelita Blaksland,99% Dark & Pure,Australia,2023-03-27,4367.25,190,Delivered
Barr Faughny,Peanut Butter Cubes,Canada,2023-03-27,5087.25,232,Delivered
Beverie Moffet,Smooth Silky Salty,Canada,2023-03-27,3813.75,318,Delivered
Marney O'Breen,Fruit & Nut Bars,UK,2023-03-27,1118.25,44,Delivered
Jehu Rudeforth,Choco Coated Almonds,USA,2023-03-28,704.25,65,Delivered
Kelci Walkden,70% Dark Bites,India,2023-03-28,2171.25,109,Delivered
Brien Boise,Smooth Silky Salty,India,2023-03-28,4644.0,423,Delivered
Roddy Speechley,Raspberry Choco,UK,2023-03-28,12190.5,1220,Delivered
Beverie Moffet,Mint Chip Choco,Australia,2023-03-28,2945.25,227,Delivered
Dennison Crosswaite,Choco Coated Almonds,New Zealand,2023-03-28,10404.0,694,Delivered
Gunar Cockshoot,70% Dark Bites,Canada,2023-03-29,5643.0,314,Delivered
Marney O'Breen,Eclairs,Canada,2023-03-29,4133.25,230,Cancelled
Gunar Cockshoot,70% Dark Bites,New Zealand,2023-03-29,6869.25,382,Delivered
Rafaelita Blaksland,Baker's Choco Chips,Canada,2023-03-29,191.25,12,Delivered
Andria Kimpton,Manuka Honey Choco,Australia,2023-03-29,6489.0,309,Delivered
Madelene Upcott,85% Dark Bars,New Zealand,2023-03-29,6149.25,280,Delivered
Dennison Crosswaite,Eclairs,India,2023-03-29,3750.75,188,Delivered
Kelci Walkden,70% Dark Bites,USA,2023-03-29,155.25,9,Delivered
Wilone O'Kielt,Baker's Choco Chips,USA,2023-03-30,4142.25,277,Delivered
Oby Sorrel,Organic Choco Syrup,USA,2023-03-30,14793.75,779,Delivered
Dotty Strutley,70% Dark Bites,UK,2023-03-31,8673.75,482,Delivered
Roddy Speechley,Spicy Special Slims,USA,2023-03-31,2205.0,130,Delivered
Kelci Walkden,Eclairs,India,2023-03-31,5868.0,256,Delivered
Van Tuxwell,Choco Coated Almonds,Canada,2023-03-31,1667.25,152,Delivered
Marney O'Breen,Manuka Honey Choco,India,2023-03-31,4963.5,276,Delivered
Beverie Moffet,Milk Bars,Canada,2023-03-31,1516.5,85,Cancelled
Roddy Speechley,Smooth Silky Salty,New Zealand,2023-03-31,6329.25,905,Delivered
Camilla Castle,50% Dark Bites,Australia,2023-03-31,7438.5,414,Delivered
Jan Morforth,50% Dark Bites,USA,2023-03-31,2967.75,157,Delivered
Gunar Cockshoot,Raspberry Choco,New Zealand,2023-03-31,3195.0,320,Delivered
Husein Augar,Drinking Coco,USA,2023-03-31,5204.25,521,Delivered
Curtice Advani,Raspberry Choco,USA,2023-03-31,553.5,80,Delivered
Andria Kimpton,70% Dark Bites,New Zealand,2023-03-31,5116.5,342,Delivered
Husein Augar,Choco Coated Almonds,India,2023-03-31,6480.0,463,Delivered
Marney O'Breen,Mint Chip Choco,Australia,2023-03-31,92.25,7,Delivered
Wilone O'Kielt,85% Dark Bars,India,2023-04-03,3843.0,183,Delivered
Dennison Crosswaite,50% Dark Bites,Canada,2023-04-03,11011.5,580,Delivered
Beverie Moffet,Almond Choco,Australia,2023-04-03,13547.25,1355,Delivered
Andria Kimpton,Milk Bars,India,2023-04-03,5031.0,296,Delivered
Andria Kimpton,Orange Choco,Australia,2023-04-03,445.5,50,Delivered
Roddy Speechley,70% Dark Bites,India,2023-04-03,2121.75,118,Delivered
Ches Bonnell,Orange Choco,New Zealand,2023-04-03,2040.75,227,Delivered
Kelci Walkden,Baker's Choco Chips,Australia,2023-04-03,5859.0,293,Delivered
Kelci Walkden,70% Dark Bites,Australia,2023-04-03,5143.5,322,Delivered
Curtice Advani,After Nines,Canada,2023-04-03,6473.25,648,Delivered
Gigi Bohling,Orange Choco,Australia,2023-04-03,11272.5,1025,Delivered
Rafaelita Blaksland,Baker's Choco Chips,India,2023-04-03,6837.75,342,Cancelled
Dotty Strutley,White Choc,Australia,2023-04-03,4212.0,169,Delivered
Ches Bonnell,Manuka Honey Choco,Australia,2023-04-03,3548.25,162,Delivered
Curtice Advani,85% Dark Bars,Australia,2023-04-03,7492.5,326,Delivered
Jan Morforth,Eclairs,New Zealand,2023-04-03,7497.0,375,Delivered
Dennison Crosswaite,Eclairs,UK,2023-04-03,4605.75,220,Delivered
Karlen McCaffrey,70% Dark Bites,USA,2023-04-03,4299.75,215,Delivered
Andria Kimpton,70% Dark Bites,Australia,2023-04-03,3294.0,194,Delivered
Dotty Strutley,Drinking Coco,Australia,2023-04-03,5256.0,657,Delivered
Andria Kimpton,Mint Chip Choco,UK,2023-04-04,596.25,55,Delivered
Barr Faughny,Spicy Special Slims,USA,2023-04-04,2934.0,196,Delivered
Gunar Cockshoot,Choco Coated Almonds,India,2023-04-04,5976.0,427,Cancelled
Oby Sorrel,Organic Choco Syrup,UK,2023-04-04,3942.0,188,Delivered
Brien Boise,Raspberry Choco,USA,2023-04-04,90.0,12,Delivered
Beverie Moffet,Fruit & Nut Bars,India,2023-04-04,8370.0,335,Delivered
Dotty Strutley,Caramel Stuffed Bars,USA,2023-04-04,254.25,14,Delivered
Karlen McCaffrey,50% Dark Bites,UK,2023-04-04,8032.5,402,Delivered
Barr Faughny,Choco Coated Almonds,Canada,2023-04-05,2902.5,264,Delivered
Beverie Moffet,85% Dark Bars,USA,2023-04-05,10446.75,402,Delivered
Barr Faughny,Peanut Butter Cubes,USA,2023-04-05,6579.0,287,Delivered
Brien Boise,Choco Coated Almonds,India,2023-04-06,4628.25,331,Delivered
Karlen McCaffrey,Baker's Choco Chips,USA,2023-04-06,5136.75,257,Delivered
Ches Bonnell,Smooth Silky Salty,UK,2023-04-06,834.75,93,Delivered
Husein Augar,Eclairs,UK,2023-04-06,4515.75,251,Delivered
Brien Boise,Eclairs,India,2023-04-06,749.25,42,Delivered
Dennison Crosswaite,Fruit & Nut Bars,India,2023-04-06,11592.0,414,Delivered
Van Tuxwell,99% Dark & Pure,USA,2023-04-06,4286.25,215,Delivered
Wilone O'Kielt,Choco Coated Almonds,UK,2023-04-06,7537.5,539,Cancelled
Gunar Cockshoot,70% Dark Bites,Canada,2023-04-06,4092.75,205,Delivered
Madelene Upcott,Drinking Coco,USA,2023-04-06,4938.75,549,Delivered
Ches Bonnell,Baker's Choco Chips,Canada,2023-04-07,6270.75,419,Delivered
Andria Kimpton,Almond Choco,USA,2023-04-07,5517.0,613,Delivered
Dotty Strutley,Organic Choco Syrup,Canada,2023-04-07,12233.25,644,Delivered
Dotty Strutley,Organic Choco Syrup,New Zealand,2023-04-07,12647.25,633,Delivered
Dotty Strutley,Caramel Stuffed Bars,Canada,2023-04-07,231.75,13,Delivered
Andria Kimpton,Smooth Silky Salty,UK,2023-04-07,2306.25,289,Delivered
Karlen McCaffrey,Mint Chip Choco,UK,2023-04-07,753.75,76,Delivered
Jehu Rudeforth,Drinking Coco,UK,2023-04-07,6682.5,743,Delivered
Oby Sorrel,50% Dark Bites,India,2023-04-07,11013.75,525,Delivered
Mallorie Waber,Manuka Honey Choco,India,2023-04-07,456.75,25,Delivered
Karlen McCaffrey,Manuka Honey Choco,Australia,2023-04-07,1062.0,56,Delivered
Rafaelita Blaksland,Drinking Coco,Canada,2023-04-07,4968.0,414,Delivered
Curtice Advani,Orange Choco,USA,2023-04-07,10154.25,924,Delivered
Rafaelita Blaksland,Almond Choco,Canada,2023-04-07,3350.25,305,Delivered
Dennison Crosswaite,Drinking Coco,New Zealand,2023-04-07,5577.75,465,Delivered
Dotty Strutley,85% Dark Bars,Canada,2023-04-07,3620.25,145,Delivered
Beverie Moffet,Mint Chip Choco,USA,2023-04-07,8743.5,729,Delivered
Curtice Advani,Raspberry Choco,UK,2023-04-07,4756.5,793,Delivered
Brien Boise,50% Dark Bites,UK,2023-04-07,2907.0,146,Delivered
Marney O'Breen,Peanut Butter Cubes,UK,2023-04-07,5564.25,265,Delivered
Wilone O'Kielt,50% Dark Bites,UK,2023-04-10,297.0,16,Delivered
Mallorie Waber,70% Dark Bites,New Zealand,2023-04-10,1824.75,102,Delivered
Brien Boise,Milk Bars,India,2023-04-10,9857.25,493,Delivered
Beverie Moffet,Milk Bars,USA,2023-04-10,2436.75,129,Delivered
Brien Boise,Smooth Silky Salty,India,2023-04-11,16760.25,2395,Delivered
Andria Kimpton,Spicy Special Slims,Australia,2023-04-11,7634.25,425,Delivered
Curtice Advani,Choco Coated Almonds,India,2023-04-11,11216.25,802,Delivered
Beverie Moffet,70% Dark Bites,USA,2023-04-11,12224.25,720,Delivered
Rafaelita Blaksland,Eclairs,UK,2023-04-11,2598.75,145,Delivered
Dotty Strutley,Mint Chip Choco,UK,2023-04-11,3044.25,339,Delivered
Brien Boise,Orange Choco,USA,2023-04-11,643.5,92,Delivered
Van Tuxwell,Baker's Choco Chips,USA,2023-04-12,7659.0,383,Delivered
Oby Sorrel,Almond Choco,USA,2023-04-12,1865.25,156,Delivered
Gunar Cockshoot,Manuka Honey Choco,Australia,2023-04-12,8525.25,427,Delivered
Curtice Advani,Peanut Butter Cubes,Canada,2023-04-12,3368.25,178,Delivered
Brien Boise,99% Dark & Pure,USA,2023-04-12,10635.75,507,Delivered
Marney O'Breen,Baker's Choco Chips,USA,2023-04-12,3091.5,182,Delivered
Barr Faughny,Eclairs,Australia,2023-04-12,218.25,11,Delivered
Marney O'Breen,50% Dark Bites,UK,2023-04-12,2769.75,163,Delivered
Andria Kimpton,70% Dark Bites,Canada,2023-04-12,2247.75,113,Delivered
Jehu Rudeforth,Mint Chip Choco,UK,2023-04-13,5564.25,464,Delivered
Oby Sorrel,Orange Choco,USA,2023-04-13,10863.0,1207,Delivered
Kelci Walkden,Eclairs,India,2023-04-13,726.75,37,Delivered
Marney O'Breen,Baker's Choco Chips,UK,2023-04-13,3982.5,249,Delivered
Brien Boise,Choco Coated Almonds,USA,2023-04-13,6219.0,622,Delivered
Ches Bonnell,Almond Choco,India,2023-04-13,6603.75,551,Delivered
Andria Kimpton,Baker's Choco Chips,Canada,2023-04-13,6921.0,408,Delivered
Jehu Rudeforth,Orange Choco,Canada,2023-04-13,5985.0,545,Delivered
Ches Bonnell,85% Dark Bars,Australia,2023-04-13,12980.25,500,Delivered
Oby Sorrel,70% Dark Bites,UK,2023-04-13,2119.5,106,Delivered
Karlen McCaffrey,Peanut Butter Cubes,UK,2023-04-13,8066.25,367,Delivered
Rafaelita Blaksland,Organic Choco Syrup,New Zealand,2023-04-13,19568.25,932,Delivered
Jehu Rudeforth,99% Dark & Pure,Australia,2023-04-13,4954.5,226,Delivered
Dennison Crosswaite,Spicy Special Slims,UK,2023-04-13,7814.25,391,Delivered
Barr Faughny,85% Dark Bars,New Zealand,2023-04-13,1577.25,66,Delivered
Curtice Advani,Choco Coated Almonds,UK,2023-04-13,1086.75,78,Delivered
Dotty Strutley,99% Dark & Pure,USA,2023-04-13,317.25,16,Delivered
Dotty Strutley,Choco Coated Almonds,India,2023-04-13,5442.75,454,Delivered
Dotty Strutley,Peanut Butter Cubes,India,2023-04-14,7600.5,381,Delivered
Beverie Moffet,50% Dark Bites,USA,2023-04-14,5955.75,284,Delivered
Wilone O'Kielt,Mint Chip Choco,UK,2023-04-14,7047.0,641,Cancelled
Rafaelita Blaksland,Drinking Coco,USA,2023-04-14,5303.25,483,Delivered
Kelci Walkden,Mint Chip Choco,Australia,2023-04-14,1008.0,72,Delivered
Beverie Moffet,Baker's Choco Chips,India,2023-04-14,4227.75,235,Delivered
Madelene Upcott,99% Dark & Pure,Australia,2023-04-14,6111.0,255,Delivered
Barr Faughny,70% Dark Bites,USA,2023-04-14,7233.75,483,Delivered
Curtice Advani,85% Dark Bars,India,2023-04-14,4914.0,189,Delivered
Kelci Walkden,Eclairs,India,2023-04-17,4671.0,204,Delivered
Jehu Rudeforth,Smooth Silky Salty,New Zealand,2023-04-17,3766.5,343,Delivered
Marney O'Breen,Drinking Coco,New Zealand,2023-04-17,5908.5,455,Delivered
Madelene Upcott,Smooth Silky Salty,UK,2023-04-17,1030.5,148,Delivered
Barr Faughny,Mint Chip Choco,USA,2023-04-17,1077.75,77,Delivered
Marney O'Breen,Spicy Special Slims,USA,2023-04-17,8451.0,529,Delivered
Brien Boise,Raspberry Choco,Canada,2023-04-17,3071.25,384,Delivered
Madelene Upcott,Manuka Honey Choco,UK,2023-04-17,1370.25,63,Delivered
Dotty Strutley,99% Dark & Pure,Canada,2023-04-17,7049.25,353,Delivered
Brien Boise,70% Dark Bites,India,2023-04-17,14067.0,741,Delivered
Marney O'Breen,70% Dark Bites,India,2023-04-17,2076.75,110,Delivered
Dotty Strutley,70% Dark Bites,New Zealand,2023-04-17,8034.75,402,Delivered
Ches Bonnell,Mint Chip Choco,UK,2023-04-17,792.0,57,Delivered
Gunar Cockshoot,Raspberry Choco,New Zealand,2023-04-17,157.5,18,Delivered
Dotty Strutley,Fruit & Nut Bars,New Zealand,2023-04-17,10233.0,394,Delivered
Madelene Upcott,After Nines,Australia,2023-04-17,6259.5,418,Delivered
Beverie Moffet,99% Dark & Pure,Canada,2023-04-18,6718.5,336,Delivered
Kelci Walkden,White Choc,UK,2023-04-18,5645.25,236,Delivered
Husein Augar,Drinking Coco,New Zealand,2023-04-18,4938.75,494,Delivered
Camilla Castle,Peanut Butter Cubes,UK,2023-04-18,7148.25,325,Delivered
Wilone O'Kielt,Orange Choco,India,2023-04-18,1971.0,282,Delivered
Mallorie Waber,Eclairs,Australia,2023-04-18,9393.75,448,Delivered
Dennison Crosswaite,Fruit & Nut Bars,UK,2023-04-18,4799.25,209,Delivered
Wilone O'Kielt,Eclairs,New Zealand,2023-04-18,6880.5,383,Delivered
Kelci Walkden,Orange Choco,Australia,2023-04-18,12044.25,1721,Delivered
Andria Kimpton,70% Dark Bites,New Zealand,2023-04-18,3060.0,204,Cancelled
Jehu Rudeforth,Fruit & Nut Bars,Canada,2023-04-18,1705.5,64,Delivered
Roddy Speechley,70% Dark Bites,Canada,2023-04-18,3078.0,154,Delivered
Gigi Bohling,Orange Choco,India,2023-04-18,12818.25,2137,Delivered
Beverie Moffet,Baker's Choco Chips,UK,2023-04-19,9294.75,581,Delivered
Ches Bonnell,Smooth Silky Salty,Canada,2023-04-19,5998.5,546,Delivered
Andria Kimpton,Drinking Coco,USA,2023-04-19,5139.0,571,Delivered
Beverie Moffet,Smooth Silky Salty,UK,2023-04-19,6140.25,615,Delivered
Camilla Castle,99% Dark & Pure,UK,2023-04-19,7141.5,298,Delivered
Wilone O'Kielt,Mint Chip Choco,USA,2023-04-19,8826.75,883,Delivered
Wilone O'Kielt,Peanut Butter Cubes,India,2023-04-19,6376.5,336,Delivered
Madelene Upcott,Choco Coated Almonds,New Zealand,2023-04-19,5620.5,375,Cancelled
Van Tuxwell,Choco Coated Almonds,UK,2023-04-19,1460.25,98,Delivered
Brien Boise,Fruit & Nut Bars,UK,2023-04-19,14145.75,616,Delivered
Gigi Bohling,Drinking Coco,Canada,2023-04-19,5645.25,565,Delivered
Kelci Walkden,Organic Choco Syrup,UK,2023-04-19,18074.25,861,Delivered
Gigi Bohling,Mint Chip Choco,USA,2023-04-19,4745.25,339,Delivered
Curtice Advani,Spicy Special Slims,India,2023-04-19,3604.5,190,Delivered
Gunar Cockshoot,Spicy Special Slims,New Zealand,2023-04-19,11567.25,609,Delivered
Dotty Strutley,Fruit & Nut Bars,Canada,2023-04-19,4594.5,200,Delivered
Oby Sorrel,Drinking Coco,UK,2023-04-19,5521.5,614,Cancelled
Roddy Speechley,Smooth Silky Salty,UK,2023-04-19,5073.75,423,Delivered
Dotty Strutley,Drinking Coco,UK,2023-04-19,5145.75,572,Delivered
Marney O'Breen,Milk Bars,India,2023-04-19,10847.25,639,Delivered
Madelene Upcott,Organic Choco Syrup,Australia,2023-04-19,17001.0,740,Cancelled
Roddy Speechley,70% Dark Bites,UK,2023-04-19,2193.75,147,Delivered
Husein Augar,50% Dark Bites,New Zealand,2023-04-19,6288.75,286,Delivered
Kaine Padly,Manuka Honey Choco,USA,2023-04-19,1626.75,78,Delivered
Curtice Advani,Fruit & Nut Bars,New Zealand,2023-04-19,5508.0,230,Delivered
Kelci Walkden,Organic Choco Syrup,UK,2023-04-20,15196.5,724,Delivered
Husein Augar,Organic Choco Syrup,USA,2023-04-20,2279.25,109,Delivered
Beverie Moffet,Almond Choco,Canada,2023-04-20,9139.5,914,Delivered
Ches Bonnell,70% Dark Bites,Canada,2023-04-20,508.5,29,Delivered
Jan Morforth,Smooth Silky Salty,Canada,2023-04-20,3307.5,301,Delivered
Roddy Speechley,Spicy Special Slims,USA,2023-04-20,1734.75,116,Delivered
Andria Kimpton,Baker's Choco Chips,India,2023-04-20,7080.75,394,Delivered
Beverie Moffet,Choco Coated Almonds,Canada,2023-04-20,443.25,37,Cancelled
Gunar Cockshoot,Drinking Coco,India,2023-04-21,5694.75,475,Delivered
Curtice Advani,Drinking Coco,India,2023-04-21,5649.75,707,Delivered
Madelene Upcott,Mint Chip Choco,New Zealand,2023-04-21,7488.0,624,Delivered
Husein Augar,70% Dark Bites,USA,2023-04-21,3460.5,204,Delivered
Ches Bonnell,70% Dark Bites,New Zealand,2023-04-21,6770.25,339,Delivered
Gigi Bohling,Organic Choco Syrup,UK,2023-04-24,4380.75,244,Delivered
Dotty Strutley,Mint Chip Choco,Canada,2023-04-24,1251.0,90,Delivered
Brien Boise,Orange Choco,New Zealand,2023-04-24,9371.25,1172,Delivered
Andria Kimpton,Peanut Butter Cubes,USA,2023-04-24,6966.0,367,Delivered
Curtice Advani,Mint Chip Choco,UK,2023-04-24,3429.0,264,Delivered
Wilone O'Kielt,50% Dark Bites,Australia,2023-04-24,2097.0,124,Delivered
Dotty Strutley,Spicy Special Slims,USA,2023-04-24,8748.0,515,Cancelled
Gigi Bohling,Drinking Coco,UK,2023-04-24,5701.5,519,Delivered
Gigi Bohling,70% Dark Bites,UK,2023-04-24,5251.5,351,Delivered
Marney O'Breen,70% Dark Bites,India,2023-04-24,7485.75,375,Delivered
Brien Boise,70% Dark Bites,Canada,2023-04-24,2756.25,146,Delivered
Curtice Advani,Smooth Silky Salty,Canada,2023-04-24,798.75,80,Delivered
Camilla Castle,50% Dark Bites,UK,2023-04-24,398.25,24,Delivered
Barr Faughny,85% Dark Bars,UK,2023-04-24,5107.5,205,Delivered
Beverie Moffet,Almond Choco,India,2023-04-25,2745.0,212,Delivered
Madelene Upcott,Smooth Silky Salty,USA,2023-04-25,4875.75,542,Delivered
Wilone O'Kielt,White Choc,UK,2023-04-25,5874.75,268,Delivered
Jehu Rudeforth,Mint Chip Choco,USA,2023-04-25,612.0,51,Delivered
Marney O'Breen,Drinking Coco,New Zealand,2023-04-25,4803.75,481,Delivered
Beverie Moffet,70% Dark Bites,USA,2023-04-25,1732.5,109,Delivered
Gunar Cockshoot,Organic Choco Syrup,India,2023-04-25,5665.5,270,Delivered
Husein Augar,Fruit & Nut Bars,UK,2023-04-25,9470.25,412,Delivered
Dotty Strutley,70% Dark Bites,UK,2023-04-25,3339.0,197,Delivered
Gunar Cockshoot,Drinking Coco,USA,2023-04-25,5215.5,522,Delivered
Roddy Speechley,70% Dark Bites,Canada,2023-04-25,7395.75,463,Delivered
Wilone O'Kielt,Organic Choco Syrup,UK,2023-04-25,10381.5,472,Delivered
Wilone O'Kielt,Caramel Stuffed Bars,USA,2023-04-25,4772.25,228,Delivered
Barr Faughny,Raspberry Choco,Canada,2023-04-25,7497.0,750,Delivered
Jehu Rudeforth,Organic Choco Syrup,USA,2023-04-25,19077.75,909,Delivered
Van Tuxwell,Baker's Choco Chips,UK,2023-04-25,10014.75,501,Delivered
Husein Augar,Manuka Honey Choco,USA,2023-04-25,1435.5,69,Delivered
Andria Kimpton,Milk Bars,USA,2023-04-25,1194.75,57,Delivered
Marney O'Breen,Drinking Coco,New Zealand,2023-04-25,6041.25,756,Delivered
Van Tuxwell,White Choc,UK,2023-04-26,7987.5,381,Delivered
Curtice Advani,99% Dark & Pure,USA,2023-04-26,10860.75,494,Delivered
Gigi Bohling,Organic Choco Syrup,USA,2023-04-26,1887.75,86,Delivered
Dotty Strutley,Peanut Butter Cubes,USA,2023-04-26,1284.75,62,Cancelled
Barr Faughny,Smooth Silky Salty,USA,2023-04-26,211.5,27,Delivered
Kaine Padly,Drinking Coco,Australia,2023-04-26,6185.25,619,Delivered
Jehu Rudeforth,50% Dark Bites,USA,2023-04-26,5445.0,248,Delivered
Kelci Walkden,Smooth Silky Salty,UK,2023-04-26,3528.0,294,Delivered
Jan Morforth,Smooth Silky Salty,India,2023-04-26,839.25,77,Delivered
Andria Kimpton,Smooth Silky Salty,USA,2023-04-26,10577.25,882,Delivered
Kelci Walkden,50% Dark Bites,UK,2023-04-26,4396.5,245,Delivered
Andria Kimpton,Eclairs,India,2023-04-27,551.25,31,Delivered
Van Tuxwell,Choco Coated Almonds,Australia,2023-04-27,3687.75,336,Delivered
Roddy Speechley,Peanut Butter Cubes,UK,2023-04-27,9335.25,467,Delivered
Barr Faughny,Milk Bars,UK,2023-04-27,492.75,23,Delivered
Marney O'Breen,Almond Choco,UK,2023-04-27,8979.75,749,Delivered
Gunar Cockshoot,Baker's Choco Chips,UK,2023-04-27,229.5,15,Delivered
Brien Boise,Drinking Coco,UK,2023-04-27,5742.0,442,Delivered
Beverie Moffet,Almond Choco,India,2023-04-27,3980.25,307,Delivered
Barr Faughny,Spicy Special Slims,USA,2023-04-27,3505.5,220,Delivered
Kelci Walkden,Baker's Choco Chips,USA,2023-04-27,805.5,48,Delivered
Gigi Bohling,Drinking Coco,Canada,2023-04-27,5694.75,518,Delivered
Jan Morforth,Mint Chip Choco,Australia,2023-04-27,342.0,38,Delivered
Husein Augar,Baker's Choco Chips,USA,2023-04-27,6540.75,328,Delivered
Husein Augar,Peanut Butter Cubes,UK,2023-04-27,3512.25,147,Delivered
Ches Bonnell,Organic Choco Syrup,Australia,2023-04-27,6927.75,385,Delivered
Jehu Rudeforth,85% Dark Bars,USA,2023-04-27,2677.5,117,Delivered
Beverie Moffet,Orange Choco,New Zealand,2023-04-27,9351.0,1169,Delivered
Kelci Walkden,Choco Coated Almonds,UK,2023-04-27,9060.75,697,Delivered
Wilone O'Kielt,Organic Choco Syrup,UK,2023-04-28,13864.5,631,Delivered
Kelci Walkden,Peanut Butter Cubes,New Zealand,2023-04-28,8059.5,351,Delivered
Brien Boise,85% Dark Bars,USA,2023-04-28,1514.25,64,Delivered
Gunar Cockshoot,Choco Coated Almonds,UK,2023-04-28,171.0,14,Delivered
Kelci Walkden,Peanut Butter Cubes,India,2023-04-28,7508.25,396,Delivered
Dennison Crosswaite,Organic Choco Syrup,UK,2023-04-28,382.5,21,Delivered
Oby Sorrel,Raspberry Choco,India,2023-04-28,8165.25,908,Delivered
Madelene Upcott,Organic Choco Syrup,UK,2023-04-28,16884.0,938,Delivered
Gunar Cockshoot,Baker's Choco Chips,UK,2023-04-28,4801.5,321,Delivered
Jehu Rudeforth,Peanut Butter Cubes,UK,2023-04-28,7825.5,412,Delivered
Rafaelita Blaksland,After Nines,UK,2023-04-28,8844.75,632,Delivered
Brien Boise,Choco Coated Almonds,Australia,2023-05-01,2175.75,182,Delivered
Madelene Upcott,Organic Choco Syrup,Canada,2023-05-02,2137.5,107,Delivered
Madelene Upcott,Orange Choco,India,2023-05-02,18533.25,1854,Delivered
Dotty Strutley,Choco Coated Almonds,UK,2023-05-02,9204.75,658,Delivered
Kelci Walkden,85% Dark Bars,Australia,2023-05-02,2643.75,102,Delivered
Beverie Moffet,Eclairs,India,2023-05-02,6405.75,306,Delivered
Dotty Strutley,Choco Coated Almonds,UK,2023-05-02,5427.0,362,Delivered
Gigi Bohling,Almond Choco,New Zealand,2023-05-02,8829.0,883,Delivered
Kelci Walkden,Drinking Coco,USA,2023-05-03,5582.25,430,Delivered
Oby Sorrel,Orange Choco,New Zealand,2023-05-03,1602.0,229,Delivered
Madelene Upcott,Smooth Silky Salty,USA,2023-05-03,5789.25,724,Delivered
Barr Faughny,Choco Coated Almonds,UK,2023-05-03,5888.25,491,Delivered
Wilone O'Kielt,Eclairs,Australia,2023-05-03,3559.5,155,Delivered
Husein Augar,Orange Choco,USA,2023-05-03,12539.25,2090,Delivered
Gigi Bohling,Fruit & Nut Bars,USA,2023-05-03,9211.5,342,Delivered
Beverie Moffet,Orange Choco,UK,2023-05-03,13698.0,2283,Delivered
Brien Boise,Milk Bars,Australia,2023-05-03,1876.5,99,Delivered
Marney O'Breen,Manuka Honey Choco,India,2023-05-03,10289.25,468,Delivered
Andria Kimpton,Peanut Butter Cubes,India,2023-05-03,8403.75,382,Delivered
Van Tuxwell,Choco Coated Almonds,New Zealand,2023-05-03,2054.25,137,Delivered
Husein Augar,99% Dark & Pure,New Zealand,2023-05-03,8777.25,418,Delivered
Brien Boise,After Nines,USA,2023-05-03,4394.25,440,Cancelled
Karlen McCaffrey,Drinking Coco,UK,2023-05-03,4900.5,545,Delivered
Gigi Bohling,Peanut Butter Cubes,Australia,2023-05-03,8145.0,429,Delivered
Karlen McCaffrey,Mint Chip Choco,Canada,2023-05-03,5771.25,578,Delivered
Barr Faughny,Orange Choco,New Zealand,2023-05-03,472.5,48,Delivered
Madelene Upcott,70% Dark Bites,UK,2023-05-03,4236.75,236,Delivered
Jehu Rudeforth,Raspberry Choco,UK,2023-05-03,1534.5,220,Delivered
Andria Kimpton,Raspberry Choco,New Zealand,2023-05-03,900.0,180,Delivered
Dotty Strutley,Smooth Silky Salty,India,2023-05-03,9200.25,837,Delivered
Kelci Walkden,70% Dark Bites,USA,2023-05-03,668.25,36,Delivered
Curtice Advani,Choco Coated Almonds,USA,2023-05-04,11828.25,1183,Delivered
Barr Faughny,Mint Chip Choco,USA,2023-05-04,4011.75,365,Delivered
Andria Kimpton,Raspberry Choco,USA,2023-05-04,3321.0,416,Delivered
Roddy Speechley,50% Dark Bites,UK,2023-05-04,1176.75,59,Delivered
Husein Augar,Peanut Butter Cubes,UK,2023-05-04,4061.25,204,Delivered
Dotty Strutley,99% Dark & Pure,Canada,2023-05-04,5618.25,268,Delivered
Rafaelita Blaksland,Spicy Special Slims,Canada,2023-05-04,3591.0,189,Delivered
Jehu Rudeforth,Peanut Butter Cubes,Australia,2023-05-04,5517.0,240,Delivered
Gigi Bohling,Orange Choco,India,2023-05-04,10100.25,1263,Delivered
Brien Boise,Organic Choco Syrup,UK,2023-05-04,2475.0,131,Delivered
Dotty Strutley,Organic Choco Syrup,India,2023-05-04,3739.5,179,Delivered
Ches Bonnell,Manuka Honey Choco,New Zealand,2023-05-04,4275.0,214,Delivered
Dotty Strutley,Manuka Honey Choco,New Zealand,2023-05-04,1431.0,80,Delivered
Madelene Upcott,Eclairs,UK,2023-05-04,1487.25,83,Delivered
Jan Morforth,Choco Coated Almonds,Australia,2023-05-05,6300.0,525,Delivered
Van Tuxwell,Drinking Coco,India,2023-05-05,5150.25,397,Delivered
Marney O'Breen,85% Dark Bars,UK,2023-05-05,3057.75,128,Delivered
Madelene Upcott,Drinking Coco,Australia,2023-05-05,5310.0,531,Delivered
Wilone O'Kielt,Baker's Choco Chips,UK,2023-05-05,261.0,17,Cancelled
Gunar Cockshoot,Raspberry Choco,USA,2023-05-05,3280.5,469,Cancelled
Jehu Rudeforth,Peanut Butter Cubes,UK,2023-05-05,6086.25,265,Delivered
Madelene Upcott,Baker's Choco Chips,USA,2023-05-08,5042.25,337,Delivered
Dotty Strutley,Mint Chip Choco,India,2023-05-08,2612.25,201,Delivered
Wilone O'Kielt,Smooth Silky Salty,Canada,2023-05-08,9702.0,1078,Delivered
Dennison Crosswaite,Smooth Silky Salty,Australia,2023-05-08,9598.5,1067,Delivered
Madelene Upcott,99% Dark & Pure,UK,2023-05-08,3285.0,157,Cancelled
Gunar Cockshoot,Fruit & Nut Bars,USA,2023-05-08,7503.75,327,Delivered
Van Tuxwell,Manuka Honey Choco,UK,2023-05-08,1361.25,60,Delivered
Brien Boise,Eclairs,USA,2023-05-08,3273.75,156,Delivered
Kelci Walkden,Choco Coated Almonds,India,2023-05-08,4083.75,315,Delivered
Jan Morforth,Choco Coated Almonds,New Zealand,2023-05-08,864.0,72,Delivered
Oby Sorrel,Spicy Special Slims,USA,2023-05-08,3075.75,206,Delivered
Andria Kimpton,Manuka Honey Choco,New Zealand,2023-05-08,2675.25,128,Delivered
Jan Morforth,85% Dark Bars,UK,2023-05-08,2774.25,121,Delivered
Marney O'Breen,Spicy Special Slims,UK,2023-05-08,7134.75,397,Delivered
Van Tuxwell,Raspberry Choco,USA,2023-05-08,12429.0,2072,Delivered
Wilone O'Kielt,99% Dark & Pure,Canada,2023-05-08,7431.75,372,Delivered
Husein Augar,Raspberry Choco,USA,2023-05-09,4198.5,467,Delivered
Ches Bonnell,Milk Bars,UK,2023-05-09,3728.25,197,Delivered
Beverie Moffet,99% Dark & Pure,Canada,2023-05-09,10633.5,484,Delivered
Ches Bonnell,Spicy Special Slims,USA,2023-05-09,4871.25,305,Delivered
Marney O'Breen,Almond Choco,Canada,2023-05-09,5368.5,537,Delivered
Van Tuxwell,Almond Choco,USA,2023-05-09,6851.25,623,Delivered
Van Tuxwell,Smooth Silky Salty,Canada,2023-05-10,7944.75,1135,Delivered
Husein Augar,70% Dark Bites,UK,2023-05-10,537.75,34,Delivered
Gunar Cockshoot,Choco Coated Almonds,New Zealand,2023-05-10,10433.25,803,Delivered
Ches Bonnell,50% Dark Bites,USA,2023-05-10,12694.5,605,Delivered
Ches Bonnell,Raspberry Choco,Australia,2023-05-10,7674.75,853,Delivered
Dotty Strutley,Peanut Butter Cubes,USA,2023-05-10,7600.5,381,Delivered
Roddy Speechley,Spicy Special Slims,USA,2023-05-10,1350.0,72,Delivered
Kelci Walkden,70% Dark Bites,India,2023-05-10,4873.5,325,Delivered
Kelci Walkden,85% Dark Bars,UK,2023-05-10,1687.5,65,Delivered
Beverie Moffet,Smooth Silky Salty,Australia,2023-05-11,5897.25,843,Delivered
Husein Augar,Fruit & Nut Bars,Canada,2023-05-11,4794.75,200,Delivered
Dennison Crosswaite,Choco Coated Almonds,Australia,2023-05-11,5064.75,390,Delivered
Gigi Bohling,85% Dark Bars,USA,2023-05-11,5087.25,212,Delivered
Jehu Rudeforth,Eclairs,USA,2023-05-12,886.5,47,Delivered
Madelene Upcott,Milk Bars,Canada,2023-05-12,105.75,6,Delivered
Jehu Rudeforth,Drinking Coco,New Zealand,2023-05-12,5994.0,545,Delivered
Husein Augar,Baker's Choco Chips,UK,2023-05-12,3795.75,190,Delivered
Karlen McCaffrey,Fruit & Nut Bars,UK,2023-05-12,7263.0,291,Delivered
Marney O'Breen,Raspberry Choco,UK,2023-05-12,1120.5,161,Delivered
Kelci Walkden,After Nines,USA,2023-05-12,3210.75,292,Delivered
Curtice Advani,Choco Coated Almonds,Canada,2023-05-12,2511.0,194,Delivered
Ches Bonnell,85% Dark Bars,India,2023-05-12,2124.0,93,Delivered
Wilone O'Kielt,Mint Chip Choco,USA,2023-05-12,3458.25,315,Delivered
Oby Sorrel,Mint Chip Choco,India,2023-05-12,4043.25,368,Delivered
Curtice Advani,Orange Choco,USA,2023-05-12,5404.5,492,Delivered
Wilone O'Kielt,Drinking Coco,USA,2023-05-12,4614.75,355,Delivered
Curtice Advani,Orange Choco,USA,2023-05-12,6086.25,870,Delivered
Rafaelita Blaksland,Choco Coated Almonds,USA,2023-05-12,3564.0,275,Delivered
Brien Boise,50% Dark Bites,USA,2023-05-12,8617.5,431,Delivered
Kaine Padly,Spicy Special Slims,New Zealand,2023-05-12,4137.75,230,Delivered
Dennison Crosswaite,99% Dark & Pure,Australia,2023-05-12,4360.5,208,Delivered
Marney O'Breen,Milk Bars,USA,2023-05-15,5598.0,311,Delivered
Jehu Rudeforth,Peanut Butter Cubes,Canada,2023-05-15,4158.0,181,Delivered
Kelci Walkden,99% Dark & Pure,India,2023-05-16,8847.0,466,Delivered
Gigi Bohling,Peanut Butter Cubes,Australia,2023-05-16,5854.5,279,Delivered
Ches Bonnell,Smooth Silky Salty,Canada,2023-05-16,8507.25,1064,Delivered
Dotty Strutley,99% Dark & Pure,India,2023-05-16,8658.0,433,Delivered
Dotty Strutley,Baker's Choco Chips,UK,2023-05-16,14242.5,838,Delivered
Gunar Cockshoot,Organic Choco Syrup,UK,2023-05-16,8037.0,423,Delivered
Barr Faughny,Mint Chip Choco,UK,2023-05-16,3208.5,268,Delivered
Beverie Moffet,Eclairs,India,2023-05-16,4659.75,233,Delivered
Ches Bonnell,Caramel Stuffed Bars,UK,2023-05-16,1581.75,94,Delivered
Rafaelita Blaksland,Smooth Silky Salty,India,2023-05-16,2859.75,318,Delivered
Husein Augar,Baker's Choco Chips,Australia,2023-05-16,4754.25,317,Delivered
Madelene Upcott,After Nines,Australia,2023-05-16,7587.0,690,Delivered
Curtice Advani,Organic Choco Syrup,UK,2023-05-16,3984.75,200,Delivered
Husein Augar,Fruit & Nut Bars,UK,2023-05-16,3388.5,142,Delivered
Beverie Moffet,Choco Coated Almonds,UK,2023-05-17,4214.25,325,Delivered
Rafaelita Blaksland,Fruit & Nut Bars,USA,2023-05-17,5724.0,239,Delivered
Kelci Walkden,Mint Chip Choco,India,2023-05-17,2085.75,232,Delivered
Gigi Bohling,Peanut Butter Cubes,India,2023-05-17,6988.5,318,Delivered
Jehu Rudeforth,Organic Choco Syrup,Canada,2023-05-17,11655.0,614,Delivered
Dotty Strutley,99% Dark & Pure,UK,2023-05-17,15070.5,656,Delivered
Barr Faughny,Mint Chip Choco,USA,2023-05-17,1028.25,103,Delivered
Andria Kimpton,99% Dark & Pure,USA,2023-05-17,10473.75,524,Delivered
Brien Boise,50% Dark Bites,India,2023-05-18,4581.0,209,Delivered
Dennison Crosswaite,Caramel Stuffed Bars,Canada,2023-05-18,207.0,12,Delivered
Gigi Bohling,Mint Chip Choco,India,2023-05-18,344.25,35,Delivered
Kelci Walkden,Eclairs,Canada,2023-05-18,4392.0,191,Delivered
Oby Sorrel,70% Dark Bites,UK,2023-05-18,5377.5,317,Delivered
Marney O'Breen,50% Dark Bites,Australia,2023-05-18,78.75,5,Delivered
Kelci Walkden,Mint Chip Choco,India,2023-05-18,7404.75,570,Delivered
Madelene Upcott,70% Dark Bites,India,2023-05-18,11376.0,711,Delivered
Husein Augar,Manuka Honey Choco,USA,2023-05-18,6176.25,309,Delivered
Curtice Advani,99% Dark & Pure,UK,2023-05-18,7926.75,397,Delivered
Brien Boise,Fruit & Nut Bars,UK,2023-05-18,8185.5,293,Delivered
Gigi Bohling,Mint Chip Choco,USA,2023-05-18,3152.25,243,Delivered
Rafaelita Blaksland,Spicy Special Slims,USA,2023-05-18,5512.5,307,Delivered
Gunar Cockshoot,Organic Choco Syrup,UK,2023-05-18,5467.5,238,Delivered
Madelene Upcott,99% Dark & Pure,UK,2023-05-18,4594.5,242,Delivered
Dotty Strutley,99% Dark & Pure,UK,2023-05-18,5517.0,276,Delivered
Marney O'Breen,Peanut Butter Cubes,Australia,2023-05-18,7263.0,331,Delivered
Marney O'Breen,Almond Choco,New Zealand,2023-05-18,6795.0,567,Delivered
Ches Bonnell,Eclairs,Australia,2023-05-18,1102.5,56,Delivered
Oby Sorrel,Spicy Special Slims,New Zealand,2023-05-18,14568.75,911,Delivered
Andria Kimpton,Mint Chip Choco,India,2023-05-18,4385.25,439,Delivered
Andria Kimpton,Eclairs,Canada,2023-05-18,2184.75,115,Delivered
Roddy Speechley,Mint Chip Choco,UK,2023-05-18,627.75,70,Delivered
Wilone O'Kielt,Manuka Honey Choco,Canada,2023-05-19,7616.25,381,Delivered
Wilone O'Kielt,Choco Coated Almonds,USA,2023-05-19,2855.25,220,Delivered
Roddy Speechley,Raspberry Choco,USA,2023-05-19,11538.0,1443,Delivered
Madelene Upcott,50% Dark Bites,USA,2023-05-19,4502.25,251,Delivered
Andria Kimpton,Choco Coated Almonds,Australia,2023-05-19,634.5,46,Delivered
Dotty Strutley,Manuka Honey Choco,Canada,2023-05-19,5926.5,283,Delivered
Madelene Upcott,Fruit & Nut Bars,India,2023-05-19,12647.25,469,Delivered
Kaine Padly,Spicy Special Slims,Australia,2023-05-19,5544.0,327,Delivered
Roddy Speechley,Organic Choco Syrup,UK,2023-05-19,1444.5,66,Delivered
Jehu Rudeforth,Drinking Coco,Canada,2023-05-19,3694.5,462,Cancelled
Roddy Speechley,Almond Choco,Australia,2023-05-19,434.25,40,Delivered
Husein Augar,99% Dark & Pure,Australia,2023-05-19,9524.25,415,Delivered
Gunar Cockshoot,Eclairs,India,2023-05-19,720.0,33,Delivered
Oby Sorrel,Caramel Stuffed Bars,New Zealand,2023-05-19,21456.0,976,Delivered
Oby Sorrel,Milk Bars,Canada,2023-05-19,2468.25,124,Cancelled
Jehu Rudeforth,Organic Choco Syrup,UK,2023-05-19,10131.75,461,Delivered
Brien Boise,Smooth Silky Salty,USA,2023-05-19,10359.0,942,Delivered
Curtice Advani,Baker's Choco Chips,India,2023-05-19,3946.5,198,Delivered
Rafaelita Blaksland,70% Dark Bites,Australia,2023-05-19,6934.5,463,Cancelled
Wilone O'Kielt,Spicy Special Slims,Australia,2023-05-19,22.5,2,Delivered
Marney O'Breen,Mint Chip Choco,UK,2023-05-22,8111.25,676,Delivered
Gigi Bohling,Raspberry Choco,New Zealand,2023-05-22,186.75,24,Delivered
Rafaelita Blaksland,70% Dark Bites,USA,2023-05-22,4621.5,244,Delivered
Dennison Crosswaite,Smooth Silky Salty,India,2023-05-22,10039.5,1004,Delivered
Rafaelita Blaksland,Spicy Special Slims,Australia,2023-05-22,3775.5,210,Delivered
Mallorie Waber,Eclairs,USA,2023-05-22,7247.25,346,Delivered
Barr Faughny,85% Dark Bars,Canada,2023-05-22,7071.75,295,Delivered
Curtice Advani,Drinking Coco,India,2023-05-22,5703.75,713,Delivered
Roddy Speechley,Organic Choco Syrup,India,2023-05-22,5296.5,265,Delivered
Andria Kimpton,Eclairs,Canada,2023-05-23,272.25,13,Delivered
Brien Boise,White Choc,India,2023-05-23,8529.75,356,Delivered
Andria Kimpton,Baker's Choco Chips,USA,2023-05-23,3285.0,219,Delivered
Roddy Speechley,Orange Choco,UK,2023-05-23,5357.25,536,Delivered
Madelene Upcott,85% Dark Bars,India,2023-05-23,3300.75,127,Delivered
Brien Boise,Baker's Choco Chips,India,2023-05-23,3894.75,244,Delivered
Curtice Advani,99% Dark & Pure,New Zealand,2023-05-23,5991.75,261,Delivered
Rafaelita Blaksland,Choco Coated Almonds,Australia,2023-05-23,5467.5,498,Delivered
Oby Sorrel,Drinking Coco,USA,2023-05-23,6734.25,674,Delivered
Dotty Strutley,Eclairs,New Zealand,2023-05-23,4531.5,252,Delivered
Brien Boise,Mint Chip Choco,India,2023-05-23,5755.5,524,Delivered
Jehu Rudeforth,Orange Choco,India,2023-05-23,8412.75,1202,Delivered
Beverie Moffet,Raspberry Choco,UK,2023-05-23,6036.75,863,Delivered
Dotty Strutley,Eclairs,UK,2023-05-23,3777.75,189,Delivered
Curtice Advani,Raspberry Choco,New Zealand,2023-05-23,7040.25,1006,Delivered
Jehu Rudeforth,After Nines,USA,2023-05-24,9519.75,794,Delivered
Dotty Strutley,Peanut Butter Cubes,India,2023-05-24,4630.5,202,Delivered
Dennison Crosswaite,Baker's Choco Chips,UK,2023-05-24,6088.5,305,Delivered
Curtice Advani,Fruit & Nut Bars,USA,2023-05-24,6651.0,256,Cancelled
Curtice Advani,Milk Bars,UK,2023-05-24,1300.5,66,Delivered
Brien Boise,Drinking Coco,New Zealand,2023-05-24,5451.75,546,Delivered
Madelene Upcott,Raspberry Choco,New Zealand,2023-05-24,956.25,160,Delivered
Marney O'Breen,Raspberry Choco,Australia,2023-05-24,2443.5,245,Delivered
Ches Bonnell,Mint Chip Choco,USA,2023-05-25,1107.0,111,Delivered
Brien Boise,Baker's Choco Chips,Australia,2023-05-25,5908.5,329,Delivered
Jehu Rudeforth,Almond Choco,Canada,2023-05-25,1203.75,134,Delivered
Ches Bonnell,Choco Coated Almonds,Australia,2023-05-26,3161.25,244,Delivered
Barr Faughny,99% Dark & Pure,Canada,2023-05-26,4389.75,183,Delivered
Roddy Speechley,Caramel Stuffed Bars,USA,2023-05-26,8685.0,414,Cancelled
Andria Kimpton,50% Dark Bites,Australia,2023-05-26,7506.0,396,Delivered
Andria Kimpton,70% Dark Bites,UK,2023-05-26,920.25,58,Delivered
Roddy Speechley,Spicy Special Slims,India,2023-05-26,7229.25,426,Delivered
Andria Kimpton,Caramel Stuffed Bars,USA,2023-05-26,15597.0,780,Delivered
Husein Augar,Manuka Honey Choco,Canada,2023-05-29,8113.5,406,Delivered
Dotty Strutley,Baker's Choco Chips,Canada,2023-05-29,10334.25,608,Delivered
Jehu Rudeforth,Eclairs,UK,2023-05-29,2553.75,135,Delivered
Gigi Bohling,99% Dark & Pure,UK,2023-05-29,6399.0,320,Cancelled
Madelene Upcott,Manuka Honey Choco,USA,2023-05-29,3109.5,136,Delivered
Husein Augar,Milk Bars,Canada,2023-05-29,162.0,10,Delivered
Jehu Rudeforth,Raspberry Choco,USA,2023-05-29,7710.75,1543,Delivered
Kelci Walkden,Baker's Choco Chips,India,2023-05-29,10579.5,557,Delivered
Wilone O'Kielt,Eclairs,USA,2023-05-29,5055.75,281,Delivered
Barr Faughny,Mint Chip Choco,New Zealand,2023-05-29,6788.25,755,Delivered
Marney O'Breen,Choco Coated Almonds,India,2023-05-29,6788.25,618,Delivered
Karlen McCaffrey,Smooth Silky Salty,USA,2023-05-29,4331.25,482,Delivered
Camilla Castle,Drinking Coco,USA,2023-05-29,5105.25,393,Delivered
Van Tuxwell,Spicy Special Slims,USA,2023-05-29,778.5,44,Delivered
Marney O'Breen,Spicy Special Slims,New Zealand,2023-05-30,2740.5,138,Delivered
Roddy Speechley,99% Dark & Pure,Australia,2023-05-30,5949.0,298,Delivered
Curtice Advani,70% Dark Bites,USA,2023-05-30,2686.5,150,Delivered
Marney O'Breen,70% Dark Bites,Australia,2023-05-30,2367.0,125,Delivered
Andria Kimpton,Baker's Choco Chips,UK,2023-05-30,1602.0,89,Delivered
Roddy Speechley,Raspberry Choco,India,2023-05-30,8007.75,1144,Delivered
Gigi Bohling,Choco Coated Almonds,UK,2023-05-30,9130.5,703,Delivered
Wilone O'Kielt,Raspberry Choco,UK,2023-05-30,1163.25,117,Delivered
Van Tuxwell,50% Dark Bites,USA,2023-05-30,4376.25,209,Delivered
Barr Faughny,Raspberry Choco,USA,2023-05-30,4954.5,496,Delivered
Jehu Rudeforth,Orange Choco,India,2023-05-31,6507.0,1085,Delivered
Jehu Rudeforth,Eclairs,Australia,2023-05-31,3555.0,170,Delivered
Madelene Upcott,70% Dark Bites,India,2023-05-31,7812.0,434,Cancelled
Marney O'Breen,Baker's Choco Chips,USA,2023-05-31,14249.25,750,Delivered
Gigi Bohling,99% Dark & Pure,India,2023-05-31,4988.25,263,Delivered
Van Tuxwell,White Choc,UK,2023-05-31,4349.25,208,Delivered
Ches Bonnell,Eclairs,UK,2023-05-31,2965.5,157,Delivered
Roddy Speechley,Organic Choco Syrup,UK,2023-05-31,14492.25,806,Delivered
Marney O'Breen,Milk Bars,New Zealand,2023-05-31,8892.0,494,Delivered
Karlen McCaffrey,Choco Coated Almonds,USA,2023-05-31,4250.25,304,Delivered
Kelci Walkden,Choco Coated Almonds,New Zealand,2023-05-31,8253.0,590,Delivered
Marney O'Breen,Mint Chip Choco,Australia,2023-05-31,1743.75,159,Delivered
Jan Morforth,Raspberry Choco,UK,2023-05-31,6671.25,834,Delivered
Beverie Moffet,Raspberry Choco,UK,2023-05-31,3629.25,519,Delivered
Dennison Crosswaite,70% Dark Bites,USA,2023-05-31,7908.75,528,Delivered
Husein Augar,Spicy Special Slims,India,2023-06-01,814.5,55,Delivered
Roddy Speechley,Manuka Honey Choco,UK,2023-06-01,7785.0,390,Delivered
Roddy Speechley,Baker's Choco Chips,USA,2023-06-01,6230.25,328,Delivered
Kelci Walkden,Peanut Butter Cubes,USA,2023-06-01,5460.75,249,Delivered
Gigi Bohling,Caramel Stuffed Bars,New Zealand,2023-06-01,6729.75,321,Delivered
Van Tuxwell,Eclairs,Australia,2023-06-01,825.75,38,Delivered
Wilone O'Kielt,Organic Choco Syrup,New Zealand,2023-06-01,4943.25,236,Delivered
Gunar Cockshoot,Mint Chip Choco,Canada,2023-06-01,1019.25,93,Delivered
Gunar Cockshoot,Peanut Butter Cubes,Canada,2023-06-01,8028.0,350,Cancelled
Barr Faughny,Drinking Coco,USA,2023-06-01,6059.25,674,Delivered
Brien Boise,70% Dark Bites,Canada,2023-06-01,3242.25,171,Delivered
Curtice Advani,Peanut Butter Cubes,India,2023-06-01,7137.0,325,Delivered
Roddy Speechley,Peanut Butter Cubes,USA,2023-06-01,8635.5,455,Delivered
Oby Sorrel,Orange Choco,India,2023-06-01,3609.0,452,Delivered
Ches Bonnell,Eclairs,USA,2023-06-01,2704.5,118,Delivered
Kelci Walkden,Baker's Choco Chips,UK,2023-06-01,8761.5,487,Delivered
Beverie Moffet,Orange Choco,Canada,2023-06-02,13356.0,1215,Delivered
Kelci Walkden,Spicy Special Slims,UK,2023-06-02,7767.0,457,Delivered
Karlen McCaffrey,Spicy Special Slims,UK,2023-06-02,8543.25,450,Delivered
Barr Faughny,Organic Choco Syrup,UK,2023-06-02,1140.75,64,Delivered
Jan Morforth,White Choc,USA,2023-06-02,5962.5,272,Delivered
Andria Kimpton,Manuka Honey Choco,UK,2023-06-02,15912.0,692,Delivered
Van Tuxwell,Mint Chip Choco,USA,2023-06-02,2943.0,211,Delivered
Roddy Speechley,70% Dark Bites,Australia,2023-06-02,4259.25,213,Delivered
Jehu Rudeforth,99% Dark & Pure,Canada,2023-06-02,11007.0,459,Delivered
Barr Faughny,Spicy Special Slims,UK,2023-06-02,8158.5,454,Delivered
Barr Faughny,85% Dark Bars,Australia,2023-06-02,3260.25,136,Delivered
Husein Augar,White Choc,USA,2023-06-02,3471.75,145,Delivered
Dotty Strutley,Raspberry Choco,USA,2023-06-02,3060.0,383,Delivered
Oby Sorrel,After Nines,Canada,2023-06-02,5850.0,488,Delivered
Roddy Speechley,Drinking Coco,UK,2023-06-02,5199.75,434,Delivered
Marney O'Breen,Spicy Special Slims,UK,2023-06-05,6567.75,365,Delivered
Gunar Cockshoot,Orange Choco,USA,2023-06-05,9144.0,1524,Delivered
Kelci Walkden,Fruit & Nut Bars,New Zealand,2023-06-05,4920.75,190,Delivered
Husein Augar,99% Dark & Pure,USA,2023-06-05,3291.75,138,Delivered
Gunar Cockshoot,Manuka Honey Choco,New Zealand,2023-06-05,2292.75,121,Delivered
Andria Kimpton,Almond Choco,Australia,2023-06-05,9463.5,861,Delivered
Karlen McCaffrey,Orange Choco,India,2023-06-05,760.5,127,Delivered
Madelene Upcott,Fruit & Nut Bars,USA,2023-06-05,7452.0,324,Delivered
Marney O'Breen,99% Dark & Pure,Australia,2023-06-05,5895.0,246,Delivered
Beverie Moffet,Eclairs,New Zealand,2023-06-05,960.75,54,Delivered
Karlen McCaffrey,Manuka Honey Choco,New Zealand,2023-06-05,10460.25,455,Delivered
Karlen McCaffrey,Raspberry Choco,Canada,2023-06-05,10127.25,1447,Delivered
Gunar Cockshoot,50% Dark Bites,UK,2023-06-05,3712.5,169,Delivered
Jan Morforth,Peanut Butter Cubes,India,2023-06-05,4475.25,224,Delivered
Madelene Upcott,Raspberry Choco,USA,2023-06-06,3003.75,430,Delivered
Gunar Cockshoot,Smooth Silky Salty,USA,2023-06-06,3588.75,327,Delivered
Mallorie Waber,Drinking Coco,India,2023-06-07,6392.25,800,Delivered
Husein Augar,Eclairs,Australia,2023-06-07,924.75,49,Delivered
Dennison Crosswaite,After Nines,UK,2023-06-07,8196.75,631,Delivered
Jehu Rudeforth,After Nines,India,2023-06-07,4232.25,326,Delivered
Andria Kimpton,50% Dark Bites,Australia,2023-06-07,3280.5,193,Delivered
Ches Bonnell,99% Dark & Pure,India,2023-06-07,3557.25,178,Delivered
Mallorie Waber,Choco Coated Almonds,USA,2023-06-07,1692.0,121,Delivered
Jehu Rudeforth,Baker's Choco Chips,UK,2023-06-07,882.0,52,Delivered
Roddy Speechley,Milk Bars,Canada,2023-06-07,2819.25,157,Delivered
Rafaelita Blaksland,Mint Chip Choco,UK,2023-06-07,4205.25,421,Delivered
Andria Kimpton,Eclairs,Australia,2023-06-07,4036.5,176,Delivered
Brien Boise,Fruit & Nut Bars,Australia,2023-06-07,450.0,17,Delivered
Van Tuxwell,Baker's Choco Chips,UK,2023-06-07,2013.75,119,Delivered
Roddy Speechley,White Choc,UK,2023-06-07,3692.25,185,Delivered
Barr Faughny,Peanut Butter Cubes,Australia,2023-06-07,6696.0,335,Delivered
Madelene Upcott,Mint Chip Choco,India,2023-06-07,6507.0,501,Delivered
Dotty Strutley,85% Dark Bars,Canada,2023-06-07,5715.0,220,Delivered
Brien Boise,Eclairs,Australia,2023-06-07,5350.5,298,Delivered
Brien Boise,Peanut Butter Cubes,India,2023-06-07,7353.0,351,Delivered
Andria Kimpton,Fruit & Nut Bars,India,2023-06-08,11439.0,440,Delivered
Madelene Upcott,Raspberry Choco,India,2023-06-08,2673.0,446,Delivered
Brien Boise,Eclairs,New Zealand,2023-06-08,3656.25,167,Delivered
Jehu Rudeforth,Drinking Coco,Canada,2023-06-08,5683.5,711,Delivered
Brien Boise,Baker's Choco Chips,USA,2023-06-08,1082.25,57,Delivered
Husein Augar,Baker's Choco Chips,Canada,2023-06-08,14314.5,754,Delivered
Jehu Rudeforth,Eclairs,India,2023-06-08,4518.0,206,Delivered
Brien Boise,99% Dark & Pure,UK,2023-06-08,3901.5,170,Delivered
Jan Morforth,After Nines,USA,2023-06-08,3908.25,326,Delivered
Madelene Upcott,Mint Chip Choco,Canada,2023-06-08,3253.5,362,Delivered
Karlen McCaffrey,Raspberry Choco,India,2023-06-08,1588.5,318,Delivered
Oby Sorrel,99% Dark & Pure,India,2023-06-08,1291.5,59,Delivered
Karlen McCaffrey,Manuka Honey Choco,Canada,2023-06-08,3692.25,185,Delivered
Kelci Walkden,99% Dark & Pure,UK,2023-06-08,6585.75,300,Delivered
Dennison Crosswaite,Organic Choco Syrup,Canada,2023-06-08,1813.5,91,Delivered
Curtice Advani,Eclairs,Canada,2023-06-08,3951.0,180,Delivered
Gunar Cockshoot,Orange Choco,USA,2023-06-09,8428.5,1405,Delivered
Brien Boise,85% Dark Bars,USA,2023-06-09,5890.5,246,Delivered
Brien Boise,Manuka Honey Choco,Australia,2023-06-09,5400.0,258,Delivered
Dennison Crosswaite,Raspberry Choco,USA,2023-06-09,1698.75,340,Delivered
Jehu Rudeforth,Milk Bars,India,2023-06-09,4603.5,210,Delivered
Curtice Advani,Organic Choco Syrup,Australia,2023-06-09,10496.25,525,Delivered
Kelci Walkden,Orange Choco,New Zealand,2023-06-09,4671.0,584,Delivered
Beverie Moffet,Drinking Coco,Canada,2023-06-09,5532.75,426,Delivered
Madelene Upcott,Choco Coated Almonds,UK,2023-06-09,5820.75,448,Delivered
Kaine Padly,Organic Choco Syrup,UK,2023-06-09,5332.5,281,Delivered
Kaine Padly,Milk Bars,UK,2023-06-09,3717.0,207,Delivered
Dotty Strutley,99% Dark & Pure,UK,2023-06-09,11403.0,519,Delivered
Gunar Cockshoot,Caramel Stuffed Bars,USA,2023-06-09,9929.25,552,Delivered
Brien Boise,50% Dark Bites,Australia,2023-06-09,6165.0,309,Delivered
Oby Sorrel,99% Dark & Pure,Canada,2023-06-09,12843.0,676,Delivered
Oby Sorrel,Eclairs,USA,2023-06-09,2495.25,125,Delivered
Marney O'Breen,Organic Choco Syrup,New Zealand,2023-06-09,3098.25,173,Delivered
Husein Augar,50% Dark Bites,USA,2023-06-12,1914.75,88,Delivered
Brien Boise,Organic Choco Syrup,UK,2023-06-12,9054.0,453,Delivered
Gunar Cockshoot,Drinking Coco,USA,2023-06-12,4504.5,564,Delivered
Dennison Crosswaite,Organic Choco Syrup,UK,2023-06-12,5685.75,300,Delivered
Dennison Crosswaite,Spicy Special Slims,New Zealand,2023-06-12,12105.0,757,Delivered
Curtice Advani,Eclairs,USA,2023-06-12,4720.5,237,Delivered
Husein Augar,Baker's Choco Chips,Australia,2023-06-12,1219.5,68,Delivered
Wilone O'Kielt,Eclairs,Australia,2023-06-13,198.0,10,Delivered
Ches Bonnell,After Nines,USA,2023-06-13,7951.5,568,Delivered
Roddy Speechley,Manuka Honey Choco,India,2023-06-13,8536.5,427,Delivered
Madelene Upcott,Caramel Stuffed Bars,UK,2023-06-13,8862.75,467,Delivered
Roddy Speechley,Choco Coated Almonds,USA,2023-06-13,4801.5,321,Delivered
Oby Sorrel,Orange Choco,Australia,2023-06-13,2016.0,202,Delivered
Brien Boise,Baker's Choco Chips,New Zealand,2023-06-13,7728.75,430,Delivered
Wilone O'Kielt,Manuka Honey Choco,UK,2023-06-13,3120.75,136,Delivered
Gunar Cockshoot,Smooth Silky Salty,UK,2023-06-13,13263.75,1206,Delivered
Camilla Castle,Mint Chip Choco,UK,2023-06-13,1820.25,203,Delivered
Wilone O'Kielt,Eclairs,Australia,2023-06-13,2873.25,125,Delivered
Oby Sorrel,Orange Choco,USA,2023-06-13,9177.75,835,Delivered
Andria Kimpton,Eclairs,UK,2023-06-14,1156.5,56,Delivered
Kelci Walkden,Eclairs,UK,2023-06-14,5316.75,266,Delivered
Ches Bonnell,Eclairs,UK,2023-06-14,679.5,38,Delivered
Wilone O'Kielt,Peanut Butter Cubes,Canada,2023-06-14,4065.75,204,Delivered
Roddy Speechley,Organic Choco Syrup,India,2023-06-14,6804.0,341,Delivered
Dennison Crosswaite,99% Dark & Pure,USA,2023-06-14,18434.25,769,Delivered
Jehu Rudeforth,Fruit & Nut Bars,USA,2023-06-14,6779.25,252,Delivered
Madelene Upcott,White Choc,USA,2023-06-14,4308.75,180,Delivered
Ches Bonnell,Mint Chip Choco,USA,2023-06-14,4313.25,360,Delivered
Kelci Walkden,Organic Choco Syrup,New Zealand,2023-06-14,5208.75,249,Delivered
Jehu Rudeforth,Choco Coated Almonds,UK,2023-06-14,6381.0,532,Delivered
Husein Augar,Orange Choco,Canada,2023-06-14,1530.0,255,Delivered
Roddy Speechley,Choco Coated Almonds,India,2023-06-14,2954.25,269,Delivered
Curtice Advani,Spicy Special Slims,UK,2023-06-14,54.0,4,Delivered
Dotty Strutley,Smooth Silky Salty,India,2023-06-14,544.5,46,Delivered
Kaine Padly,Drinking Coco,Canada,2023-06-14,6237.0,693,Delivered
Dotty Strutley,Drinking Coco,UK,2023-06-14,5366.25,597,Delivered
Beverie Moffet,Organic Choco Syrup,USA,2023-06-15,18580.5,885,Delivered
Rafaelita Blaksland,Drinking Coco,Canada,2023-06-15,4146.75,415,Delivered
Gigi Bohling,Choco Coated Almonds,India,2023-06-15,882.0,63,Delivered
Andria Kimpton,Baker's Choco Chips,New Zealand,2023-06-15,13459.5,673,Delivered
Kelci Walkden,Smooth Silky Salty,India,2023-06-15,1176.75,118,Delivered
Marney O'Breen,99% Dark & Pure,UK,2023-06-15,4803.75,253,Delivered
Dotty Strutley,Drinking Coco,USA,2023-06-15,5298.75,408,Delivered
Dotty Strutley,Fruit & Nut Bars,USA,2023-06-15,8232.75,295,Delivered
Kelci Walkden,After Nines,USA,2023-06-15,6979.5,499,Delivered
Kelci Walkden,Mint Chip Choco,UK,2023-06-15,5798.25,580,Cancelled
Barr Faughny,Baker's Choco Chips,UK,2023-06-15,2223.0,112,Delivered
Jehu Rudeforth,Organic Choco Syrup,UK,2023-06-15,10181.25,536,Delivered
Gunar Cockshoot,Peanut Butter Cubes,UK,2023-06-15,6255.0,285,Delivered
Jan Morforth,Mint Chip Choco,Canada,2023-06-15,3201.75,356,Delivered
Barr Faughny,50% Dark Bites,UK,2023-06-15,7312.5,349,Delivered
Roddy Speechley,White Choc,Canada,2023-06-15,10289.25,448,Delivered
Marney O'Breen,Choco Coated Almonds,UK,2023-06-15,5037.75,336,Delivered
Barr Faughny,70% Dark Bites,India,2023-06-16,1815.75,107,Delivered
Madelene Upcott,Smooth Silky Salty,India,2023-06-16,13171.5,1098,Delivered
Dennison Crosswaite,Mint Chip Choco,India,2023-06-16,6203.25,478,Delivered
Beverie Moffet,Orange Choco,USA,2023-06-16,15808.5,1438,Delivered
Beverie Moffet,White Choc,USA,2023-06-16,5852.25,293,Delivered
Barr Faughny,Smooth Silky Salty,India,2023-06-16,5530.5,615,Delivered
Madelene Upcott,Fruit & Nut Bars,India,2023-06-16,8163.0,327,Delivered
Gunar Cockshoot,Raspberry Choco,Canada,2023-06-16,5370.75,538,Delivered
Gigi Bohling,50% Dark Bites,New Zealand,2023-06-16,373.5,20,Delivered
Brien Boise,Raspberry Choco,Australia,2023-06-16,6779.25,1356,Cancelled
Curtice Advani,Drinking Coco,USA,2023-06-16,5328.0,485,Delivered
Kaine Padly,85% Dark Bars,Australia,2023-06-16,11866.5,475,Delivered
Gunar Cockshoot,50% Dark Bites,USA,2023-06-16,10347.75,518,Delivered
Jan Morforth,Eclairs,India,2023-06-16,4131.0,218,Delivered
Marney O'Breen,Organic Choco Syrup,USA,2023-06-16,8124.75,370,Delivered
Marney O'Breen,Baker's Choco Chips,USA,2023-06-16,3836.25,202,Delivered
Andria Kimpton,Manuka Honey Choco,New Zealand,2023-06-16,13101.75,596,Delivered
Jehu Rudeforth,Baker's Choco Chips,Canada,2023-06-16,870.75,44,Delivered
Barr Faughny,70% Dark Bites,UK,2023-06-16,6984.0,466,Delivered
Beverie Moffet,Drinking Coco,USA,2023-06-19,5820.75,448,Delivered
Van Tuxwell,Drinking Coco,New Zealand,2023-06-19,4936.5,412,Delivered
Kelci Walkden,70% Dark Bites,USA,2023-06-19,5262.75,310,Delivered
Rafaelita Blaksland,Drinking Coco,India,2023-06-19,4995.0,625,Delivered
Madelene Upcott,Peanut Butter Cubes,New Zealand,2023-06-19,7924.5,331,Delivered
Mallorie Waber,Mint Chip Choco,New Zealand,2023-06-19,5238.0,524,Delivered
Wilone O'Kielt,Orange Choco,Australia,2023-06-19,10626.75,1181,Delivered
Jehu Rudeforth,Caramel Stuffed Bars,UK,2023-06-19,9434.25,450,Delivered
Beverie Moffet,Caramel Stuffed Bars,India,2023-06-19,1530.0,90,Delivered
Husein Augar,Eclairs,UK,2023-06-19,3082.5,141,Delivered
Curtice Advani,70% Dark Bites,Australia,2023-06-19,2610.0,145,Delivered
Brien Boise,Baker's Choco Chips,Canada,2023-06-19,11407.5,713,Delivered
Curtice Advani,Peanut Butter Cubes,UK,2023-06-20,11394.0,496,Delivered
Gunar Cockshoot,70% Dark Bites,USA,2023-06-20,605.25,36,Delivered
Camilla Castle,Eclairs,USA,2023-06-20,2799.0,156,Delivered
Oby Sorrel,Smooth Silky Salty,India,2023-06-20,9069.75,1134,Delivered
Jan Morforth,Mint Chip Choco,New Zealand,2023-06-20,3757.5,376,Delivered
Kelci Walkden,99% Dark & Pure,UK,2023-06-20,6376.5,278,Delivered
Barr Faughny,Orange Choco,Australia,2023-06-20,8786.25,1099,Delivered
Kelci Walkden,Eclairs,Canada,2023-06-20,6210.0,270,Delivered
Madelene Upcott,99% Dark & Pure,New Zealand,2023-06-20,11965.5,544,Delivered
Karlen McCaffrey,Peanut Butter Cubes,USA,2023-06-20,6711.75,354,Delivered
Dotty Strutley,50% Dark Bites,India,2023-06-20,4956.75,292,Delivered
Gunar Cockshoot,Peanut Butter Cubes,UK,2023-06-20,9425.25,449,Delivered
Andria Kimpton,Eclairs,USA,2023-06-20,1035.0,45,Delivered
Jan Morforth,Eclairs,Canada,2023-06-20,963.0,42,Delivered
Wilone O'Kielt,Baker's Choco Chips,Canada,2023-06-20,12935.25,761,Delivered
Ches Bonnell,85% Dark Bars,New Zealand,2023-06-20,2337.75,94,Delivered
Dotty Strutley,Manuka Honey Choco,India,2023-06-20,319.5,16,Delivered
Kelci Walkden,Mint Chip Choco,New Zealand,2023-06-21,2198.25,220,Delivered
Wilone O'Kielt,Mint Chip Choco,India,2023-06-21,5298.75,589,Delivered
Jehu Rudeforth,Mint Chip Choco,Canada,2023-06-21,3206.25,321,Delivered
Van Tuxwell,After Nines,USA,2023-06-21,6997.5,700,Delivered
Kaine Padly,Drinking Coco,UK,2023-06-21,5388.75,490,Delivered
Gunar Cockshoot,Eclairs,New Zealand,2023-06-21,2477.25,124,Delivered
Dotty Strutley,Smooth Silky Salty,USA,2023-06-21,9711.0,1388,Delivered
Beverie Moffet,Peanut Butter Cubes,India,2023-06-21,4315.5,228,Delivered
Brien Boise,Manuka Honey Choco,New Zealand,2023-06-21,9312.75,466,Delivered
Ches Bonnell,99% Dark & Pure,Australia,2023-06-21,1743.75,80,Delivered
Ches Bonnell,50% Dark Bites,USA,2023-06-21,1647.0,75,Delivered
Van Tuxwell,Manuka Honey Choco,USA,2023-06-21,3874.5,216,Delivered
Barr Faughny,70% Dark Bites,UK,2023-06-21,1176.75,70,Delivered
Marney O'Breen,Raspberry Choco,UK,2023-06-21,722.25,91,Delivered
Husein Augar,Almond Choco,UK,2023-06-21,4556.25,456,Delivered
Mallorie Waber,70% Dark Bites,UK,2023-06-21,6714.0,395,Delivered
Gigi Bohling,Milk Bars,USA,2023-06-22,4437.0,212,Delivered
Jan Morforth,70% Dark Bites,Canada,2023-06-22,987.75,55,Delivered
Beverie Moffet,70% Dark Bites,USA,2023-06-22,7258.5,383,Delivered
Marney O'Breen,Organic Choco Syrup,UK,2023-06-22,15725.25,749,Delivered
Madelene Upcott,Peanut Butter Cubes,UK,2023-06-22,4551.75,190,Delivered
Gunar Cockshoot,Drinking Coco,UK,2023-06-22,6032.25,671,Delivered
Gunar Cockshoot,99% Dark & Pure,USA,2023-06-23,5377.5,234,Delivered
Brien Boise,50% Dark Bites,UK,2023-06-23,2648.25,156,Delivered
Barr Faughny,Baker's Choco Chips,India,2023-06-23,13079.25,872,Delivered
Beverie Moffet,Drinking Coco,Australia,2023-06-23,4493.25,500,Delivered
Jehu Rudeforth,99% Dark & Pure,USA,2023-06-23,11848.5,593,Cancelled
Barr Faughny,85% Dark Bars,New Zealand,2023-06-23,8919.0,344,Delivered
Curtice Advani,50% Dark Bites,Australia,2023-06-23,180.0,9,Delivered
Beverie Moffet,Caramel Stuffed Bars,USA,2023-06-23,16569.0,829,Delivered
Barr Faughny,Baker's Choco Chips,Canada,2023-06-23,4851.0,286,Delivered
Van Tuxwell,70% Dark Bites,UK,2023-06-23,137.25,7,Delivered
Karlen McCaffrey,Smooth Silky Salty,India,2023-06-23,405.0,34,Delivered
Madelene Upcott,Peanut Butter Cubes,Canada,2023-06-23,4934.25,247,Delivered
Karlen McCaffrey,50% Dark Bites,UK,2023-06-26,9821.25,517,Delivered
Gigi Bohling,50% Dark Bites,Australia,2023-06-26,4470.75,224,Delivered
Dotty Strutley,85% Dark Bars,UK,2023-06-26,202.5,9,Cancelled
Marney O'Breen,Peanut Butter Cubes,Australia,2023-06-26,6149.25,257,Delivered
Van Tuxwell,Smooth Silky Salty,UK,2023-06-26,10307.25,1473,Cancelled
Barr Faughny,Mint Chip Choco,Canada,2023-06-26,1503.0,151,Delivered
Madelene Upcott,Smooth Silky Salty,USA,2023-06-26,2081.25,174,Delivered
Van Tuxwell,Drinking Coco,Australia,2023-06-26,5145.75,429,Delivered
Madelene Upcott,Baker's Choco Chips,India,2023-06-26,9040.5,532,Delivered
Wilone O'Kielt,Orange Choco,UK,2023-06-27,8019.0,1337,Delivered
Brien Boise,99% Dark & Pure,New Zealand,2023-06-27,6633.0,332,Delivered
Camilla Castle,Smooth Silky Salty,UK,2023-06-27,632.25,80,Delivered
Kelci Walkden,85% Dark Bars,UK,2023-06-27,3366.0,153,Delivered
Barr Faughny,Drinking Coco,USA,2023-06-28,5476.5,498,Delivered
Van Tuxwell,Choco Coated Almonds,USA,2023-06-28,9810.0,981,Delivered
Mallorie Waber,Organic Choco Syrup,USA,2023-06-28,7863.75,394,Delivered
Jehu Rudeforth,Manuka Honey Choco,USA,2023-06-28,364.5,17,Delivered
Andria Kimpton,Spicy Special Slims,UK,2023-06-28,3210.75,189,Delivered
Roddy Speechley,85% Dark Bars,India,2023-06-28,5368.5,256,Delivered
Gunar Cockshoot,Manuka Honey Choco,USA,2023-06-28,5519.25,291,Delivered
Husein Augar,Eclairs,UK,2023-06-28,2268.0,114,Delivered
Madelene Upcott,Spicy Special Slims,UK,2023-06-28,4284.0,215,Delivered
Brien Boise,50% Dark Bites,Canada,2023-06-28,5143.5,286,Delivered
Ches Bonnell,White Choc,India,2023-06-28,4275.0,195,Delivered
Van Tuxwell,Drinking Coco,UK,2023-06-28,5172.75,575,Delivered
Roddy Speechley,Choco Coated Almonds,USA,2023-06-28,1653.75,138,Delivered
Rafaelita Blaksland,70% Dark Bites,India,2023-06-28,1629.0,102,Cancelled
Curtice Advani,50% Dark Bites,UK,2023-06-28,5402.25,246,Delivered
Andria Kimpton,Manuka Honey Choco,India,2023-06-28,634.5,34,Delivered
Brien Boise,Choco Coated Almonds,Canada,2023-06-28,9276.75,619,Delivered
Madelene Upcott,Drinking Coco,Canada,2023-06-28,5276.25,660,Delivered
Ches Bonnell,Orange Choco,UK,2023-06-28,17721.0,2954,Delivered
Marney O'Breen,Organic Choco Syrup,Canada,2023-06-28,16087.5,847,Delivered
Kelci Walkden,Orange Choco,UK,2023-06-28,9211.5,1024,Delivered
Curtice Advani,Drinking Coco,USA,2023-06-28,5058.0,390,Delivered
Kelci Walkden,99% Dark & Pure,USA,2023-06-29,13839.75,630,Delivered
Kelci Walkden,Smooth Silky Salty,Australia,2023-06-29,4533.75,567,Delivered
Gunar Cockshoot,Choco Coated Almonds,UK,2023-06-29,9299.25,846,Delivered
Roddy Speechley,85% Dark Bars,India,2023-06-29,4664.25,203,Delivered
Kaine Padly,Smooth Silky Salty,India,2023-06-29,5895.0,843,Delivered
Marney O'Breen,70% Dark Bites,Australia,2023-06-30,4754.25,298,Delivered
Oby Sorrel,99% Dark & Pure,USA,2023-06-30,8140.5,340,Delivered
Beverie Moffet,Spicy Special Slims,Australia,2023-06-30,2785.5,164,Delivered
Dotty Strutley,Drinking Coco,New Zealand,2023-06-30,4484.25,374,Delivered
Jehu Rudeforth,Drinking Coco,UK,2023-06-30,6266.25,483,Delivered
Gunar Cockshoot,Raspberry Choco,New Zealand,2023-06-30,436.5,55,Delivered
Madelene Upcott,Peanut Butter Cubes,Canada,2023-06-30,8169.75,372,Delivered
Dotty Strutley,50% Dark Bites,India,2023-06-30,456.75,26,Delivered
Gigi Bohling,Mint Chip Choco,Australia,2023-06-30,227.25,23,Delivered
Gunar Cockshoot,White Choc,USA,2023-06-30,6124.5,267,Delivered
Van Tuxwell,50% Dark Bites,UK,2023-06-30,1098.0,55,Delivered
Wilone O'Kielt,99% Dark & Pure,Canada,2023-06-30,180.0,10,Delivered
Husein Augar,99% Dark & Pure,UK,2023-06-30,13979.25,666,Delivered
Andria Kimpton,After Nines,Australia,2023-06-30,1257.75,126,Delivered
Madelene Upcott,85% Dark Bars,Canada,2023-06-30,1626.75,68,Delivered
Jehu Rudeforth,Orange Choco,Australia,2023-06-30,5980.5,748,Delivered
Roddy Speechley,Peanut Butter Cubes,Canada,2023-07-03,3235.5,141,Delivered
Jehu Rudeforth,Manuka Honey Choco,India,2023-07-03,1586.25,84,Delivered
Mallorie Waber,Manuka Honey Choco,Australia,2023-07-03,7652.25,403,Delivered
Kelci Walkden,Caramel Stuffed Bars,Canada,2023-07-03,5303.25,295,Delivered
Brien Boise,Mint Chip Choco,Canada,2023-07-03,6788.25,566,Delivered
Roddy Speechley,70% Dark Bites,Australia,2023-07-03,1539.0,91,Delivered
Marney O'Breen,Mint Chip Choco,UK,2023-07-03,4095.0,455,Delivered
Brien Boise,Smooth Silky Salty,UK,2023-07-03,2340.0,293,Delivered
Barr Faughny,Drinking Coco,New Zealand,2023-07-03,4092.75,342,Delivered
Gunar Cockshoot,Baker's Choco Chips,UK,2023-07-03,4018.5,224,Delivered
Dennison Crosswaite,Drinking Coco,Canada,2023-07-03,5717.25,520,Cancelled
Gunar Cockshoot,Drinking Coco,USA,2023-07-03,4234.5,353,Delivered
Brien Boise,White Choc,Canada,2023-07-03,6111.0,266,Delivered
Barr Faughny,50% Dark Bites,USA,2023-07-03,4934.25,291,Delivered
Rafaelita Blaksland,70% Dark Bites,Australia,2023-07-03,3431.25,202,Delivered
Gunar Cockshoot,Fruit & Nut Bars,UK,2023-07-03,2745.0,120,Delivered
Curtice Advani,70% Dark Bites,Canada,2023-07-03,2801.25,165,Delivered
Gigi Bohling,Raspberry Choco,Canada,2023-07-03,12361.5,1766,Delivered
Dotty Strutley,Eclairs,UK,2023-07-03,4182.75,182,Cancelled
Roddy Speechley,Raspberry Choco,UK,2023-07-03,8860.5,1266,Cancelled
Beverie Moffet,Peanut Butter Cubes,USA,2023-07-03,8133.75,429,Delivered
Madelene Upcott,Smooth Silky Salty,UK,2023-07-03,4007.25,334,Delivered
Dotty Strutley,Choco Coated Almonds,UK,2023-07-04,2328.75,212,Delivered
Marney O'Breen,Spicy Special Slims,UK,2023-07-04,3854.25,241,Delivered
Jan Morforth,Drinking Coco,UK,2023-07-04,6441.75,586,Delivered
Brien Boise,99% Dark & Pure,UK,2023-07-04,2940.75,123,Delivered
Rafaelita Blaksland,Manuka Honey Choco,New Zealand,2023-07-05,7112.25,375,Delivered
Barr Faughny,Caramel Stuffed Bars,USA,2023-07-05,1415.25,68,Delivered
Dotty Strutley,Choco Coated Almonds,UK,2023-07-05,5123.25,342,Delivered
Husein Augar,Orange Choco,Australia,2023-07-05,12510.0,1251,Delivered
Dotty Strutley,Organic Choco Syrup,Australia,2023-07-05,20119.5,1059,Delivered
Karlen McCaffrey,99% Dark & Pure,New Zealand,2023-07-05,2652.75,127,Delivered
Jehu Rudeforth,50% Dark Bites,UK,2023-07-05,7539.75,360,Delivered
Husein Augar,Almond Choco,Canada,2023-07-05,19212.75,1922,Delivered
Rafaelita Blaksland,After Nines,USA,2023-07-05,4214.25,325,Delivered
Van Tuxwell,Spicy Special Slims,USA,2023-07-05,1057.5,67,Delivered
Gigi Bohling,Organic Choco Syrup,Canada,2023-07-06,13041.0,593,Delivered
Wilone O'Kielt,Choco Coated Almonds,Australia,2023-07-06,4423.5,295,Delivered
Madelene Upcott,Choco Coated Almonds,New Zealand,2023-07-06,7245.0,518,Delivered
Curtice Advani,Orange Choco,USA,2023-07-06,11211.75,1869,Delivered
Dotty Strutley,Raspberry Choco,India,2023-07-06,400.5,58,Delivered
Kelci Walkden,Mint Chip Choco,India,2023-07-06,2070.0,207,Delivered
Husein Augar,Drinking Coco,UK,2023-07-06,5161.5,398,Cancelled
Brien Boise,70% Dark Bites,UK,2023-07-06,9040.5,603,Delivered
Brien Boise,85% Dark Bars,India,2023-07-07,4061.25,170,Delivered
Wilone O'Kielt,70% Dark Bites,Canada,2023-07-07,5323.5,296,Delivered
Rafaelita Blaksland,Drinking Coco,UK,2023-07-07,5620.5,625,Delivered
Brien Boise,Mint Chip Choco,UK,2023-07-07,4549.5,506,Delivered
Gunar Cockshoot,Mint Chip Choco,UK,2023-07-07,873.0,73,Delivered
Roddy Speechley,70% Dark Bites,UK,2023-07-07,4347.0,256,Delivered
Brien Boise,Fruit & Nut Bars,UK,2023-07-07,8410.5,301,Delivered
Husein Augar,70% Dark Bites,India,2023-07-07,747.0,50,Cancelled
Gigi Bohling,Manuka Honey Choco,UK,2023-07-07,4860.0,232,Delivered
Kelci Walkden,Manuka Honey Choco,UK,2023-07-07,7395.75,411,Delivered
Husein Augar,99% Dark & Pure,New Zealand,2023-07-07,9227.25,462,Delivered
Dotty Strutley,Eclairs,New Zealand,2023-07-07,5712.75,273,Delivered
Jehu Rudeforth,85% Dark Bars,UK,2023-07-07,8649.0,333,Delivered
Husein Augar,99% Dark & Pure,Canada,2023-07-07,5145.75,215,Delivered
Jan Morforth,Drinking Coco,India,2023-07-07,5676.75,568,Delivered
Madelene Upcott,Spicy Special Slims,India,2023-07-07,2542.5,128,Delivered
Brien Boise,Organic Choco Syrup,USA,2023-07-07,6756.75,376,Delivered
Gunar Cockshoot,After Nines,Australia,2023-07-07,7103.25,474,Delivered
Rafaelita Blaksland,Caramel Stuffed Bars,India,2023-07-10,20470.5,931,Delivered
Dotty Strutley,85% Dark Bars,Australia,2023-07-10,10143.0,391,Delivered
Curtice Advani,Organic Choco Syrup,UK,2023-07-10,2061.0,99,Delivered
Karlen McCaffrey,Baker's Choco Chips,UK,2023-07-10,9742.5,609,Delivered
Dotty Strutley,Choco Coated Almonds,India,2023-07-10,875.25,63,Delivered
Brien Boise,Baker's Choco Chips,UK,2023-07-10,596.25,34,Delivered
Jehu Rudeforth,Baker's Choco Chips,USA,2023-07-10,405.0,22,Delivered
Madelene Upcott,Caramel Stuffed Bars,USA,2023-07-10,13529.25,645,Delivered
Brien Boise,White Choc,New Zealand,2023-07-10,4194.0,168,Delivered
Marney O'Breen,Eclairs,New Zealand,2023-07-10,6747.75,356,Delivered
Curtice Advani,Smooth Silky Salty,USA,2023-07-10,7533.0,1077,Delivered
Marney O'Breen,50% Dark Bites,USA,2023-07-10,279.0,14,Delivered
Jehu Rudeforth,Spicy Special Slims,India,2023-07-10,7236.0,453,Delivered
Andria Kimpton,White Choc,USA,2023-07-11,6129.0,246,Delivered
Karlen McCaffrey,Mint Chip Choco,UK,2023-07-11,3440.25,246,Delivered
Van Tuxwell,Choco Coated Almonds,Canada,2023-07-11,252.0,21,Delivered
Kelci Walkden,Smooth Silky Salty,USA,2023-07-11,4797.0,533,Delivered
Beverie Moffet,Spicy Special Slims,UK,2023-07-11,2103.75,117,Delivered
Dotty Strutley,Spicy Special Slims,USA,2023-07-11,7465.5,393,Delivered
Brien Boise,Choco Coated Almonds,New Zealand,2023-07-11,265.5,23,Delivered
Gunar Cockshoot,Choco Coated Almonds,Australia,2023-07-11,4974.75,498,Delivered
Jan Morforth,Choco Coated Almonds,India,2023-07-11,3107.25,222,Delivered
Barr Faughny,Fruit & Nut Bars,USA,2023-07-11,7749.0,277,Cancelled
Curtice Advani,50% Dark Bites,Australia,2023-07-11,519.75,31,Delivered
Beverie Moffet,Orange Choco,Australia,2023-07-11,11283.75,1411,Delivered
Jehu Rudeforth,Smooth Silky Salty,USA,2023-07-11,1377.0,197,Delivered
Oby Sorrel,Manuka Honey Choco,India,2023-07-11,5555.25,265,Delivered
Roddy Speechley,Milk Bars,UK,2023-07-11,5125.5,285,Delivered
Gigi Bohling,Choco Coated Almonds,India,2023-07-11,3919.5,302,Delivered
Dennison Crosswaite,Smooth Silky Salty,New Zealand,2023-07-11,15162.75,1264,Delivered
Roddy Speechley,Drinking Coco,USA,2023-07-11,5460.75,456,Delivered
Dotty Strutley,Choco Coated Almonds,India,2023-07-11,740.25,68,Delivered
Marney O'Breen,Drinking Coco,India,2023-07-11,5472.0,548,Delivered
Dotty Strutley,Manuka Honey Choco,Australia,2023-07-12,6900.75,364,Delivered
Dotty Strutley,Manuka Honey Choco,USA,2023-07-12,1905.75,83,Delivered
Gunar Cockshoot,70% Dark Bites,UK,2023-07-12,3314.25,208,Delivered
Kelci Walkden,Smooth Silky Salty,Canada,2023-07-12,5742.0,718,Delivered
Beverie Moffet,Baker's Choco Chips,USA,2023-07-12,5123.25,270,Delivered
Camilla Castle,Baker's Choco Chips,UK,2023-07-12,13410.0,671,Delivered
Kelci Walkden,Raspberry Choco,Canada,2023-07-12,8991.0,1124,Delivered
Curtice Advani,99% Dark & Pure,Canada,2023-07-12,9843.75,519,Delivered
Barr Faughny,Eclairs,India,2023-07-12,5127.75,257,Cancelled
Gigi Bohling,85% Dark Bars,Australia,2023-07-12,414.0,18,Delivered
Curtice Advani,Fruit & Nut Bars,Australia,2023-07-12,6680.25,257,Delivered
Husein Augar,Mint Chip Choco,UK,2023-07-12,4365.0,312,Delivered
Wilone O'Kielt,Drinking Coco,USA,2023-07-12,5658.75,472,Delivered
Roddy Speechley,Mint Chip Choco,UK,2023-07-13,2427.75,203,Delivered
Brien Boise,Milk Bars,UK,2023-07-13,2731.5,161,Delivered
Marney O'Breen,Manuka Honey Choco,New Zealand,2023-07-13,5193.0,226,Delivered
Curtice Advani,Baker's Choco Chips,Canada,2023-07-13,4061.25,204,Delivered
Roddy Speechley,Baker's Choco Chips,USA,2023-07-13,11394.0,760,Delivered
Brien Boise,Baker's Choco Chips,Australia,2023-07-13,3498.75,219,Delivered
Madelene Upcott,Eclairs,UK,2023-07-14,3784.5,165,Delivered
Ches Bonnell,Baker's Choco Chips,USA,2023-07-14,3222.0,202,Delivered
Gigi Bohling,Raspberry Choco,USA,2023-07-14,1233.0,124,Delivered
Kelci Walkden,Fruit & Nut Bars,UK,2023-07-14,12386.25,477,Cancelled
Ches Bonnell,99% Dark & Pure,Australia,2023-07-14,19302.75,805,Delivered
Roddy Speechley,Spicy Special Slims,Australia,2023-07-14,4214.25,248,Delivered
Beverie Moffet,Eclairs,New Zealand,2023-07-14,8039.25,350,Delivered
Dotty Strutley,70% Dark Bites,USA,2023-07-14,317.25,18,Delivered
Marney O'Breen,Baker's Choco Chips,USA,2023-07-14,7103.25,374,Delivered
Madelene Upcott,Drinking Coco,Canada,2023-07-14,5645.25,565,Delivered
Ches Bonnell,Mint Chip Choco,India,2023-07-14,10761.75,897,Delivered
Ches Bonnell,Organic Choco Syrup,USA,2023-07-14,7683.75,405,Delivered
Curtice Advani,Fruit & Nut Bars,USA,2023-07-14,4218.75,169,Delivered
Brien Boise,Choco Coated Almonds,USA,2023-07-14,7132.5,714,Delivered
Brien Boise,70% Dark Bites,USA,2023-07-14,5361.75,358,Delivered
Gunar Cockshoot,99% Dark & Pure,UK,2023-07-14,17104.5,778,Delivered
Gigi Bohling,70% Dark Bites,UK,2023-07-17,3118.5,208,Delivered
Jehu Rudeforth,Orange Choco,Canada,2023-07-17,9348.75,850,Cancelled
Beverie Moffet,99% Dark & Pure,UK,2023-07-17,8847.0,369,Delivered
Marney O'Breen,Eclairs,India,2023-07-17,6797.25,358,Delivered
Dotty Strutley,50% Dark Bites,Canada,2023-07-17,5793.75,264,Delivered
Kelci Walkden,Baker's Choco Chips,USA,2023-07-17,7438.5,438,Delivered
Madelene Upcott,50% Dark Bites,UK,2023-07-17,3465.0,193,Delivered
Oby Sorrel,Drinking Coco,New Zealand,2023-07-17,5400.0,416,Delivered
Beverie Moffet,Raspberry Choco,Canada,2023-07-17,3642.75,456,Delivered
Kelci Walkden,Manuka Honey Choco,UK,2023-07-17,21197.25,922,Delivered
Roddy Speechley,Milk Bars,Australia,2023-07-17,621.0,32,Delivered
Curtice Advani,Fruit & Nut Bars,UK,2023-07-17,7431.75,298,Delivered
Wilone O'Kielt,50% Dark Bites,Canada,2023-07-17,7278.75,347,Delivered
Karlen McCaffrey,Fruit & Nut Bars,New Zealand,2023-07-17,10017.0,371,Cancelled
Roddy Speechley,Fruit & Nut Bars,Canada,2023-07-17,373.5,17,Delivered
Husein Augar,Organic Choco Syrup,USA,2023-07-17,5420.25,247,Delivered
Wilone O'Kielt,Smooth Silky Salty,Canada,2023-07-17,18769.5,2682,Delivered
Gigi Bohling,Orange Choco,India,2023-07-17,7539.75,1257,Delivered
Mallorie Waber,70% Dark Bites,Canada,2023-07-17,3665.25,193,Delivered
Kaine Padly,Eclairs,Australia,2023-07-17,7994.25,381,Delivered
Dotty Strutley,70% Dark Bites,India,2023-07-18,1323.0,70,Delivered
Rafaelita Blaksland,Caramel Stuffed Bars,USA,2023-07-18,9573.75,564,Delivered
Brien Boise,Eclairs,India,2023-07-18,5260.5,240,Delivered
Kaine Padly,Spicy Special Slims,UK,2023-07-18,1822.5,102,Delivered
Barr Faughny,Fruit & Nut Bars,New Zealand,2023-07-18,3156.75,127,Cancelled
Rafaelita Blaksland,Mint Chip Choco,Canada,2023-07-18,726.75,52,Delivered
Beverie Moffet,Raspberry Choco,Canada,2023-07-18,5872.5,653,Delivered
Ches Bonnell,Eclairs,New Zealand,2023-07-18,2380.5,126,Delivered
Ches Bonnell,Mint Chip Choco,New Zealand,2023-07-18,78.75,7,Delivered
Dotty Strutley,Choco Coated Almonds,USA,2023-07-18,2988.0,214,Delivered
Dotty Strutley,Manuka Honey Choco,USA,2023-07-18,4099.5,179,Delivered
Barr Faughny,Drinking Coco,India,2023-07-18,6293.25,525,Delivered
Brien Boise,Organic Choco Syrup,Australia,2023-07-18,5359.5,234,Delivered
Marney O'Breen,Almond Choco,India,2023-07-18,4403.25,367,Delivered
Gigi Bohling,Manuka Honey Choco,Canada,2023-07-18,1719.0,91,Delivered
Marney O'Breen,Spicy Special Slims,Australia,2023-07-18,5204.25,261,Delivered
Wilone O'Kielt,Orange Choco,UK,2023-07-18,3624.75,454,Cancelled
Jehu Rudeforth,Caramel Stuffed Bars,UK,2023-07-19,9119.25,435,Delivered
Madelene Upcott,Peanut Butter Cubes,UK,2023-07-19,5575.5,254,Delivered
Husein Augar,Peanut Butter Cubes,UK,2023-07-19,5690.25,238,Delivered
Andria Kimpton,Organic Choco Syrup,USA,2023-07-19,10721.25,488,Delivered
Barr Faughny,85% Dark Bars,India,2023-07-19,1154.25,55,Delivered
Jan Morforth,Fruit & Nut Bars,USA,2023-07-19,8003.25,297,Delivered
Jan Morforth,Organic Choco Syrup,India,2023-07-19,6709.5,292,Delivered
Dotty Strutley,Manuka Honey Choco,India,2023-07-19,15284.25,765,Delivered
Andria Kimpton,Fruit & Nut Bars,Australia,2023-07-19,5519.25,213,Delivered
Kelci Walkden,Choco Coated Almonds,India,2023-07-20,1399.5,128,Delivered
Camilla Castle,Raspberry Choco,India,2023-07-20,6178.5,883,Delivered
Husein Augar,70% Dark Bites,UK,2023-07-20,5955.75,398,Delivered
Wilone O'Kielt,Drinking Coco,Canada,2023-07-20,5130.0,395,Delivered
Andria Kimpton,99% Dark & Pure,UK,2023-07-20,12550.5,523,Delivered
Madelene Upcott,Smooth Silky Salty,India,2023-07-20,8550.0,855,Cancelled
Madelene Upcott,99% Dark & Pure,Canada,2023-07-20,6711.75,354,Delivered
Brien Boise,70% Dark Bites,New Zealand,2023-07-20,6869.25,405,Cancelled
Ches Bonnell,Choco Coated Almonds,USA,2023-07-20,5438.25,454,Delivered
Roddy Speechley,Choco Coated Almonds,India,2023-07-20,8844.75,632,Delivered
Kelci Walkden,Mint Chip Choco,India,2023-07-20,596.25,60,Delivered
Brien Boise,Eclairs,USA,2023-07-20,1253.25,55,Delivered
Brien Boise,Manuka Honey Choco,Australia,2023-07-20,6246.0,329,Delivered
Oby Sorrel,Orange Choco,India,2023-07-20,2544.75,364,Delivered
Brien Boise,Orange Choco,India,2023-07-20,14406.75,1310,Delivered
Rafaelita Blaksland,99% Dark & Pure,Canada,2023-07-20,4117.5,206,Delivered
Beverie Moffet,70% Dark Bites,UK,2023-07-20,4009.5,251,Delivered
Jan Morforth,Choco Coated Almonds,Australia,2023-07-20,2137.5,195,Delivered
Wilone O'Kielt,99% Dark & Pure,USA,2023-07-21,7497.0,375,Delivered
Husein Augar,Choco Coated Almonds,New Zealand,2023-07-21,463.5,47,Delivered
Jehu Rudeforth,99% Dark & Pure,USA,2023-07-21,7348.5,307,Delivered
Roddy Speechley,50% Dark Bites,USA,2023-07-21,1257.75,58,Delivered
Kelci Walkden,Drinking Coco,USA,2023-07-21,5523.75,691,Delivered
Madelene Upcott,Raspberry Choco,India,2023-07-21,12368.25,2474,Delivered
Barr Faughny,Choco Coated Almonds,USA,2023-07-21,6023.25,464,Delivered
Gigi Bohling,White Choc,India,2023-07-21,8750.25,381,Delivered
Gunar Cockshoot,Milk Bars,USA,2023-07-24,486.0,26,Delivered
Oby Sorrel,Eclairs,India,2023-07-24,2189.25,105,Delivered
Roddy Speechley,Spicy Special Slims,USA,2023-07-24,274.5,18,Delivered
Marney O'Breen,70% Dark Bites,India,2023-07-25,2720.25,182,Delivered
Kelci Walkden,Eclairs,USA,2023-07-25,4295.25,215,Delivered
Curtice Advani,Manuka Honey Choco,Australia,2023-07-25,14712.75,669,Delivered
Dotty Strutley,Organic Choco Syrup,USA,2023-07-25,9913.5,451,Cancelled
Van Tuxwell,Baker's Choco Chips,USA,2023-07-25,10219.5,602,Delivered
Ches Bonnell,70% Dark Bites,New Zealand,2023-07-25,12708.0,748,Delivered
Madelene Upcott,Peanut Butter Cubes,New Zealand,2023-07-25,6003.0,316,Delivered
Beverie Moffet,Smooth Silky Salty,UK,2023-07-25,5681.25,812,Delivered
Curtice Advani,85% Dark Bars,UK,2023-07-25,6774.75,271,Delivered
Marney O'Breen,Caramel Stuffed Bars,UK,2023-07-26,292.5,17,Delivered
Dennison Crosswaite,Fruit & Nut Bars,UK,2023-07-26,13308.75,555,Delivered
Kaine Padly,Raspberry Choco,UK,2023-07-26,5051.25,722,Delivered
Dennison Crosswaite,Choco Coated Almonds,India,2023-07-26,812.25,74,Delivered
Ches Bonnell,Caramel Stuffed Bars,USA,2023-07-26,9261.0,515,Delivered
Jehu Rudeforth,Milk Bars,Australia,2023-07-26,2337.75,112,Delivered
Andria Kimpton,Peanut Butter Cubes,India,2023-07-26,6635.25,302,Delivered
Andria Kimpton,Mint Chip Choco,UK,2023-07-27,1669.5,129,Delivered
Madelene Upcott,70% Dark Bites,Canada,2023-07-27,5121.0,342,Delivered
Kelci Walkden,Baker's Choco Chips,UK,2023-07-27,11529.0,721,Delivered
Dotty Strutley,Peanut Butter Cubes,USA,2023-07-27,7753.5,353,Delivered
Wilone O'Kielt,Raspberry Choco,New Zealand,2023-07-27,1266.75,212,Delivered
Marney O'Breen,After Nines,USA,2023-07-27,8327.25,595,Delivered
Karlen McCaffrey,Raspberry Choco,India,2023-07-27,9150.75,916,Delivered
Dotty Strutley,Choco Coated Almonds,Australia,2023-07-27,4500.0,450,Delivered
Camilla Castle,Drinking Coco,USA,2023-07-27,5166.0,517,Delivered
Marney O'Breen,Fruit & Nut Bars,UK,2023-07-27,5805.0,208,Delivered
Ches Bonnell,Orange Choco,Australia,2023-07-27,7926.75,991,Delivered
Andria Kimpton,Orange Choco,UK,2023-07-27,373.5,38,Delivered
Gunar Cockshoot,Milk Bars,New Zealand,2023-07-27,216.0,12,Delivered
Jan Morforth,Eclairs,India,2023-07-27,6612.75,301,Delivered
Gunar Cockshoot,Manuka Honey Choco,USA,2023-07-27,2605.5,125,Delivered
Oby Sorrel,70% Dark Bites,Australia,2023-07-27,2144.25,127,Delivered
Husein Augar,Raspberry Choco,Canada,2023-07-27,5550.75,793,Delivered
Kelci Walkden,Peanut Butter Cubes,India,2023-07-28,7611.75,381,Delivered
Madelene Upcott,Peanut Butter Cubes,UK,2023-07-28,7643.25,333,Delivered
Jehu Rudeforth,50% Dark Bites,Australia,2023-07-28,357.75,22,Delivered
Barr Faughny,Orange Choco,India,2023-07-28,5787.0,527,Delivered
Dotty Strutley,Eclairs,India,2023-07-28,7812.0,372,Delivered
Andria Kimpton,Fruit & Nut Bars,India,2023-07-28,9184.5,383,Delivered
Husein Augar,70% Dark Bites,UK,2023-07-28,3024.0,152,Delivered
Roddy Speechley,Spicy Special Slims,Canada,2023-07-28,8516.25,533,Delivered
Ches Bonnell,70% Dark Bites,UK,2023-07-28,2702.25,181,Cancelled
Madelene Upcott,Milk Bars,India,2023-07-31,1899.0,100,Delivered
Andria Kimpton,Manuka Honey Choco,UK,2023-07-31,542.25,31,Delivered
Andria Kimpton,Organic Choco Syrup,India,2023-07-31,2610.0,125,Delivered
Madelene Upcott,Choco Coated Almonds,USA,2023-07-31,4173.75,279,Delivered
Van Tuxwell,Raspberry Choco,USA,2023-07-31,6885.0,861,Delivered
Gunar Cockshoot,After Nines,New Zealand,2023-07-31,7476.75,499,Delivered
Brien Boise,Choco Coated Almonds,Australia,2023-07-31,247.5,17,Delivered
Karlen McCaffrey,99% Dark & Pure,Canada,2023-07-31,5926.5,283,Delivered
Van Tuxwell,Raspberry Choco,UK,2023-07-31,2135.25,306,Delivered
Curtice Advani,99% Dark & Pure,USA,2023-08-01,6781.5,340,Delivered
Gigi Bohling,Eclairs,UK,2023-08-01,1269.0,67,Delivered
Jan Morforth,Peanut Butter Cubes,Australia,2023-08-01,10804.5,451,Delivered
Andria Kimpton,Smooth Silky Salty,UK,2023-08-01,9731.25,811,Delivered
Rafaelita Blaksland,White Choc,USA,2023-08-01,2794.5,140,Delivered
Kaine Padly,50% Dark Bites,Canada,2023-08-01,4169.25,209,Delivered
Oby Sorrel,Eclairs,India,2023-08-01,9729.0,464,Cancelled
Husein Augar,Smooth Silky Salty,UK,2023-08-01,3854.25,482,Cancelled
Marney O'Breen,Milk Bars,Canada,2023-08-01,6390.0,376,Delivered
Kaine Padly,Peanut Butter Cubes,UK,2023-08-01,7029.0,335,Cancelled
Gunar Cockshoot,Choco Coated Almonds,USA,2023-08-01,2265.75,175,Delivered
Dennison Crosswaite,Spicy Special Slims,UK,2023-08-01,1381.5,93,Delivered
Brien Boise,Choco Coated Almonds,USA,2023-08-01,8275.5,592,Delivered
Jehu Rudeforth,Mint Chip Choco,India,2023-08-01,8118.0,625,Delivered
Curtice Advani,Eclairs,India,2023-08-01,834.75,38,Delivered
Barr Faughny,70% Dark Bites,USA,2023-08-02,3069.0,192,Delivered
Oby Sorrel,Choco Coated Almonds,New Zealand,2023-08-02,1316.25,95,Delivered
Gunar Cockshoot,85% Dark Bars,UK,2023-08-02,4351.5,190,Delivered
Rafaelita Blaksland,Eclairs,Australia,2023-08-02,3199.5,169,Delivered
Husein Augar,Orange Choco,USA,2023-08-02,15099.75,2517,Delivered
Ches Bonnell,Mint Chip Choco,Australia,2023-08-02,249.75,23,Delivered
Roddy Speechley,Eclairs,New Zealand,2023-08-02,2994.75,137,Cancelled
Marney O'Breen,Eclairs,UK,2023-08-02,895.5,50,Delivered
Dennison Crosswaite,Orange Choco,USA,2023-08-02,8820.0,802,Delivered
Beverie Moffet,Mint Chip Choco,USA,2023-08-02,1388.25,139,Delivered
Husein Augar,Manuka Honey Choco,Canada,2023-08-02,4779.0,252,Delivered
Dennison Crosswaite,Drinking Coco,India,2023-08-02,5845.5,731,Delivered
Husein Augar,Baker's Choco Chips,New Zealand,2023-08-02,10226.25,640,Delivered
Wilone O'Kielt,Manuka Honey Choco,UK,2023-08-03,7845.75,342,Delivered
Beverie Moffet,Spicy Special Slims,USA,2023-08-03,4702.5,262,Delivered
Roddy Speechley,Eclairs,USA,2023-08-03,7326.0,319,Cancelled
Barr Faughny,70% Dark Bites,India,2023-08-03,3807.0,212,Cancelled
Husein Augar,Choco Coated Almonds,Canada,2023-08-03,501.75,39,Delivered
Gigi Bohling,Spicy Special Slims,UK,2023-08-03,1251.0,66,Delivered
Kaine Padly,Smooth Silky Salty,Canada,2023-08-03,182.25,27,Delivered
Jehu Rudeforth,99% Dark & Pure,New Zealand,2023-08-03,6723.0,306,Delivered
Dotty Strutley,Baker's Choco Chips,Canada,2023-08-03,6313.5,351,Delivered
Madelene Upcott,Milk Bars,UK,2023-08-03,13092.75,690,Delivered
Husein Augar,Organic Choco Syrup,UK,2023-08-03,2565.0,129,Delivered
Beverie Moffet,Eclairs,Canada,2023-08-03,3206.25,153,Delivered
Karlen McCaffrey,Orange Choco,India,2023-08-03,6621.75,828,Delivered
Oby Sorrel,Orange Choco,India,2023-08-03,2711.25,272,Delivered
Dotty Strutley,Peanut Butter Cubes,UK,2023-08-03,8289.0,395,Delivered
Beverie Moffet,Organic Choco Syrup,USA,2023-08-03,15430.5,858,Delivered
Roddy Speechley,Drinking Coco,UK,2023-08-03,5316.75,591,Delivered
Madelene Upcott,Manuka Honey Choco,UK,2023-08-03,1012.5,57,Delivered
Brien Boise,Spicy Special Slims,USA,2023-08-04,5766.75,340,Delivered
Beverie Moffet,Baker's Choco Chips,Canada,2023-08-04,4036.5,225,Delivered
Gunar Cockshoot,Baker's Choco Chips,UK,2023-08-04,9918.0,522,Delivered
Husein Augar,70% Dark Bites,UK,2023-08-04,6198.75,345,Delivered
Jan Morforth,70% Dark Bites,New Zealand,2023-08-04,8012.25,446,Delivered
Madelene Upcott,70% Dark Bites,Australia,2023-08-04,3879.0,229,Delivered
Gunar Cockshoot,Manuka Honey Choco,Australia,2023-08-04,8518.5,388,Delivered
Husein Augar,Orange Choco,New Zealand,2023-08-04,5843.25,731,Delivered
Kelci Walkden,Eclairs,UK,2023-08-04,2189.25,110,Delivered
Roddy Speechley,99% Dark & Pure,UK,2023-08-04,3748.5,179,Delivered
Husein Augar,70% Dark Bites,Canada,2023-08-04,1282.5,68,Delivered
Van Tuxwell,Drinking Coco,Australia,2023-08-04,5816.25,485,Delivered
Kelci Walkden,Orange Choco,Canada,2023-08-04,7440.75,1241,Delivered
Madelene Upcott,Eclairs,India,2023-08-04,1080.0,50,Delivered
Barr Faughny,Drinking Coco,Australia,2023-08-07,5139.0,429,Delivered
Dotty Strutley,Drinking Coco,USA,2023-08-07,5109.75,511,Delivered
Beverie Moffet,Orange Choco,India,2023-08-07,11137.5,1393,Cancelled
Beverie Moffet,Choco Coated Almonds,UK,2023-08-07,2648.25,241,Delivered
Madelene Upcott,Manuka Honey Choco,USA,2023-08-08,5967.0,260,Delivered
Madelene Upcott,Choco Coated Almonds,India,2023-08-08,7044.75,542,Cancelled
Madelene Upcott,Baker's Choco Chips,India,2023-08-08,9312.75,548,Delivered
Madelene Upcott,Smooth Silky Salty,UK,2023-08-08,3561.75,396,Delivered
Dennison Crosswaite,Smooth Silky Salty,USA,2023-08-08,618.75,62,Delivered
Gunar Cockshoot,Baker's Choco Chips,New Zealand,2023-08-08,9900.0,660,Delivered
Brien Boise,Organic Choco Syrup,Canada,2023-08-08,17797.5,848,Delivered
Wilone O'Kielt,Drinking Coco,India,2023-08-08,5852.25,732,Cancelled
Wilone O'Kielt,Mint Chip Choco,USA,2023-08-08,686.25,58,Delivered
Gigi Bohling,50% Dark Bites,Australia,2023-08-08,4545.0,240,Delivered
Madelene Upcott,Drinking Coco,Canada,2023-08-08,5400.0,675,Delivered
Brien Boise,Baker's Choco Chips,UK,2023-08-08,10170.0,599,Delivered
Brien Boise,Manuka Honey Choco,USA,2023-08-08,1345.5,62,Delivered
Gunar Cockshoot,Almond Choco,India,2023-08-08,4704.75,589,Delivered
Van Tuxwell,Baker's Choco Chips,Canada,2023-08-08,8628.75,432,Delivered
Dotty Strutley,Mint Chip Choco,USA,2023-08-08,1802.25,164,Delivered
Camilla Castle,Almond Choco,Australia,2023-08-09,526.5,59,Delivered
Brien Boise,Drinking Coco,USA,2023-08-09,5503.5,688,Delivered
Kelci Walkden,Baker's Choco Chips,USA,2023-08-09,177.75,11,Delivered
Wilone O'Kielt,Spicy Special Slims,New Zealand,2023-08-09,11301.75,566,Delivered
Van Tuxwell,Eclairs,Canada,2023-08-09,9159.75,458,Delivered
Gunar Cockshoot,Mint Chip Choco,USA,2023-08-09,3786.75,379,Delivered
Gunar Cockshoot,Fruit & Nut Bars,Canada,2023-08-09,4221.0,157,Delivered
Dennison Crosswaite,Peanut Butter Cubes,UK,2023-08-09,5942.25,248,Delivered
Dotty Strutley,Organic Choco Syrup,India,2023-08-09,8221.5,433,Delivered
Husein Augar,Peanut Butter Cubes,UK,2023-08-09,6736.5,307,Delivered
Roddy Speechley,99% Dark & Pure,New Zealand,2023-08-09,6282.0,262,Delivered
Karlen McCaffrey,Peanut Butter Cubes,USA,2023-08-09,7047.0,294,Delivered
Gunar Cockshoot,99% Dark & Pure,UK,2023-08-09,3901.5,163,Delivered
Roddy Speechley,85% Dark Bars,USA,2023-08-09,4581.0,184,Delivered
Brien Boise,Peanut Butter Cubes,UK,2023-08-09,7983.0,421,Delivered
Barr Faughny,50% Dark Bites,New Zealand,2023-08-10,6898.5,314,Delivered
Gunar Cockshoot,Smooth Silky Salty,New Zealand,2023-08-10,9776.25,978,Delivered
Barr Faughny,Raspberry Choco,UK,2023-08-10,3687.75,615,Delivered
Dotty Strutley,Organic Choco Syrup,New Zealand,2023-08-10,65.25,3,Delivered
Jehu Rudeforth,After Nines,USA,2023-08-10,11943.0,797,Delivered
Jehu Rudeforth,Mint Chip Choco,New Zealand,2023-08-10,8214.75,747,Cancelled
Husein Augar,Spicy Special Slims,USA,2023-08-10,866.25,44,Delivered
Beverie Moffet,Caramel Stuffed Bars,UK,2023-08-10,1831.5,108,Delivered
Curtice Advani,Caramel Stuffed Bars,Canada,2023-08-10,2895.75,132,Cancelled
Gunar Cockshoot,White Choc,New Zealand,2023-08-11,2922.75,147,Delivered
Barr Faughny,White Choc,USA,2023-08-11,4441.5,212,Delivered
Madelene Upcott,99% Dark & Pure,Canada,2023-08-11,7083.0,322,Delivered
Gunar Cockshoot,Fruit & Nut Bars,India,2023-08-11,389.25,15,Delivered
Gunar Cockshoot,Orange Choco,USA,2023-08-11,832.5,93,Delivered
Marney O'Breen,Drinking Coco,New Zealand,2023-08-11,5550.75,556,Delivered
Wilone O'Kielt,Drinking Coco,UK,2023-08-11,5427.0,679,Delivered
Oby Sorrel,Spicy Special Slims,Canada,2023-08-11,1908.0,113,Delivered
Kelci Walkden,Peanut Butter Cubes,UK,2023-08-11,3978.0,173,Delivered
Jan Morforth,Spicy Special Slims,USA,2023-08-11,974.25,65,Delivered
Madelene Upcott,85% Dark Bars,UK,2023-08-11,14238.0,678,Delivered
Dotty Strutley,Peanut Butter Cubes,USA,2023-08-11,10044.0,437,Delivered
Husein Augar,Manuka Honey Choco,New Zealand,2023-08-11,2742.75,153,Delivered
Husein Augar,70% Dark Bites,Canada,2023-08-11,9344.25,520,Delivered
Husein Augar,Organic Choco Syrup,UK,2023-08-11,3413.25,171,Delivered
Gigi Bohling,70% Dark Bites,India,2023-08-14,5886.0,368,Delivered
Wilone O'Kielt,Drinking Coco,Canada,2023-08-14,5361.75,413,Delivered
Gunar Cockshoot,Drinking Coco,Australia,2023-08-14,4891.5,612,Delivered
Madelene Upcott,50% Dark Bites,Australia,2023-08-14,1325.25,67,Delivered
Gunar Cockshoot,Baker's Choco Chips,New Zealand,2023-08-14,3998.25,236,Delivered
Andria Kimpton,Peanut Butter Cubes,USA,2023-08-14,6896.25,300,Delivered
Madelene Upcott,Orange Choco,New Zealand,2023-08-14,10723.5,975,Delivered
Husein Augar,Organic Choco Syrup,UK,2023-08-14,5274.0,252,Delivered
Barr Faughny,Choco Coated Almonds,USA,2023-08-14,7112.25,647,Delivered
Kaine Padly,Fruit & Nut Bars,UK,2023-08-14,4639.5,194,Delivered
Gigi Bohling,Organic Choco Syrup,Australia,2023-08-14,5373.0,234,Cancelled
Dotty Strutley,Fruit & Nut Bars,India,2023-08-14,10017.0,371,Delivered
Rafaelita Blaksland,White Choc,UK,2023-08-14,3665.25,167,Delivered
Curtice Advani,Organic Choco Syrup,New Zealand,2023-08-14,3318.75,166,Delivered
Madelene Upcott,White Choc,USA,2023-08-14,7062.75,322,Delivered
Curtice Advani,Eclairs,Australia,2023-08-14,4673.25,234,Cancelled
Dotty Strutley,Manuka Honey Choco,Canada,2023-08-14,5692.5,248,Delivered
Andria Kimpton,Raspberry Choco,UK,2023-08-14,14298.75,1589,Delivered
Gigi Bohling,Mint Chip Choco,USA,2023-08-14,1710.0,132,Delivered
Madelene Upcott,Drinking Coco,Canada,2023-08-14,5663.25,567,Delivered
Brien Boise,Baker's Choco Chips,UK,2023-08-14,15480.0,911,Delivered
Dotty Strutley,Drinking Coco,USA,2023-08-15,4981.5,623,Delivered
Barr Faughny,99% Dark & Pure,India,2023-08-15,6315.75,301,Delivered
Brien Boise,99% Dark & Pure,New Zealand,2023-08-15,3215.25,134,Delivered
Jehu Rudeforth,Choco Coated Almonds,Canada,2023-08-15,3012.75,252,Delivered
Marney O'Breen,Drinking Coco,UK,2023-08-15,5411.25,492,Delivered
Gigi Bohling,Manuka Honey Choco,Australia,2023-08-15,3611.25,172,Delivered
Gunar Cockshoot,99% Dark & Pure,New Zealand,2023-08-15,2641.5,121,Delivered
Roddy Speechley,Manuka Honey Choco,UK,2023-08-15,10433.25,550,Delivered
Barr Faughny,White Choc,India,2023-08-15,1469.25,62,Delivered
Gunar Cockshoot,Eclairs,USA,2023-08-15,4891.5,258,Delivered
Ches Bonnell,Manuka Honey Choco,Canada,2023-08-15,16350.75,711,Delivered
Wilone O'Kielt,Organic Choco Syrup,India,2023-08-15,769.5,39,Delivered
Beverie Moffet,Drinking Coco,India,2023-08-15,5346.0,486,Delivered
Dotty Strutley,Spicy Special Slims,UK,2023-08-15,4214.25,248,Delivered
Gigi Bohling,Fruit & Nut Bars,Australia,2023-08-15,10908.0,420,Delivered
Gigi Bohling,Mint Chip Choco,India,2023-08-15,2776.5,232,Delivered
Dotty Strutley,Peanut Butter Cubes,UK,2023-08-15,1496.25,75,Delivered
Dotty Strutley,Almond Choco,New Zealand,2023-08-15,7587.0,584,Delivered
Madelene Upcott,After Nines,USA,2023-08-15,5280.75,441,Delivered
Van Tuxwell,Fruit & Nut Bars,UK,2023-08-15,6167.25,247,Delivered
Roddy Speechley,Raspberry Choco,Canada,2023-08-15,5199.75,650,Delivered
Brien Boise,Choco Coated Almonds,USA,2023-08-15,3145.5,263,Delivered
Husein Augar,Choco Coated Almonds,UK,2023-08-16,14217.75,1293,Delivered
Camilla Castle,Organic Choco Syrup,New Zealand,2023-08-16,2850.75,136,Delivered
Dotty Strutley,Almond Choco,India,2023-08-16,1741.5,159,Delivered
Mallorie Waber,85% Dark Bars,Australia,2023-08-16,9.0,1,Delivered
Oby Sorrel,Almond Choco,UK,2023-08-16,8376.75,1048,Delivered
Wilone O'Kielt,Orange Choco,USA,2023-08-16,6295.5,1050,Delivered
Andria Kimpton,Organic Choco Syrup,New Zealand,2023-08-16,7188.75,360,Delivered
Karlen McCaffrey,Choco Coated Almonds,USA,2023-08-16,87.75,7,Delivered
Roddy Speechley,Orange Choco,India,2023-08-16,13205.25,1887,Delivered
Husein Augar,Peanut Butter Cubes,New Zealand,2023-08-16,6014.25,251,Delivered
Dotty Strutley,Baker's Choco Chips,Australia,2023-08-16,7944.75,530,Delivered
Brien Boise,50% Dark Bites,India,2023-08-16,9384.75,470,Delivered
Madelene Upcott,70% Dark Bites,UK,2023-08-16,7125.75,396,Delivered
Brien Boise,Caramel Stuffed Bars,UK,2023-08-16,11043.0,614,Delivered
Husein Augar,99% Dark & Pure,Canada,2023-08-16,20594.25,859,Delivered
Madelene Upcott,After Nines,Canada,2023-08-16,4644.0,423,Delivered
Roddy Speechley,Choco Coated Almonds,UK,2023-08-16,2785.5,279,Cancelled
Van Tuxwell,Eclairs,UK,2023-08-17,2187.0,122,Delivered
Dennison Crosswaite,Manuka Honey Choco,Australia,2023-08-17,4441.5,194,Delivered
Curtice Advani,Organic Choco Syrup,Canada,2023-08-17,1251.0,66,Delivered
Andria Kimpton,70% Dark Bites,UK,2023-08-17,1125.0,57,Delivered
Brien Boise,Orange Choco,Australia,2023-08-17,3924.0,654,Delivered
Kelci Walkden,Orange Choco,Canada,2023-08-17,5980.5,748,Delivered
Jan Morforth,Manuka Honey Choco,USA,2023-08-18,4185.0,210,Cancelled
Barr Faughny,White Choc,New Zealand,2023-08-18,6599.25,315,Delivered
Marney O'Breen,Choco Coated Almonds,India,2023-08-18,8712.0,726,Delivered
Van Tuxwell,Drinking Coco,USA,2023-08-18,4936.5,412,Delivered
Barr Faughny,Caramel Stuffed Bars,UK,2023-08-18,4864.5,257,Delivered
Wilone O'Kielt,Spicy Special Slims,Australia,2023-08-18,16429.5,967,Delivered
Gigi Bohling,Choco Coated Almonds,USA,2023-08-18,5874.75,420,Delivered
Husein Augar,Peanut Butter Cubes,India,2023-08-18,8397.0,420,Delivered
Brien Boise,Caramel Stuffed Bars,UK,2023-08-18,3368.25,169,Delivered
Beverie Moffet,Almond Choco,Australia,2023-08-18,283.5,36,Delivered
Marney O'Breen,50% Dark Bites,USA,2023-08-18,420.75,23,Delivered
Dotty Strutley,50% Dark Bites,USA,2023-08-18,3501.0,167,Delivered
Jehu Rudeforth,Orange Choco,USA,2023-08-18,8581.5,1431,Delivered
Husein Augar,Manuka Honey Choco,UK,2023-08-18,3519.0,176,Delivered
Gunar Cockshoot,Manuka Honey Choco,UK,2023-08-18,9117.0,456,Delivered
Rafaelita Blaksland,Caramel Stuffed Bars,UK,2023-08-18,3744.0,188,Delivered
Gigi Bohling,Choco Coated Almonds,Canada,2023-08-18,12971.25,1298,Delivered
Beverie Moffet,Milk Bars,USA,2023-08-21,6842.25,343,Delivered
Marney O'Breen,99% Dark & Pure,Canada,2023-08-21,10442.25,455,Delivered
Gunar Cockshoot,Peanut Butter Cubes,Australia,2023-08-21,6639.75,317,Cancelled
Madelene Upcott,50% Dark Bites,UK,2023-08-21,5676.75,299,Delivered
Andria Kimpton,Caramel Stuffed Bars,India,2023-08-21,1694.25,90,Delivered
Gunar Cockshoot,Almond Choco,India,2023-08-22,4077.0,371,Delivered
Jehu Rudeforth,Manuka Honey Choco,USA,2023-08-22,15788.25,831,Delivered
Beverie Moffet,Manuka Honey Choco,USA,2023-08-22,5125.5,223,Delivered
Beverie Moffet,85% Dark Bars,USA,2023-08-22,5386.5,245,Delivered
Mallorie Waber,After Nines,India,2023-08-22,7897.5,527,Delivered
Roddy Speechley,Eclairs,India,2023-08-22,5071.5,254,Delivered
Wilone O'Kielt,50% Dark Bites,Australia,2023-08-22,1597.5,85,Delivered
Wilone O'Kielt,Raspberry Choco,India,2023-08-23,4209.75,602,Delivered
Marney O'Breen,Eclairs,Australia,2023-08-23,1910.25,101,Delivered
Kelci Walkden,85% Dark Bars,New Zealand,2023-08-23,1053.0,41,Delivered
Marney O'Breen,50% Dark Bites,Canada,2023-08-23,6779.25,309,Delivered
Marney O'Breen,Smooth Silky Salty,Canada,2023-08-23,1750.5,160,Delivered
Curtice Advani,Mint Chip Choco,USA,2023-08-23,3960.0,330,Delivered
Oby Sorrel,Choco Coated Almonds,UK,2023-08-23,3696.75,337,Delivered
Husein Augar,Mint Chip Choco,USA,2023-08-23,4313.25,309,Delivered
Oby Sorrel,50% Dark Bites,New Zealand,2023-08-24,1071.0,60,Delivered
Wilone O'Kielt,Raspberry Choco,Australia,2023-08-24,3341.25,557,Delivered
Gunar Cockshoot,Manuka Honey Choco,Australia,2023-08-24,5449.5,273,Delivered
Curtice Advani,Orange Choco,India,2023-08-24,6594.75,825,Delivered
Karlen McCaffrey,Orange Choco,USA,2023-08-24,357.75,45,Delivered
Barr Faughny,Caramel Stuffed Bars,UK,2023-08-24,11657.25,583,Delivered
Barr Faughny,Baker's Choco Chips,UK,2023-08-24,686.25,37,Delivered
Jehu Rudeforth,Choco Coated Almonds,USA,2023-08-24,4250.25,426,Delivered
Van Tuxwell,50% Dark Bites,India,2023-08-24,5679.0,335,Delivered
Andria Kimpton,Drinking Coco,Canada,2023-08-24,5613.75,468,Delivered
Karlen McCaffrey,Eclairs,UK,2023-08-24,4646.25,203,Delivered
Andria Kimpton,Choco Coated Almonds,Australia,2023-08-24,3602.25,241,Delivered
Dotty Strutley,Mint Chip Choco,Australia,2023-08-24,1100.25,79,Delivered
Kelci Walkden,Choco Coated Almonds,USA,2023-08-24,4234.5,353,Delivered
Gunar Cockshoot,Choco Coated Almonds,USA,2023-08-24,2101.5,162,Delivered
Brien Boise,Caramel Stuffed Bars,USA,2023-08-24,6329.25,302,Delivered
Roddy Speechley,Eclairs,UK,2023-08-25,4241.25,185,Delivered
Marney O'Breen,Peanut Butter Cubes,UK,2023-08-25,5625.0,235,Delivered
Kelci Walkden,Baker's Choco Chips,Australia,2023-08-25,6475.5,341,Delivered
Dotty Strutley,Manuka Honey Choco,USA,2023-08-25,681.75,31,Delivered
Rafaelita Blaksland,Peanut Butter Cubes,USA,2023-08-25,6990.75,292,Delivered
Jan Morforth,Eclairs,UK,2023-08-25,5499.0,306,Delivered
Andria Kimpton,Fruit & Nut Bars,Australia,2023-08-25,6693.75,248,Delivered
Van Tuxwell,Organic Choco Syrup,USA,2023-08-25,2047.5,103,Delivered
Jehu Rudeforth,Peanut Butter Cubes,USA,2023-08-25,6948.0,366,Delivered
Barr Faughny,Eclairs,India,2023-08-25,1662.75,88,Delivered
Gigi Bohling,Spicy Special Slims,UK,2023-08-28,6561.0,329,Delivered
Kelci Walkden,Choco Coated Almonds,UK,2023-08-28,3618.0,259,Delivered
Roddy Speechley,Fruit & Nut Bars,UK,2023-08-28,16341.75,629,Delivered
Husein Augar,50% Dark Bites,India,2023-08-28,4765.5,281,Delivered
Van Tuxwell,99% Dark & Pure,India,2023-08-28,5998.5,286,Delivered
Husein Augar,Mint Chip Choco,USA,2023-08-28,1154.25,129,Delivered
Dennison Crosswaite,Choco Coated Almonds,New Zealand,2023-08-28,2209.5,221,Delivered
Dotty Strutley,Fruit & Nut Bars,Canada,2023-08-28,6192.0,270,Delivered
Brien Boise,Milk Bars,UK,2023-08-28,699.75,42,Delivered
Barr Faughny,Eclairs,UK,2023-08-29,8304.75,416,Delivered
Madelene Upcott,99% Dark & Pure,UK,2023-08-29,956.25,42,Delivered
Madelene Upcott,Mint Chip Choco,India,2023-08-29,3213.0,248,Delivered
Madelene Upcott,Milk Bars,Australia,2023-08-29,8406.0,383,Cancelled
Andria Kimpton,70% Dark Bites,USA,2023-08-29,2497.5,167,Delivered
Madelene Upcott,99% Dark & Pure,Australia,2023-08-29,10210.5,511,Delivered
Jan Morforth,99% Dark & Pure,Canada,2023-08-29,12665.25,667,Delivered
Roddy Speechley,70% Dark Bites,USA,2023-08-29,5942.25,350,Cancelled
Karlen McCaffrey,85% Dark Bars,USA,2023-08-29,2765.25,107,Delivered
Brien Boise,Organic Choco Syrup,New Zealand,2023-08-30,9603.0,437,Delivered
Jehu Rudeforth,Smooth Silky Salty,Australia,2023-08-30,16317.0,2040,Delivered
Husein Augar,Almond Choco,UK,2023-08-30,5881.5,453,Delivered
Karlen McCaffrey,Eclairs,New Zealand,2023-08-30,1525.5,70,Delivered
Roddy Speechley,50% Dark Bites,India,2023-08-30,4117.5,229,Delivered
Marney O'Breen,Orange Choco,India,2023-08-30,3096.0,387,Delivered
Wilone O'Kielt,Peanut Butter Cubes,India,2023-08-30,3208.5,140,Cancelled
Beverie Moffet,Mint Chip Choco,UK,2023-08-30,650.25,73,Delivered
Wilone O'Kielt,Choco Coated Almonds,Australia,2023-08-30,1361.25,105,Delivered
Wilone O'Kielt,70% Dark Bites,USA,2023-08-30,7602.75,507,Delivered
Barr Faughny,Eclairs,USA,2023-08-30,3665.25,204,Delivered
Van Tuxwell,Drinking Coco,UK,2023-08-30,6003.0,667,Delivered
Jan Morforth,70% Dark Bites,USA,2023-08-30,6867.0,430,Delivered
Marney O'Breen,Peanut Butter Cubes,Australia,2023-08-30,7278.75,331,Delivered
Beverie Moffet,Orange Choco,New Zealand,2023-08-30,877.5,110,Delivered
Karlen McCaffrey,Orange Choco,USA,2023-08-31,7598.25,845,Delivered
Dennison Crosswaite,70% Dark Bites,USA,2023-08-31,3507.75,234,Delivered
Brien Boise,99% Dark & Pure,UK,2023-08-31,2992.5,137,Delivered
Curtice Advani,Orange Choco,USA,2023-08-31,1705.5,244,Delivered
Brien Boise,99% Dark & Pure,UK,2023-08-31,8534.25,372,Delivered
Dotty Strutley,Choco Coated Almonds,New Zealand,2023-08-31,8129.25,678,Delivered
Jan Morforth,Orange Choco,India,2023-08-31,7920.0,1320,Delivered
Karlen McCaffrey,Peanut Butter Cubes,USA,2023-08-31,9083.25,379,Delivered
Wilone O'Kielt,Baker's Choco Chips,India,2023-08-31,8457.75,446,Delivered
Barr Faughny,Raspberry Choco,Canada,2023-08-31,1966.5,246,Delivered
Dotty Strutley,Baker's Choco Chips,UK,2023-08-31,8230.5,458,Delivered
Gunar Cockshoot,Peanut Butter Cubes,India,2023-08-31,9344.25,445,Delivered
Wilone O'Kielt,Choco Coated Almonds,UK,2023-08-31,1494.0,100,Delivered
Marney O'Breen,Eclairs,India,2023-08-31,2846.25,159,Delivered
Barr Faughny,Eclairs,Canada,2023-08-31,5809.5,291,Delivered
Jehu Rudeforth,Milk Bars,UK,2023-08-31,2754.0,138,Delivered
Van Tuxwell,White Choc,New Zealand,2023-08-31,4887.0,204,Delivered
Karlen McCaffrey,Eclairs,India,2023-08-31,2385.0,120,Delivered
Brien Boise,Almond Choco,UK,2023-08-31,195.75,17,Delivered
Karlen McCaffrey,Manuka Honey Choco,India,2023-08-31,4533.75,216,Delivered
Van Tuxwell,99% Dark & Pure,New Zealand,2023-09-01,8709.75,379,Delivered
Madelene Upcott,85% Dark Bars,New Zealand,2023-09-01,3888.0,170,Cancelled
Dotty Strutley,Baker's Choco Chips,UK,2023-09-01,4124.25,230,Delivered
Brien Boise,Fruit & Nut Bars,Canada,2023-09-01,6196.5,230,Delivered
Marney O'Breen,Orange Choco,UK,2023-09-01,4686.75,521,Delivered
Jehu Rudeforth,Organic Choco Syrup,UK,2023-09-01,7524.0,328,Delivered
Jehu Rudeforth,Baker's Choco Chips,UK,2023-09-01,8417.25,527,Delivered
Kelci Walkden,White Choc,USA,2023-09-01,7015.5,281,Delivered
Madelene Upcott,Fruit & Nut Bars,Australia,2023-09-01,8473.5,303,Cancelled
Jan Morforth,50% Dark Bites,UK,2023-09-01,1053.0,51,Delivered
Jehu Rudeforth,Spicy Special Slims,USA,2023-09-01,4263.75,237,Delivered
Roddy Speechley,Raspberry Choco,India,2023-09-01,729.0,92,Delivered
Madelene Upcott,Eclairs,India,2023-09-01,3136.5,143,Delivered
Jan Morforth,Choco Coated Almonds,UK,2023-09-04,4421.25,402,Delivered
Wilone O'Kielt,Manuka Honey Choco,Australia,2023-09-04,2175.75,99,Delivered
Marney O'Breen,Mint Chip Choco,Australia,2023-09-04,6903.0,494,Delivered
Beverie Moffet,After Nines,India,2023-09-04,9715.5,972,Delivered
Kelci Walkden,Raspberry Choco,India,2023-09-04,6250.5,695,Delivered
Wilone O'Kielt,99% Dark & Pure,India,2023-09-04,7191.0,300,Delivered
Gigi Bohling,Peanut Butter Cubes,USA,2023-09-04,10188.0,486,Delivered
Karlen McCaffrey,Orange Choco,India,2023-09-04,10156.5,1693,Delivered
Gunar Cockshoot,Peanut Butter Cubes,India,2023-09-04,6264.0,285,Delivered
Madelene Upcott,Spicy Special Slims,UK,2023-09-04,555.75,28,Delivered
Rafaelita Blaksland,99% Dark & Pure,New Zealand,2023-09-05,12462.75,567,Delivered
Wilone O'Kielt,Baker's Choco Chips,Canada,2023-09-06,6639.75,415,Delivered
Kelci Walkden,Eclairs,USA,2023-09-06,515.25,25,Cancelled
Andria Kimpton,99% Dark & Pure,New Zealand,2023-09-06,16843.5,766,Delivered
Marney O'Breen,Choco Coated Almonds,USA,2023-09-06,4437.0,404,Delivered
Gigi Bohling,White Choc,Australia,2023-09-06,4189.5,191,Delivered
Van Tuxwell,Raspberry Choco,Australia,2023-09-06,3080.25,343,Delivered
Curtice Advani,Raspberry Choco,India,2023-09-06,6446.25,921,Cancelled
Brien Boise,Drinking Coco,UK,2023-09-06,4677.75,585,Delivered
Marney O'Breen,Smooth Silky Salty,Australia,2023-09-06,10635.75,1064,Delivered
Rafaelita Blaksland,Eclairs,New Zealand,2023-09-06,9452.25,411,Delivered
Gunar Cockshoot,Eclairs,UK,2023-09-06,4830.75,269,Delivered
Curtice Advani,85% Dark Bars,UK,2023-09-06,3044.25,118,Delivered
Dennison Crosswaite,Eclairs,UK,2023-09-06,1732.5,92,Delivered
Gunar Cockshoot,Choco Coated Almonds,UK,2023-09-06,2839.5,259,Delivered
Van Tuxwell,Eclairs,India,2023-09-06,8109.0,353,Delivered
Van Tuxwell,Manuka Honey Choco,Canada,2023-09-07,8239.5,434,Delivered
Van Tuxwell,Peanut Butter Cubes,Canada,2023-09-07,8439.75,445,Delivered
Rafaelita Blaksland,Orange Choco,UK,2023-09-07,1158.75,194,Delivered
Ches Bonnell,Baker's Choco Chips,Canada,2023-09-07,3078.0,162,Delivered
Gunar Cockshoot,85% Dark Bars,USA,2023-09-07,3627.0,165,Delivered
Beverie Moffet,70% Dark Bites,UK,2023-09-07,7312.5,488,Delivered
Wilone O'Kielt,Choco Coated Almonds,Australia,2023-09-07,164.25,12,Delivered
Andria Kimpton,99% Dark & Pure,UK,2023-09-07,5294.25,241,Delivered
Husein Augar,Mint Chip Choco,UK,2023-09-07,1572.75,113,Delivered
Brien Boise,70% Dark Bites,UK,2023-09-07,7204.5,361,Delivered
Kaine Padly,70% Dark Bites,India,2023-09-07,2175.75,121,Delivered
Wilone O'Kielt,Raspberry Choco,UK,2023-09-07,5908.5,591,Delivered
Barr Faughny,Mint Chip Choco,Canada,2023-09-07,4628.25,421,Delivered
Dotty Strutley,Choco Coated Almonds,Australia,2023-09-07,7368.75,567,Delivered
Kelci Walkden,Caramel Stuffed Bars,USA,2023-09-07,7389.0,336,Delivered
Madelene Upcott,Spicy Special Slims,USA,2023-09-07,6072.75,338,Delivered
Barr Faughny,Mint Chip Choco,India,2023-09-07,8082.0,809,Delivered
Kaine Padly,50% Dark Bites,Canada,2023-09-08,12930.75,647,Cancelled
Brien Boise,99% Dark & Pure,USA,2023-09-08,10030.5,528,Delivered
Brien Boise,After Nines,New Zealand,2023-09-08,9632.25,643,Delivered
Wilone O'Kielt,Fruit & Nut Bars,India,2023-09-08,8644.5,361,Delivered
Curtice Advani,Drinking Coco,USA,2023-09-11,5136.75,396,Delivered
Marney O'Breen,Eclairs,UK,2023-09-11,1138.5,52,Delivered
Madelene Upcott,Spicy Special Slims,India,2023-09-11,4686.75,293,Delivered
Brien Boise,99% Dark & Pure,USA,2023-09-11,10739.25,537,Delivered
Dotty Strutley,85% Dark Bars,New Zealand,2023-09-11,6356.25,289,Delivered
Kaine Padly,Organic Choco Syrup,New Zealand,2023-09-11,3008.25,159,Delivered
Brien Boise,85% Dark Bars,India,2023-09-11,4664.25,180,Delivered
Roddy Speechley,Orange Choco,India,2023-09-11,8579.25,954,Delivered
Husein Augar,70% Dark Bites,USA,2023-09-11,7908.75,495,Delivered
Roddy Speechley,Choco Coated Almonds,USA,2023-09-11,13065.75,934,Delivered
Roddy Speechley,Choco Coated Almonds,UK,2023-09-11,828.0,56,Delivered
Ches Bonnell,Orange Choco,India,2023-09-11,6061.5,866,Delivered
Gunar Cockshoot,Mint Chip Choco,India,2023-09-11,164.25,12,Delivered
Beverie Moffet,Mint Chip Choco,India,2023-09-11,1995.75,143,Delivered
Andria Kimpton,Orange Choco,USA,2023-09-11,7899.75,1317,Delivered
Roddy Speechley,Organic Choco Syrup,UK,2023-09-11,13200.75,661,Delivered
Wilone O'Kielt,Choco Coated Almonds,India,2023-09-11,10818.0,722,Delivered
Gunar Cockshoot,Eclairs,India,2023-09-11,4763.25,208,Delivered
Marney O'Breen,After Nines,Australia,2023-09-11,12384.0,826,Delivered
Barr Faughny,Baker's Choco Chips,USA,2023-09-12,8239.5,550,Delivered
Marney O'Breen,Raspberry Choco,UK,2023-09-12,1741.5,194,Delivered
Wilone O'Kielt,Orange Choco,India,2023-09-12,1388.25,199,Delivered
Wilone O'Kielt,70% Dark Bites,India,2023-09-12,3280.5,206,Delivered
Dennison Crosswaite,Choco Coated Almonds,Canada,2023-09-12,9333.0,667,Delivered
Van Tuxwell,Almond Choco,Canada,2023-09-12,14505.75,1209,Delivered
Kelci Walkden,Organic Choco Syrup,UK,2023-09-12,8700.75,396,Delivered
Roddy Speechley,Choco Coated Almonds,New Zealand,2023-09-12,1390.5,107,Delivered
Kelci Walkden,Choco Coated Almonds,UK,2023-09-12,3235.5,216,Delivered
Jan Morforth,70% Dark Bites,UK,2023-09-12,303.75,17,Delivered
Ches Bonnell,Organic Choco Syrup,India,2023-09-13,4799.25,240,Delivered
Oby Sorrel,Spicy Special Slims,India,2023-09-13,8061.75,425,Delivered
Kelci Walkden,Drinking Coco,Canada,2023-09-13,4371.75,547,Delivered
Madelene Upcott,Manuka Honey Choco,India,2023-09-13,3172.5,159,Delivered
Brien Boise,Spicy Special Slims,USA,2023-09-13,4072.5,255,Delivered
Madelene Upcott,Smooth Silky Salty,Australia,2023-09-13,4257.0,387,Delivered
Oby Sorrel,85% Dark Bars,India,2023-09-13,12476.25,480,Delivered
Van Tuxwell,Drinking Coco,USA,2023-09-13,5445.0,419,Delivered
Oby Sorrel,85% Dark Bars,USA,2023-09-13,1984.5,77,Delivered
Dotty Strutley,Manuka Honey Choco,UK,2023-09-13,6628.5,349,Delivered
Barr Faughny,Fruit & Nut Bars,India,2023-09-13,7022.25,293,Delivered
Beverie Moffet,Organic Choco Syrup,UK,2023-09-13,5051.25,253,Delivered
Dennison Crosswaite,Fruit & Nut Bars,UK,2023-09-13,7845.75,342,Delivered
Dotty Strutley,Mint Chip Choco,UK,2023-09-13,3903.75,355,Delivered
Gunar Cockshoot,Orange Choco,New Zealand,2023-09-13,8336.25,1390,Delivered
Oby Sorrel,Choco Coated Almonds,India,2023-09-14,1948.5,150,Delivered
Husein Augar,Peanut Butter Cubes,USA,2023-09-14,6286.5,274,Delivered
Van Tuxwell,Mint Chip Choco,Australia,2023-09-14,7776.0,648,Delivered
Husein Augar,Manuka Honey Choco,UK,2023-09-14,783.0,36,Delivered
Jehu Rudeforth,Choco Coated Almonds,Australia,2023-09-14,87.75,8,Delivered
Roddy Speechley,Smooth Silky Salty,UK,2023-09-14,283.5,32,Delivered
Jan Morforth,Mint Chip Choco,UK,2023-09-14,2790.0,310,Cancelled
Marney O'Breen,Choco Coated Almonds,Australia,2023-09-14,7024.5,469,Delivered
Barr Faughny,Mint Chip Choco,UK,2023-09-14,1728.0,144,Delivered
Jehu Rudeforth,Eclairs,Canada,2023-09-14,5991.75,286,Delivered
Brien Boise,Raspberry Choco,UK,2023-09-14,11083.5,1109,Delivered
Barr Faughny,85% Dark Bars,Australia,2023-09-15,7366.5,321,Delivered
Wilone O'Kielt,Raspberry Choco,UK,2023-09-15,3474.0,695,Delivered
Brien Boise,Spicy Special Slims,Canada,2023-09-15,4034.25,225,Delivered
Curtice Advani,Organic Choco Syrup,Australia,2023-09-15,3687.75,195,Delivered
Roddy Speechley,Eclairs,New Zealand,2023-09-15,3402.0,148,Delivered
Jehu Rudeforth,Peanut Butter Cubes,New Zealand,2023-09-15,5447.25,237,Delivered
Marney O'Breen,Baker's Choco Chips,USA,2023-09-15,8091.0,506,Delivered
Oby Sorrel,Manuka Honey Choco,Australia,2023-09-15,7011.0,305,Delivered
Andria Kimpton,After Nines,Canada,2023-09-15,7285.5,561,Delivered
Beverie Moffet,Milk Bars,Australia,2023-09-15,2130.75,126,Delivered
Oby Sorrel,Spicy Special Slims,UK,2023-09-15,7323.75,407,Delivered
Jan Morforth,White Choc,UK,2023-09-15,4943.25,198,Delivered
Brien Boise,After Nines,USA,2023-09-15,4308.75,431,Delivered
Husein Augar,Eclairs,UK,2023-09-18,2972.25,136,Delivered
Van Tuxwell,Spicy Special Slims,India,2023-09-18,3368.25,199,Delivered
Gunar Cockshoot,Organic Choco Syrup,UK,2023-09-18,6210.0,345,Delivered
Curtice Advani,Drinking Coco,India,2023-09-18,6329.25,792,Delivered
Beverie Moffet,Choco Coated Almonds,UK,2023-09-18,7438.5,573,Delivered
Brien Boise,Drinking Coco,UK,2023-09-18,5501.25,459,Delivered
Brien Boise,Organic Choco Syrup,Australia,2023-09-18,17147.25,953,Delivered
Madelene Upcott,Smooth Silky Salty,UK,2023-09-18,3687.75,336,Delivered
Kelci Walkden,Choco Coated Almonds,USA,2023-09-18,11776.5,1071,Delivered
Husein Augar,Peanut Butter Cubes,UK,2023-09-18,3341.25,152,Delivered
Husein Augar,Choco Coated Almonds,USA,2023-09-18,6063.75,434,Delivered
Jehu Rudeforth,Orange Choco,USA,2023-09-18,8788.5,1256,Delivered
Rafaelita Blaksland,Raspberry Choco,UK,2023-09-18,9171.0,918,Delivered
Jehu Rudeforth,Peanut Butter Cubes,UK,2023-09-18,6453.0,294,Delivered
Curtice Advani,Drinking Coco,UK,2023-09-18,5150.25,430,Delivered
Jehu Rudeforth,Raspberry Choco,UK,2023-09-18,3354.75,480,Delivered
Dotty Strutley,Mint Chip Choco,Canada,2023-09-18,4470.75,344,Delivered
Madelene Upcott,Caramel Stuffed Bars,USA,2023-09-18,6021.0,302,Delivered
Gunar Cockshoot,Orange Choco,USA,2023-09-19,645.75,65,Delivered
Curtice Advani,Organic Choco Syrup,USA,2023-09-19,4194.0,210,Delivered
Kelci Walkden,99% Dark & Pure,USA,2023-09-19,13554.0,678,Delivered
Jehu Rudeforth,Raspberry Choco,USA,2023-09-19,12352.5,1373,Delivered
Husein Augar,Manuka Honey Choco,USA,2023-09-19,882.0,42,Delivered
Gunar Cockshoot,White Choc,USA,2023-09-19,2706.75,109,Delivered
Barr Faughny,Smooth Silky Salty,UK,2023-09-19,6601.5,826,Delivered
Husein Augar,After Nines,Canada,2023-09-19,7038.0,470,Delivered
Husein Augar,99% Dark & Pure,USA,2023-09-19,10275.75,429,Delivered
Ches Bonnell,70% Dark Bites,UK,2023-09-19,2063.25,109,Delivered
Brien Boise,Spicy Special Slims,Australia,2023-09-19,1131.75,76,Delivered
Curtice Advani,Choco Coated Almonds,UK,2023-09-19,13106.25,1192,Delivered
Husein Augar,Orange Choco,Australia,2023-09-20,7254.0,806,Delivered
Oby Sorrel,Orange Choco,India,2023-09-20,1433.25,160,Delivered
Curtice Advani,Choco Coated Almonds,India,2023-09-20,5224.5,436,Delivered
Kaine Padly,Organic Choco Syrup,Australia,2023-09-20,12161.25,553,Cancelled
Wilone O'Kielt,Smooth Silky Salty,UK,2023-09-20,7569.0,841,Delivered
Beverie Moffet,85% Dark Bars,India,2023-09-20,1890.0,73,Delivered
Van Tuxwell,Choco Coated Almonds,Australia,2023-09-20,7987.5,571,Delivered
Oby Sorrel,Manuka Honey Choco,UK,2023-09-20,11403.0,601,Delivered
Dennison Crosswaite,Eclairs,UK,2023-09-20,5991.75,286,Delivered
Kelci Walkden,85% Dark Bars,New Zealand,2023-09-20,13925.25,606,Delivered
Brien Boise,Manuka Honey Choco,New Zealand,2023-09-20,18922.5,996,Delivered
Andria Kimpton,Raspberry Choco,India,2023-09-20,1273.5,128,Delivered
Barr Faughny,Drinking Coco,Canada,2023-09-20,5733.0,717,Delivered
Roddy Speechley,Caramel Stuffed Bars,India,2023-09-21,8763.75,418,Delivered
Brien Boise,Organic Choco Syrup,New Zealand,2023-09-21,11218.5,561,Delivered
Wilone O'Kielt,Choco Coated Almonds,India,2023-09-21,913.5,66,Delivered
Curtice Advani,Raspberry Choco,India,2023-09-21,16321.5,2332,Delivered
Wilone O'Kielt,99% Dark & Pure,USA,2023-09-21,1471.5,67,Delivered
Madelene Upcott,99% Dark & Pure,USA,2023-09-21,5307.75,231,Delivered
Wilone O'Kielt,99% Dark & Pure,USA,2023-09-21,1453.5,64,Delivered
Marney O'Breen,Milk Bars,UK,2023-09-21,1021.5,54,Delivered
Kelci Walkden,Drinking Coco,Canada,2023-09-22,4923.0,448,Delivered
Marney O'Breen,Peanut Butter Cubes,New Zealand,2023-09-22,6921.0,301,Delivered
Brien Boise,Drinking Coco,UK,2023-09-22,6376.5,709,Delivered
Madelene Upcott,Smooth Silky Salty,USA,2023-09-22,2209.5,246,Delivered
Andria Kimpton,99% Dark & Pure,Canada,2023-09-22,12278.25,559,Delivered
Madelene Upcott,50% Dark Bites,USA,2023-09-22,468.0,25,Delivered
Andria Kimpton,Fruit & Nut Bars,UK,2023-09-22,5121.0,190,Cancelled
Van Tuxwell,Orange Choco,USA,2023-09-22,11659.5,1666,Delivered
Karlen McCaffrey,50% Dark Bites,UK,2023-09-22,1518.75,73,Delivered
Brien Boise,Choco Coated Almonds,UK,2023-09-22,5780.25,482,Delivered
Oby Sorrel,Mint Chip Choco,USA,2023-09-22,9247.5,661,Delivered
Dotty Strutley,Orange Choco,UK,2023-09-22,1505.25,251,Delivered
Gunar Cockshoot,99% Dark & Pure,USA,2023-09-22,9063.0,378,Delivered
Brien Boise,Mint Chip Choco,UK,2023-09-22,1282.5,143,Delivered
Ches Bonnell,Baker's Choco Chips,UK,2023-09-25,1219.5,65,Delivered
Van Tuxwell,Baker's Choco Chips,New Zealand,2023-09-25,8462.25,424,Delivered
Wilone O'Kielt,Fruit & Nut Bars,New Zealand,2023-09-25,11787.75,472,Delivered
Brien Boise,Organic Choco Syrup,USA,2023-09-25,5537.25,308,Delivered
Gigi Bohling,Baker's Choco Chips,Canada,2023-09-25,6412.5,428,Delivered
Gigi Bohling,Fruit & Nut Bars,UK,2023-09-25,3062.25,123,Cancelled
Wilone O'Kielt,Raspberry Choco,USA,2023-09-25,10116.0,1124,Delivered
Kaine Padly,Manuka Honey Choco,USA,2023-09-25,1431.0,66,Delivered
Kaine Padly,Smooth Silky Salty,UK,2023-09-25,11691.0,1063,Delivered
Brien Boise,Baker's Choco Chips,Australia,2023-09-25,8939.25,447,Delivered
Wilone O'Kielt,Smooth Silky Salty,UK,2023-09-25,2655.0,242,Delivered
Andria Kimpton,70% Dark Bites,India,2023-09-25,8757.0,516,Delivered
Gunar Cockshoot,Fruit & Nut Bars,UK,2023-09-25,7983.0,348,Delivered
Jan Morforth,Manuka Honey Choco,UK,2023-09-25,9234.0,513,Delivered
Brien Boise,Smooth Silky Salty,Canada,2023-09-25,10649.25,888,Delivered
Barr Faughny,White Choc,USA,2023-09-25,4893.75,234,Cancelled
Beverie Moffet,Drinking Coco,India,2023-09-25,5404.5,492,Delivered
Gigi Bohling,Choco Coated Almonds,USA,2023-09-25,5143.5,396,Delivered
Van Tuxwell,Baker's Choco Chips,UK,2023-09-26,2209.5,130,Cancelled
Husein Augar,Drinking Coco,USA,2023-09-26,4464.0,372,Delivered
Beverie Moffet,Caramel Stuffed Bars,USA,2023-09-26,965.25,49,Cancelled
Gunar Cockshoot,Baker's Choco Chips,UK,2023-09-26,11673.0,779,Delivered
Gunar Cockshoot,Choco Coated Almonds,UK,2023-09-26,6405.75,428,Delivered
Beverie Moffet,Choco Coated Almonds,USA,2023-09-26,3604.5,278,Delivered
Kelci Walkden,Almond Choco,Canada,2023-09-26,11889.0,915,Delivered
Rafaelita Blaksland,After Nines,UK,2023-09-26,6511.5,652,Delivered
Gigi Bohling,Spicy Special Slims,USA,2023-09-26,13304.25,740,Cancelled
Brien Boise,85% Dark Bars,Australia,2023-09-26,553.5,25,Delivered
Barr Faughny,Baker's Choco Chips,USA,2023-09-26,6682.5,446,Delivered
Van Tuxwell,Raspberry Choco,USA,2023-09-27,967.5,108,Delivered
Andria Kimpton,Baker's Choco Chips,Australia,2023-09-27,5609.25,296,Delivered
Jan Morforth,Choco Coated Almonds,Australia,2023-09-27,7611.75,762,Delivered
Marney O'Breen,Smooth Silky Salty,UK,2023-09-27,2207.25,221,Delivered
Husein Augar,Choco Coated Almonds,UK,2023-09-27,6036.75,432,Delivered
Marney O'Breen,Eclairs,Canada,2023-09-27,4196.25,200,Delivered
Ches Bonnell,Almond Choco,India,2023-09-27,8928.0,893,Delivered
Madelene Upcott,70% Dark Bites,Canada,2023-09-28,1347.75,68,Delivered
Husein Augar,50% Dark Bites,UK,2023-09-28,8338.5,439,Delivered
Brien Boise,Organic Choco Syrup,UK,2023-09-28,11634.75,613,Delivered
Kelci Walkden,Almond Choco,India,2023-09-28,1856.25,186,Delivered
Dotty Strutley,Peanut Butter Cubes,USA,2023-09-28,9542.25,434,Delivered
Marney O'Breen,Almond Choco,Canada,2023-09-28,17084.25,1709,Delivered
Roddy Speechley,Drinking Coco,Australia,2023-09-28,5640.75,627,Delivered
Beverie Moffet,Almond Choco,Canada,2023-09-28,9778.5,889,Delivered
Brien Boise,Drinking Coco,Australia,2023-09-28,5483.25,549,Delivered
Wilone O'Kielt,Eclairs,New Zealand,2023-09-29,5267.25,240,Delivered
Gigi Bohling,Fruit & Nut Bars,New Zealand,2023-09-29,7832.25,302,Delivered
Roddy Speechley,85% Dark Bars,India,2023-09-29,3082.5,119,Delivered
Dotty Strutley,Manuka Honey Choco,India,2023-09-29,5566.5,310,Delivered
Husein Augar,Mint Chip Choco,UK,2023-09-29,8518.5,852,Delivered
Wilone O'Kielt,Peanut Butter Cubes,UK,2023-09-29,4448.25,235,Delivered
Brien Boise,Orange Choco,India,2023-09-29,9139.5,1524,Delivered
Marney O'Breen,Raspberry Choco,India,2023-09-29,9306.0,1164,Delivered
Husein Augar,Eclairs,UK,2023-09-29,4349.25,242,Delivered
Karlen McCaffrey,Choco Coated Almonds,Canada,2023-09-29,8187.75,585,Delivered
Andria Kimpton,Smooth Silky Salty,USA,2023-09-29,6.75,1,Delivered
Jehu Rudeforth,Milk Bars,UK,2023-09-29,9423.0,496,Delivered
Dotty Strutley,70% Dark Bites,India,2023-09-29,3388.5,179,Delivered
Karlen McCaffrey,70% Dark Bites,USA,2023-09-29,7263.0,404,Delivered
Barr Faughny,70% Dark Bites,USA,2023-09-29,9297.0,465,Delivered
Gunar Cockshoot,Fruit & Nut Bars,Canada,2023-09-29,4365.0,175,Delivered
Gunar Cockshoot,Mint Chip Choco,Australia,2023-09-29,2225.25,203,Delivered
Kaine Padly,Almond Choco,UK,2023-09-29,2196.0,275,Delivered
Kaine Padly,99% Dark & Pure,New Zealand,2023-10-02,5568.75,279,Delivered
Madelene Upcott,Orange Choco,USA,2023-10-02,7089.75,645,Delivered
Beverie Moffet,Drinking Coco,Canada,2023-10-02,4864.5,443,Delivered
Jan Morforth,99% Dark & Pure,UK,2023-10-02,5231.25,228,Delivered
Marney O'Breen,70% Dark Bites,USA,2023-10-02,9285.75,620,Delivered
Van Tuxwell,Baker's Choco Chips,India,2023-10-02,6045.75,356,Delivered
Andria Kimpton,Fruit & Nut Bars,Canada,2023-10-02,10433.25,454,Delivered
Dotty Strutley,Drinking Coco,USA,2023-10-02,5868.0,652,Delivered
Wilone O'Kielt,Choco Coated Almonds,UK,2023-10-03,5298.75,379,Delivered
Curtice Advani,Drinking Coco,UK,2023-10-03,4720.5,473,Delivered
Barr Faughny,Peanut Butter Cubes,New Zealand,2023-10-03,8338.5,439,Delivered
Gigi Bohling,Choco Coated Almonds,Canada,2023-10-03,5744.25,575,Delivered
Rafaelita Blaksland,Baker's Choco Chips,UK,2023-10-03,1818.0,96,Delivered
Gigi Bohling,Fruit & Nut Bars,UK,2023-10-03,2603.25,109,Delivered
Roddy Speechley,Organic Choco Syrup,India,2023-10-03,6045.75,263,Delivered
Gunar Cockshoot,Spicy Special Slims,UK,2023-10-03,5971.5,332,Delivered
Barr Faughny,Orange Choco,UK,2023-10-04,10892.25,1557,Delivered
Husein Augar,Mint Chip Choco,India,2023-10-04,1356.75,151,Delivered
Kelci Walkden,Choco Coated Almonds,India,2023-10-04,3343.5,239,Cancelled
Gigi Bohling,Eclairs,India,2023-10-04,7076.25,308,Delivered
Brien Boise,Drinking Coco,USA,2023-10-05,4563.0,507,Delivered
Dotty Strutley,Choco Coated Almonds,USA,2023-10-05,825.75,59,Delivered
Madelene Upcott,Baker's Choco Chips,New Zealand,2023-10-05,1926.0,97,Delivered
Van Tuxwell,Eclairs,India,2023-10-05,5046.75,281,Delivered
Van Tuxwell,Drinking Coco,Canada,2023-10-05,5971.5,498,Delivered
Husein Augar,50% Dark Bites,USA,2023-10-05,14472.0,724,Delivered
Dotty Strutley,Smooth Silky Salty,India,2023-10-05,2472.75,248,Delivered
Roddy Speechley,Mint Chip Choco,USA,2023-10-05,5492.25,500,Delivered
Jan Morforth,Manuka Honey Choco,India,2023-10-05,17514.0,973,Delivered
Curtice Advani,85% Dark Bars,UK,2023-10-05,7519.5,359,Delivered
Curtice Advani,70% Dark Bites,Australia,2023-10-05,6230.25,367,Delivered
Brien Boise,Drinking Coco,UK,2023-10-05,5069.25,634,Cancelled
Wilone O'Kielt,Caramel Stuffed Bars,USA,2023-10-05,13086.0,727,Delivered
Marney O'Breen,Orange Choco,New Zealand,2023-10-06,2252.25,205,Delivered
Dotty Strutley,Peanut Butter Cubes,Australia,2023-10-06,4405.5,221,Delivered
Brien Boise,Orange Choco,UK,2023-10-06,3451.5,576,Delivered
Kaine Padly,Drinking Coco,USA,2023-10-06,5879.25,654,Delivered
Karlen McCaffrey,Raspberry Choco,UK,2023-10-06,731.25,122,Delivered
Marney O'Breen,Baker's Choco Chips,UK,2023-10-06,1145.25,68,Delivered
Wilone O'Kielt,70% Dark Bites,Australia,2023-10-06,3582.0,189,Delivered
Beverie Moffet,Choco Coated Almonds,USA,2023-10-06,517.5,37,Delivered
Marney O'Breen,Orange Choco,Canada,2023-10-06,1217.25,174,Delivered
Rafaelita Blaksland,Manuka Honey Choco,USA,2023-10-09,9285.75,516,Delivered
Andria Kimpton,Baker's Choco Chips,Canada,2023-10-09,4677.75,293,Delivered
Gunar Cockshoot,Fruit & Nut Bars,Australia,2023-10-09,11826.0,423,Delivered
Husein Augar,Drinking Coco,New Zealand,2023-10-09,5847.75,532,Delivered
Van Tuxwell,70% Dark Bites,UK,2023-10-09,1104.75,65,Delivered
Curtice Advani,Raspberry Choco,Australia,2023-10-09,144.0,16,Delivered
Curtice Advani,Mint Chip Choco,Canada,2023-10-09,4207.5,324,Delivered
Gigi Bohling,Drinking Coco,USA,2023-10-09,5481.0,499,Delivered
Jan Morforth,85% Dark Bars,Australia,2023-10-09,3431.25,132,Delivered
Karlen McCaffrey,Eclairs,USA,2023-10-09,1039.5,55,Delivered
Kelci Walkden,Baker's Choco Chips,Australia,2023-10-09,7353.0,460,Delivered
Brien Boise,99% Dark & Pure,New Zealand,2023-10-09,2234.25,107,Delivered
Camilla Castle,99% Dark & Pure,India,2023-10-09,12431.25,622,Delivered
Kelci Walkden,Raspberry Choco,New Zealand,2023-10-09,5667.75,709,Delivered
Andria Kimpton,Choco Coated Almonds,USA,2023-10-09,14213.25,1422,Delivered
Madelene Upcott,Choco Coated Almonds,USA,2023-10-09,3597.75,257,Delivered
Van Tuxwell,Mint Chip Choco,USA,2023-10-09,4506.75,410,Delivered
Madelene Upcott,85% Dark Bars,India,2023-10-09,11130.75,464,Delivered
Wilone O'Kielt,Drinking Coco,India,2023-10-09,4302.0,431,Delivered
Jehu Rudeforth,Smooth Silky Salty,India,2023-10-09,12813.75,1282,Delivered
Wilone O'Kielt,99% Dark & Pure,Canada,2023-10-09,9958.5,433,Delivered
Brien Boise,Eclairs,UK,2023-10-09,3282.75,157,Delivered
Oby Sorrel,White Choc,India,2023-10-09,6714.0,280,Cancelled
Brien Boise,Orange Choco,India,2023-10-10,4158.0,520,Delivered
Roddy Speechley,Drinking Coco,Australia,2023-10-10,5638.5,513,Cancelled
Andria Kimpton,70% Dark Bites,USA,2023-10-10,1057.5,59,Delivered
Van Tuxwell,Raspberry Choco,UK,2023-10-10,3114.0,346,Delivered
Curtice Advani,50% Dark Bites,India,2023-10-10,2083.5,95,Delivered
Jehu Rudeforth,White Choc,India,2023-10-10,7902.0,360,Delivered
Andria Kimpton,50% Dark Bites,India,2023-10-10,1113.75,51,Delivered
Barr Faughny,Choco Coated Almonds,India,2023-10-10,6104.25,509,Delivered
Kelci Walkden,Almond Choco,Canada,2023-10-10,2209.5,170,Delivered
Brien Boise,After Nines,India,2023-10-10,2880.0,262,Delivered
Camilla Castle,Spicy Special Slims,India,2023-10-11,6203.25,311,Delivered
Van Tuxwell,Mint Chip Choco,Australia,2023-10-11,3098.25,239,Delivered
Andria Kimpton,Fruit & Nut Bars,USA,2023-10-11,7924.5,305,Cancelled
Van Tuxwell,Drinking Coco,Canada,2023-10-11,5168.25,431,Cancelled
Jehu Rudeforth,Mint Chip Choco,Australia,2023-10-11,582.75,65,Delivered
Gigi Bohling,After Nines,New Zealand,2023-10-11,6201.0,477,Delivered
Gunar Cockshoot,99% Dark & Pure,India,2023-10-11,3843.0,168,Delivered
Brien Boise,70% Dark Bites,UK,2023-10-11,3487.5,184,Delivered
Marney O'Breen,Raspberry Choco,New Zealand,2023-10-11,5010.75,502,Cancelled
Wilone O'Kielt,Baker's Choco Chips,UK,2023-10-11,9679.5,605,Delivered
Husein Augar,Manuka Honey Choco,UK,2023-10-11,12199.5,678,Delivered
Van Tuxwell,Organic Choco Syrup,USA,2023-10-11,10635.75,507,Delivered
Gigi Bohling,White Choc,Canada,2023-10-11,6295.5,274,Delivered
Brien Boise,Mint Chip Choco,USA,2023-10-11,2232.0,172,Delivered
Gunar Cockshoot,Milk Bars,New Zealand,2023-10-11,13036.5,725,Delivered
Curtice Advani,White Choc,USA,2023-10-12,5874.75,235,Delivered
Gigi Bohling,Eclairs,Australia,2023-10-12,6275.25,331,Delivered
Husein Augar,Smooth Silky Salty,India,2023-10-12,11220.75,1123,Delivered
Curtice Advani,White Choc,Canada,2023-10-12,5618.25,256,Delivered
Gigi Bohling,Orange Choco,UK,2023-10-12,2830.5,405,Delivered
Wilone O'Kielt,White Choc,UK,2023-10-12,5062.5,231,Delivered
Karlen McCaffrey,85% Dark Bars,USA,2023-10-13,10536.75,479,Delivered
Kaine Padly,Manuka Honey Choco,UK,2023-10-13,8244.0,458,Cancelled
Curtice Advani,Manuka Honey Choco,Canada,2023-10-13,3165.75,167,Delivered
Oby Sorrel,Baker's Choco Chips,New Zealand,2023-10-13,4763.25,239,Delivered
Gigi Bohling,Organic Choco Syrup,India,2023-10-13,14391.0,686,Delivered
Kaine Padly,Eclairs,UK,2023-10-13,7395.75,411,Delivered
Marney O'Breen,Baker's Choco Chips,USA,2023-10-13,1134.0,60,Delivered
Brien Boise,Choco Coated Almonds,India,2023-10-13,990.0,66,Delivered
Kelci Walkden,Organic Choco Syrup,Australia,2023-10-13,9290.25,443,Delivered
Ches Bonnell,Organic Choco Syrup,India,2023-10-13,7839.0,357,Delivered
Curtice Advani,Spicy Special Slims,India,2023-10-13,1446.75,77,Delivered
Kelci Walkden,99% Dark & Pure,Australia,2023-10-13,6189.75,310,Delivered
Kelci Walkden,Orange Choco,UK,2023-10-13,2589.75,370,Delivered
Brien Boise,After Nines,Canada,2023-10-13,4416.75,369,Delivered
Dotty Strutley,Manuka Honey Choco,India,2023-10-13,4466.25,195,Delivered
Ches Bonnell,White Choc,USA,2023-10-16,4387.5,191,Delivered
Roddy Speechley,Smooth Silky Salty,USA,2023-10-16,12368.25,1375,Delivered
Barr Faughny,99% Dark & Pure,New Zealand,2023-10-16,5098.5,213,Delivered
Rafaelita Blaksland,99% Dark & Pure,UK,2023-10-17,20.25,2,Delivered
Marney O'Breen,Drinking Coco,Australia,2023-10-17,5422.5,603,Delivered
Roddy Speechley,70% Dark Bites,New Zealand,2023-10-17,4131.0,259,Delivered
Gunar Cockshoot,Spicy Special Slims,Canada,2023-10-17,6799.5,400,Delivered
Brien Boise,Smooth Silky Salty,USA,2023-10-17,6774.75,847,Delivered
Beverie Moffet,After Nines,New Zealand,2023-10-17,4662.0,311,Delivered
Barr Faughny,Drinking Coco,Australia,2023-10-17,5805.0,484,Delivered
Madelene Upcott,Peanut Butter Cubes,USA,2023-10-17,7929.0,418,Delivered
Beverie Moffet,Drinking Coco,India,2023-10-17,4999.5,385,Delivered
Madelene Upcott,Organic Choco Syrup,USA,2023-10-17,1865.25,82,Delivered
Barr Faughny,Fruit & Nut Bars,Canada,2023-10-17,4884.75,204,Delivered
Brien Boise,Manuka Honey Choco,UK,2023-10-17,4549.5,240,Delivered
Andria Kimpton,70% Dark Bites,India,2023-10-17,3672.0,216,Delivered
Brien Boise,Raspberry Choco,USA,2023-10-17,4439.25,635,Delivered
Oby Sorrel,99% Dark & Pure,Canada,2023-10-17,4851.0,221,Delivered
Curtice Advani,Mint Chip Choco,New Zealand,2023-10-17,1894.5,190,Delivered
Madelene Upcott,50% Dark Bites,Canada,2023-10-17,9654.75,537,Delivered
Marney O'Breen,Orange Choco,Canada,2023-10-17,16796.25,1680,Delivered
Beverie Moffet,Organic Choco Syrup,UK,2023-10-17,7078.5,338,Delivered
Husein Augar,Drinking Coco,India,2023-10-17,5613.75,624,Delivered
Brien Boise,Caramel Stuffed Bars,UK,2023-10-17,5375.25,269,Delivered
Brien Boise,70% Dark Bites,India,2023-10-17,978.75,66,Delivered
Madelene Upcott,Orange Choco,India,2023-10-18,3969.0,441,Delivered
Gigi Bohling,Drinking Coco,New Zealand,2023-10-18,6003.0,751,Delivered
Ches Bonnell,Mint Chip Choco,UK,2023-10-18,513.0,37,Delivered
Roddy Speechley,85% Dark Bars,Canada,2023-10-18,9634.5,402,Cancelled
Jan Morforth,50% Dark Bites,USA,2023-10-18,819.0,49,Delivered
Ches Bonnell,99% Dark & Pure,Australia,2023-10-18,10732.5,565,Cancelled
Ches Bonnell,Organic Choco Syrup,Australia,2023-10-18,8597.25,453,Delivered
Jehu Rudeforth,Fruit & Nut Bars,New Zealand,2023-10-18,8597.25,308,Cancelled
Jan Morforth,Spicy Special Slims,New Zealand,2023-10-18,14364.0,798,Delivered
Jehu Rudeforth,After Nines,Australia,2023-10-18,4468.5,373,Delivered
Brien Boise,Spicy Special Slims,USA,2023-10-19,1008.0,63,Delivered
Kelci Walkden,Smooth Silky Salty,UK,2023-10-19,1953.0,178,Delivered
Gigi Bohling,Orange Choco,USA,2023-10-19,747.0,75,Delivered
Rafaelita Blaksland,Eclairs,UK,2023-10-19,4131.0,180,Delivered
Jehu Rudeforth,Orange Choco,Australia,2023-10-19,9774.0,1629,Delivered
Gigi Bohling,50% Dark Bites,India,2023-10-19,9418.5,524,Delivered
Dennison Crosswaite,Mint Chip Choco,USA,2023-10-19,4412.25,402,Delivered
Dennison Crosswaite,Baker's Choco Chips,UK,2023-10-19,9029.25,532,Delivered
Gigi Bohling,Eclairs,USA,2023-10-19,2814.75,128,Delivered
Roddy Speechley,Manuka Honey Choco,USA,2023-10-19,5622.75,313,Delivered
Marney O'Breen,85% Dark Bars,UK,2023-10-20,7512.75,358,Delivered
Dotty Strutley,70% Dark Bites,India,2023-10-20,126.0,9,Delivered
Jan Morforth,Manuka Honey Choco,USA,2023-10-20,7159.5,326,Delivered
Husein Augar,Mint Chip Choco,USA,2023-10-20,357.75,30,Delivered
Jehu Rudeforth,70% Dark Bites,UK,2023-10-20,2360.25,148,Delivered
Van Tuxwell,50% Dark Bites,UK,2023-10-23,7758.0,431,Delivered
Gunar Cockshoot,Peanut Butter Cubes,Australia,2023-10-23,6536.25,285,Delivered
Dotty Strutley,Spicy Special Slims,India,2023-10-23,1219.5,68,Delivered
Jehu Rudeforth,70% Dark Bites,India,2023-10-23,5485.5,343,Delivered
Madelene Upcott,Raspberry Choco,UK,2023-10-24,1624.5,204,Delivered
Andria Kimpton,Raspberry Choco,Canada,2023-10-24,90.0,15,Delivered
Marney O'Breen,Organic Choco Syrup,Canada,2023-10-24,13457.25,586,Delivered
Ches Bonnell,Eclairs,USA,2023-10-24,2308.5,129,Delivered
Gunar Cockshoot,White Choc,UK,2023-10-24,6135.75,307,Delivered
Beverie Moffet,70% Dark Bites,USA,2023-10-24,1687.5,94,Delivered
Andria Kimpton,50% Dark Bites,UK,2023-10-25,4176.0,232,Delivered
Dennison Crosswaite,Smooth Silky Salty,USA,2023-10-25,3017.25,275,Delivered
Andria Kimpton,85% Dark Bars,Canada,2023-10-25,4050.0,156,Delivered
Oby Sorrel,70% Dark Bites,New Zealand,2023-10-25,10752.75,598,Delivered
Beverie Moffet,Fruit & Nut Bars,New Zealand,2023-10-25,364.5,16,Delivered
Barr Faughny,Fruit & Nut Bars,USA,2023-10-25,96.75,4,Delivered
Brien Boise,Drinking Coco,New Zealand,2023-10-26,5735.25,638,Delivered
Kaine Padly,Drinking Coco,UK,2023-10-26,5411.25,677,Delivered
Barr Faughny,Spicy Special Slims,India,2023-10-27,60.75,4,Delivered
Madelene Upcott,70% Dark Bites,Canada,2023-10-27,832.5,49,Delivered
Rafaelita Blaksland,Almond Choco,India,2023-10-27,2902.5,264,Delivered
Kelci Walkden,Raspberry Choco,India,2023-10-27,2585.25,370,Delivered
Curtice Advani,Drinking Coco,UK,2023-10-27,5481.0,499,Delivered
Madelene Upcott,85% Dark Bars,UK,2023-10-27,3755.25,157,Delivered
Jan Morforth,Eclairs,New Zealand,2023-10-27,5431.5,272,Delivered
Rafaelita Blaksland,70% Dark Bites,USA,2023-10-30,288.0,15,Delivered
Roddy Speechley,Drinking Coco,USA,2023-10-30,5154.75,573,Delivered
Andria Kimpton,Mint Chip Choco,USA,2023-10-30,150.75,13,Delivered
Gigi Bohling,Eclairs,USA,2023-10-30,3325.5,176,Delivered
Andria Kimpton,Manuka Honey Choco,Canada,2023-10-30,1235.25,66,Delivered
Marney O'Breen,Spicy Special Slims,Canada,2023-10-30,1903.5,96,Delivered
Gunar Cockshoot,Choco Coated Almonds,USA,2023-10-31,8237.25,749,Delivered
Husein Augar,Choco Coated Almonds,UK,2023-10-31,7796.25,709,Delivered
Van Tuxwell,Choco Coated Almonds,New Zealand,2023-10-31,8871.75,740,Delivered
Wilone O'Kielt,Spicy Special Slims,UK,2023-10-31,4644.0,258,Delivered
Wilone O'Kielt,Orange Choco,India,2023-10-31,12125.25,1103,Delivered
Camilla Castle,Drinking Coco,USA,2023-10-31,6016.5,547,Delivered
Kaine Padly,99% Dark & Pure,UK,2023-10-31,5703.75,260,Delivered
Jan Morforth,After Nines,India,2023-10-31,3561.75,255,Delivered
Jan Morforth,Caramel Stuffed Bars,New Zealand,2023-10-31,11589.75,527,Delivered
Dotty Strutley,Raspberry Choco,UK,2023-11-01,7539.75,838,Delivered
Van Tuxwell,70% Dark Bites,UK,2023-11-01,2538.0,170,Delivered
Dotty Strutley,70% Dark Bites,New Zealand,2023-11-01,560.25,36,Delivered
Brien Boise,Drinking Coco,USA,2023-11-01,4520.25,566,Delivered
Beverie Moffet,99% Dark & Pure,Canada,2023-11-01,1667.25,73,Delivered
Kelci Walkden,Drinking Coco,UK,2023-11-01,5161.5,646,Delivered
Curtice Advani,Orange Choco,India,2023-11-01,7076.25,1180,Delivered
Van Tuxwell,Raspberry Choco,India,2023-11-01,1939.5,194,Delivered
Gunar Cockshoot,Smooth Silky Salty,UK,2023-11-01,5145.75,572,Delivered
Curtice Advani,Raspberry Choco,Australia,2023-11-01,9564.75,957,Delivered
Husein Augar,Mint Chip Choco,Australia,2023-11-01,8532.0,711,Delivered
Karlen McCaffrey,50% Dark Bites,India,2023-11-02,1725.75,79,Delivered
Kelci Walkden,70% Dark Bites,UK,2023-11-02,1381.5,87,Delivered
Ches Bonnell,After Nines,Australia,2023-11-02,7769.25,777,Delivered
Madelene Upcott,Smooth Silky Salty,USA,2023-11-02,8381.25,932,Delivered
Barr Faughny,Raspberry Choco,USA,2023-11-02,1102.5,184,Delivered
Wilone O'Kielt,Raspberry Choco,USA,2023-11-02,16508.25,2359,Delivered
Kelci Walkden,85% Dark Bars,USA,2023-11-02,7866.0,342,Delivered
Karlen McCaffrey,Milk Bars,UK,2023-11-03,5006.25,264,Delivered
Karlen McCaffrey,70% Dark Bites,UK,2023-11-03,4178.25,233,Delivered
Brien Boise,Fruit & Nut Bars,USA,2023-11-03,10066.5,388,Delivered
Madelene Upcott,Baker's Choco Chips,Canada,2023-11-03,1716.75,115,Delivered
Barr Faughny,White Choc,Australia,2023-11-03,8127.0,354,Delivered
Wilone O'Kielt,70% Dark Bites,UK,2023-11-03,5553.0,371,Delivered
Jan Morforth,Orange Choco,UK,2023-11-03,6637.5,604,Delivered
Kaine Padly,Choco Coated Almonds,UK,2023-11-03,8496.0,850,Delivered
Kelci Walkden,Raspberry Choco,New Zealand,2023-11-03,5478.75,685,Delivered
Madelene Upcott,Raspberry Choco,USA,2023-11-03,9900.0,1100,Delivered
Curtice Advani,Spicy Special Slims,USA,2023-11-03,11178.0,699,Delivered
Wilone O'Kielt,Raspberry Choco,Canada,2023-11-03,16922.25,3385,Delivered
Kelci Walkden,99% Dark & Pure,USA,2023-11-06,5107.5,256,Delivered
Madelene Upcott,Mint Chip Choco,UK,2023-11-06,8016.75,802,Delivered
Dennison Crosswaite,Drinking Coco,USA,2023-11-06,5589.0,466,Delivered
Rafaelita Blaksland,Peanut Butter Cubes,UK,2023-11-06,5008.5,264,Delivered
Mallorie Waber,Choco Coated Almonds,India,2023-11-06,6664.5,667,Delivered
Dotty Strutley,85% Dark Bars,UK,2023-11-06,7330.5,334,Delivered
Roddy Speechley,Raspberry Choco,USA,2023-11-06,6774.75,847,Delivered
Kelci Walkden,Choco Coated Almonds,India,2023-11-06,1721.25,123,Delivered
Oby Sorrel,Smooth Silky Salty,USA,2023-11-06,3048.75,255,Delivered
Roddy Speechley,Raspberry Choco,UK,2023-11-06,7904.25,1318,Delivered
Wilone O'Kielt,Baker's Choco Chips,Canada,2023-11-06,684.0,41,Delivered
Roddy Speechley,99% Dark & Pure,Australia,2023-11-06,2508.75,105,Delivered
Dotty Strutley,99% Dark & Pure,New Zealand,2023-11-07,2427.75,102,Delivered
Wilone O'Kielt,99% Dark & Pure,UK,2023-11-07,3451.5,157,Delivered
Roddy Speechley,Drinking Coco,UK,2023-11-07,5141.25,515,Delivered
Marney O'Breen,99% Dark & Pure,USA,2023-11-07,9200.25,401,Delivered
Brien Boise,Drinking Coco,USA,2023-11-07,6003.0,601,Delivered
Gigi Bohling,50% Dark Bites,UK,2023-11-07,7578.0,446,Delivered
Brien Boise,50% Dark Bites,USA,2023-11-07,6484.5,295,Delivered
Kaine Padly,85% Dark Bars,UK,2023-11-08,8651.25,333,Delivered
Van Tuxwell,White Choc,Canada,2023-11-08,3512.25,160,Delivered
Oby Sorrel,Spicy Special Slims,UK,2023-11-08,6345.0,318,Delivered
Dotty Strutley,Drinking Coco,UK,2023-11-08,5186.25,399,Delivered
Gunar Cockshoot,Almond Choco,Australia,2023-11-08,240.75,19,Delivered
Ches Bonnell,White Choc,USA,2023-11-08,4797.0,219,Delivered
Camilla Castle,70% Dark Bites,USA,2023-11-08,1244.25,63,Delivered
Van Tuxwell,Mint Chip Choco,UK,2023-11-08,2792.25,254,Delivered
Husein Augar,Peanut Butter Cubes,India,2023-11-09,5647.5,283,Delivered
Curtice Advani,Baker's Choco Chips,USA,2023-11-09,1080.0,64,Delivered
Gigi Bohling,Fruit & Nut Bars,Canada,2023-11-09,7402.5,275,Delivered
Gigi Bohling,Caramel Stuffed Bars,USA,2023-11-09,13335.75,785,Delivered
Wilone O'Kielt,Eclairs,USA,2023-11-09,2349.0,118,Delivered
Jan Morforth,99% Dark & Pure,UK,2023-11-09,8410.5,443,Delivered
Gunar Cockshoot,Eclairs,Australia,2023-11-09,1401.75,71,Delivered
Husein Augar,Smooth Silky Salty,UK,2023-11-09,452.25,38,Delivered
Beverie Moffet,Raspberry Choco,India,2023-11-09,13088.25,1309,Delivered
Roddy Speechley,Milk Bars,USA,2023-11-10,4558.5,208,Delivered
Husein Augar,Baker's Choco Chips,New Zealand,2023-11-10,10167.75,565,Delivered
Jehu Rudeforth,Mint Chip Choco,Australia,2023-11-10,612.0,44,Delivered
Madelene Upcott,Eclairs,Canada,2023-11-10,5640.75,257,Delivered
Brien Boise,Peanut Butter Cubes,India,2023-11-10,5838.75,266,Delivered
Dotty Strutley,Peanut Butter Cubes,Australia,2023-11-10,5186.25,247,Delivered
Brien Boise,Spicy Special Slims,USA,2023-11-10,2376.0,159,Delivered
Rafaelita Blaksland,Peanut Butter Cubes,USA,2023-11-10,4223.25,202,Delivered
Andria Kimpton,Baker's Choco Chips,Canada,2023-11-10,3712.5,233,Delivered
Roddy Speechley,After Nines,New Zealand,2023-11-10,6255.0,417,Delivered
Husein Augar,After Nines,New Zealand,2023-11-10,10401.75,743,Delivered
Andria Kimpton,Peanut Butter Cubes,UK,2023-11-10,8507.25,387,Delivered
Brien Boise,99% Dark & Pure,Canada,2023-11-10,10210.5,426,Delivered
Brien Boise,Drinking Coco,India,2023-11-10,5845.5,731,Delivered
Husein Augar,Almond Choco,UK,2023-11-10,3093.75,387,Delivered
Husein Augar,Mint Chip Choco,UK,2023-11-10,2277.0,253,Delivered
Jan Morforth,Orange Choco,New Zealand,2023-11-10,5197.5,578,Delivered
Van Tuxwell,Almond Choco,USA,2023-11-10,16096.5,1239,Delivered
Brien Boise,Orange Choco,New Zealand,2023-11-10,3098.25,517,Delivered
Ches Bonnell,Choco Coated Almonds,New Zealand,2023-11-10,274.5,19,Delivered
Andria Kimpton,Caramel Stuffed Bars,Australia,2023-11-13,4081.5,227,Delivered
Brien Boise,85% Dark Bars,USA,2023-11-13,2340.0,90,Cancelled
Oby Sorrel,Orange Choco,USA,2023-11-13,4644.0,581,Delivered
Ches Bonnell,Fruit & Nut Bars,UK,2023-11-13,8316.0,362,Delivered
Oby Sorrel,50% Dark Bites,UK,2023-11-13,202.5,10,Delivered
Madelene Upcott,Eclairs,USA,2023-11-13,279.0,15,Delivered
Dotty Strutley,Drinking Coco,UK,2023-11-13,4835.25,372,Delivered
Roddy Speechley,85% Dark Bars,USA,2023-11-13,9528.75,434,Delivered
Roddy Speechley,50% Dark Bites,Australia,2023-11-13,3696.75,177,Delivered
Rafaelita Blaksland,Mint Chip Choco,USA,2023-11-13,8149.5,815,Delivered
Curtice Advani,Choco Coated Almonds,USA,2023-11-13,7809.75,601,Delivered
Marney O'Breen,70% Dark Bites,India,2023-11-13,9427.5,524,Delivered
Beverie Moffet,Smooth Silky Salty,India,2023-11-13,1811.25,182,Delivered
Brien Boise,Raspberry Choco,India,2023-11-13,14197.5,2840,Delivered
Karlen McCaffrey,85% Dark Bars,India,2023-11-13,4144.5,189,Delivered
Beverie Moffet,50% Dark Bites,USA,2023-11-13,5847.75,344,Delivered
Kelci Walkden,Drinking Coco,UK,2023-11-14,4603.5,419,Delivered
Madelene Upcott,85% Dark Bars,USA,2023-11-14,2004.75,92,Delivered
Jan Morforth,Eclairs,UK,2023-11-14,4416.75,193,Delivered
Andria Kimpton,Choco Coated Almonds,USA,2023-11-14,3566.25,325,Delivered
Marney O'Breen,Smooth Silky Salty,New Zealand,2023-11-14,11403.0,1426,Delivered
Gunar Cockshoot,Caramel Stuffed Bars,USA,2023-11-14,3213.0,189,Delivered
Marney O'Breen,Mint Chip Choco,USA,2023-11-14,5262.75,585,Delivered
Gigi Bohling,Choco Coated Almonds,India,2023-11-14,7825.5,522,Delivered
Brien Boise,50% Dark Bites,New Zealand,2023-11-15,6698.25,335,Delivered
Barr Faughny,Manuka Honey Choco,Canada,2023-11-15,6075.0,265,Delivered
Van Tuxwell,70% Dark Bites,UK,2023-11-15,6183.0,344,Delivered
Van Tuxwell,Peanut Butter Cubes,Australia,2023-11-15,5805.0,242,Delivered
Marney O'Breen,Drinking Coco,Canada,2023-11-15,5541.75,616,Delivered
Madelene Upcott,Organic Choco Syrup,USA,2023-11-15,5303.25,253,Delivered
Jan Morforth,Spicy Special Slims,Canada,2023-11-15,9220.5,577,Delivered
Curtice Advani,Spicy Special Slims,UK,2023-11-15,6678.0,334,Delivered
Madelene Upcott,Manuka Honey Choco,USA,2023-11-15,20691.0,941,Delivered
Van Tuxwell,Baker's Choco Chips,USA,2023-11-15,4421.25,233,Delivered
Dotty Strutley,Caramel Stuffed Bars,Australia,2023-11-16,2614.5,138,Delivered
Madelene Upcott,Mint Chip Choco,UK,2023-11-16,1203.75,86,Delivered
Oby Sorrel,Drinking Coco,India,2023-11-16,5175.0,432,Delivered
Jehu Rudeforth,50% Dark Bites,USA,2023-11-17,6277.5,286,Delivered
Jan Morforth,Orange Choco,USA,2023-11-17,274.5,28,Delivered
Rafaelita Blaksland,Eclairs,UK,2023-11-17,1734.75,87,Delivered
Gunar Cockshoot,Mint Chip Choco,Australia,2023-11-17,510.75,40,Delivered
Brien Boise,Orange Choco,India,2023-11-17,1386.0,126,Delivered
Wilone O'Kielt,Orange Choco,UK,2023-11-17,5296.5,883,Delivered
Marney O'Breen,70% Dark Bites,USA,2023-11-17,3971.25,249,Delivered
Dotty Strutley,Smooth Silky Salty,UK,2023-11-17,19770.75,2472,Delivered
Rafaelita Blaksland,Baker's Choco Chips,India,2023-11-17,751.5,40,Delivered
Brien Boise,White Choc,Australia,2023-11-17,3561.75,179,Delivered
Brien Boise,70% Dark Bites,Canada,2023-11-17,2128.5,119,Delivered
Andria Kimpton,Smooth Silky Salty,Australia,2023-11-17,2110.5,302,Delivered
Roddy Speechley,Milk Bars,UK,2023-11-20,2614.5,131,Delivered
Dotty Strutley,Fruit & Nut Bars,USA,2023-11-20,9627.75,419,Delivered
Dotty Strutley,Peanut Butter Cubes,New Zealand,2023-11-20,5841.0,266,Delivered
Brien Boise,Manuka Honey Choco,India,2023-11-20,14514.75,807,Delivered
Madelene Upcott,White Choc,USA,2023-11-20,4747.5,238,Delivered
Gunar Cockshoot,70% Dark Bites,USA,2023-11-20,7321.5,431,Delivered
Barr Faughny,Eclairs,Australia,2023-11-20,7753.5,388,Delivered
Rafaelita Blaksland,Fruit & Nut Bars,Australia,2023-11-20,4196.25,150,Delivered
Wilone O'Kielt,Smooth Silky Salty,USA,2023-11-20,14001.75,1751,Delivered
Roddy Speechley,70% Dark Bites,USA,2023-11-20,5674.5,379,Delivered
Brien Boise,Raspberry Choco,UK,2023-11-20,10152.0,1451,Cancelled
Barr Faughny,Fruit & Nut Bars,UK,2023-11-20,8147.25,291,Delivered
Dennison Crosswaite,White Choc,Canada,2023-11-20,7159.5,358,Delivered
Madelene Upcott,Orange Choco,Australia,2023-11-20,8950.5,995,Delivered
Madelene Upcott,Fruit & Nut Bars,USA,2023-11-21,7227.0,315,Delivered
Madelene Upcott,Drinking Coco,Australia,2023-11-21,5391.0,450,Delivered
Curtice Advani,99% Dark & Pure,USA,2023-11-21,85.5,4,Delivered
Kaine Padly,Drinking Coco,Australia,2023-11-21,5017.5,457,Delivered
Husein Augar,White Choc,UK,2023-11-21,3422.25,137,Delivered
Andria Kimpton,Baker's Choco Chips,New Zealand,2023-11-21,8797.5,518,Cancelled
Roddy Speechley,Fruit & Nut Bars,UK,2023-11-21,1491.75,54,Delivered
Brien Boise,Caramel Stuffed Bars,USA,2023-11-21,1246.5,74,Delivered
Madelene Upcott,Baker's Choco Chips,USA,2023-11-21,8442.0,497,Delivered
Marney O'Breen,99% Dark & Pure,Australia,2023-11-21,15518.25,776,Delivered
Husein Augar,Orange Choco,USA,2023-11-21,2524.5,316,Delivered
Brien Boise,Raspberry Choco,UK,2023-11-21,10683.0,1069,Delivered
Andria Kimpton,Drinking Coco,USA,2023-11-21,5503.5,551,Delivered
Gunar Cockshoot,Raspberry Choco,Australia,2023-11-21,3276.0,328,Delivered
Mallorie Waber,Raspberry Choco,Canada,2023-11-22,4765.5,530,Delivered
Karlen McCaffrey,70% Dark Bites,New Zealand,2023-11-22,5755.5,360,Delivered
Roddy Speechley,Fruit & Nut Bars,India,2023-11-22,4938.75,183,Delivered
Dotty Strutley,Choco Coated Almonds,USA,2023-11-23,6349.5,489,Delivered
Husein Augar,Drinking Coco,New Zealand,2023-11-23,5094.0,425,Delivered
Madelene Upcott,50% Dark Bites,Australia,2023-11-23,1374.75,63,Delivered
Kaine Padly,Baker's Choco Chips,USA,2023-11-23,5202.0,306,Delivered
Oby Sorrel,Peanut Butter Cubes,India,2023-11-23,6077.25,265,Delivered
Gigi Bohling,99% Dark & Pure,UK,2023-11-23,276.75,14,Delivered
Barr Faughny,Organic Choco Syrup,USA,2023-11-23,2742.75,138,Delivered
Jehu Rudeforth,Manuka Honey Choco,India,2023-11-23,5926.5,283,Delivered
Marney O'Breen,Orange Choco,Australia,2023-11-23,8932.5,1117,Delivered
Barr Faughny,Organic Choco Syrup,Canada,2023-11-23,11058.75,615,Delivered
Beverie Moffet,Peanut Butter Cubes,USA,2023-11-23,1334.25,56,Delivered
Andria Kimpton,Eclairs,UK,2023-11-23,4239.0,224,Delivered
Beverie Moffet,Baker's Choco Chips,USA,2023-11-24,33.75,2,Delivered
Gigi Bohling,Orange Choco,USA,2023-11-24,3087.0,441,Delivered
Madelene Upcott,Eclairs,UK,2023-11-24,6052.5,319,Delivered
Jan Morforth,Fruit & Nut Bars,USA,2023-11-24,4810.5,172,Delivered
Kelci Walkden,Baker's Choco Chips,Canada,2023-11-27,4353.75,230,Delivered
Wilone O'Kielt,Eclairs,Canada,2023-11-27,2715.75,136,Delivered
Husein Augar,Raspberry Choco,India,2023-11-27,4718.25,675,Delivered
Husein Augar,Choco Coated Almonds,USA,2023-11-27,7377.75,527,Delivered
Beverie Moffet,99% Dark & Pure,India,2023-11-27,10194.75,537,Delivered
Andria Kimpton,70% Dark Bites,Canada,2023-11-27,5800.5,323,Delivered
Gunar Cockshoot,Baker's Choco Chips,Australia,2023-11-27,3111.75,156,Delivered
Brien Boise,50% Dark Bites,UK,2023-11-27,4299.75,205,Delivered
Wilone O'Kielt,Smooth Silky Salty,Canada,2023-11-27,6293.25,700,Delivered
Rafaelita Blaksland,Caramel Stuffed Bars,Australia,2023-11-27,12015.0,547,Delivered
Karlen McCaffrey,Organic Choco Syrup,India,2023-11-27,4518.0,216,Delivered
Barr Faughny,White Choc,Australia,2023-11-28,852.75,43,Delivered
Oby Sorrel,Spicy Special Slims,UK,2023-11-28,7355.25,433,Delivered
Kelci Walkden,Milk Bars,UK,2023-11-28,13808.25,768,Delivered
Roddy Speechley,Orange Choco,Australia,2023-11-28,10395.0,1040,Delivered
Husein Augar,Smooth Silky Salty,UK,2023-11-28,7701.75,701,Delivered
Gigi Bohling,Fruit & Nut Bars,UK,2023-11-28,6583.5,275,Delivered
Madelene Upcott,Milk Bars,Canada,2023-11-29,3555.0,210,Delivered
Jan Morforth,Drinking Coco,USA,2023-11-29,5368.5,537,Delivered
Karlen McCaffrey,50% Dark Bites,UK,2023-11-29,1746.0,92,Delivered
Jan Morforth,Peanut Butter Cubes,UK,2023-11-29,3881.25,205,Delivered
Barr Faughny,Fruit & Nut Bars,UK,2023-11-29,6444.0,281,Delivered
Gigi Bohling,Mint Chip Choco,India,2023-11-29,1586.25,145,Delivered
Madelene Upcott,Eclairs,UK,2023-11-29,6972.75,317,Delivered
Jehu Rudeforth,Organic Choco Syrup,India,2023-11-29,6052.5,319,Delivered
Andria Kimpton,Eclairs,Australia,2023-11-29,2193.75,116,Delivered
Husein Augar,85% Dark Bars,USA,2023-11-29,2094.75,88,Delivered
Brien Boise,Peanut Butter Cubes,India,2023-11-29,7580.25,399,Delivered
Marney O'Breen,99% Dark & Pure,USA,2023-11-29,4371.75,183,Delivered
Madelene Upcott,Choco Coated Almonds,Canada,2023-11-29,7656.75,589,Delivered
Karlen McCaffrey,Drinking Coco,New Zealand,2023-11-30,5447.25,420,Delivered
Barr Faughny,Baker's Choco Chips,Australia,2023-11-30,1971.0,110,Delivered
Ches Bonnell,Fruit & Nut Bars,New Zealand,2023-11-30,823.5,33,Delivered
Wilone O'Kielt,White Choc,Canada,2023-11-30,5166.0,225,Delivered
Gunar Cockshoot,Spicy Special Slims,New Zealand,2023-11-30,11270.25,663,Delivered
Karlen McCaffrey,Choco Coated Almonds,Australia,2023-11-30,2407.5,161,Delivered
Dotty Strutley,50% Dark Bites,UK,2023-11-30,4450.5,235,Delivered
Jehu Rudeforth,Spicy Special Slims,USA,2023-12-01,9983.25,624,Delivered
Andria Kimpton,Drinking Coco,Canada,2023-12-01,5163.75,398,Delivered
Gunar Cockshoot,Manuka Honey Choco,Australia,2023-12-01,2756.25,132,Delivered
Beverie Moffet,Manuka Honey Choco,India,2023-12-01,14694.75,774,Delivered
Curtice Advani,Eclairs,Canada,2023-12-01,3640.5,159,Delivered
Camilla Castle,Spicy Special Slims,UK,2023-12-01,10678.5,594,Delivered
Wilone O'Kielt,Orange Choco,India,2023-12-01,9378.0,853,Delivered
Madelene Upcott,Choco Coated Almonds,USA,2023-12-04,8167.5,681,Delivered
Wilone O'Kielt,99% Dark & Pure,UK,2023-12-04,4360.5,208,Delivered
Gunar Cockshoot,Raspberry Choco,Australia,2023-12-04,10532.25,1317,Delivered
Dennison Crosswaite,50% Dark Bites,UK,2023-12-04,1512.0,84,Delivered
Wilone O'Kielt,Orange Choco,Australia,2023-12-04,5766.75,577,Delivered
Rafaelita Blaksland,Peanut Butter Cubes,India,2023-12-04,8014.5,401,Delivered
Beverie Moffet,Spicy Special Slims,UK,2023-12-04,3901.5,261,Cancelled
Gigi Bohling,Manuka Honey Choco,USA,2023-12-04,2598.75,145,Delivered
Roddy Speechley,Choco Coated Almonds,USA,2023-12-04,7229.25,557,Delivered
Oby Sorrel,70% Dark Bites,UK,2023-12-04,3305.25,166,Delivered
Brien Boise,Mint Chip Choco,Australia,2023-12-04,967.5,81,Delivered
Dotty Strutley,After Nines,Canada,2023-12-04,7634.25,509,Delivered
Barr Faughny,Drinking Coco,UK,2023-12-04,5296.5,482,Delivered
Brien Boise,Organic Choco Syrup,UK,2023-12-04,9801.0,545,Cancelled
Andria Kimpton,85% Dark Bars,USA,2023-12-04,4943.25,225,Delivered
Oby Sorrel,50% Dark Bites,UK,2023-12-05,3330.0,167,Delivered
Brien Boise,Spicy Special Slims,Canada,2023-12-05,1764.0,111,Delivered
Wilone O'Kielt,Smooth Silky Salty,India,2023-12-05,297.0,25,Delivered
Jan Morforth,Peanut Butter Cubes,Canada,2023-12-05,7175.25,378,Delivered
Dotty Strutley,Orange Choco,Australia,2023-12-05,6988.5,874,Delivered
Ches Bonnell,Peanut Butter Cubes,New Zealand,2023-12-05,3613.5,181,Delivered
Dotty Strutley,Raspberry Choco,Canada,2023-12-05,6331.5,634,Delivered
Brien Boise,Organic Choco Syrup,UK,2023-12-05,22347.0,1177,Delivered
Beverie Moffet,Drinking Coco,Australia,2023-12-05,5114.25,394,Delivered
Gunar Cockshoot,Milk Bars,India,2023-12-05,663.75,34,Delivered
Rafaelita Blaksland,Mint Chip Choco,UK,2023-12-05,1179.0,91,Delivered
Barr Faughny,Baker's Choco Chips,USA,2023-12-05,236.25,14,Delivered
Dennison Crosswaite,Orange Choco,Canada,2023-12-05,11117.25,1112,Delivered
Dennison Crosswaite,Baker's Choco Chips,UK,2023-12-05,20655.0,1291,Delivered
Andria Kimpton,Peanut Butter Cubes,Canada,2023-12-05,9839.25,469,Delivered
Marney O'Breen,Organic Choco Syrup,India,2023-12-05,12154.5,676,Delivered
Dotty Strutley,Mint Chip Choco,Canada,2023-12-05,8597.25,860,Delivered
Jehu Rudeforth,Choco Coated Almonds,USA,2023-12-05,650.25,51,Delivered
Brien Boise,Eclairs,India,2023-12-05,6455.25,323,Delivered
Husein Augar,85% Dark Bars,USA,2023-12-05,2632.5,110,Cancelled
Husein Augar,Eclairs,Canada,2023-12-05,3798.0,166,Delivered
Barr Faughny,Drinking Coco,India,2023-12-05,5737.5,638,Delivered
Karlen McCaffrey,50% Dark Bites,New Zealand,2023-12-06,9726.75,573,Delivered
Gunar Cockshoot,Eclairs,Canada,2023-12-06,5787.0,276,Cancelled
Karlen McCaffrey,Raspberry Choco,India,2023-12-06,9560.25,1366,Delivered
Beverie Moffet,Orange Choco,New Zealand,2023-12-06,8185.5,1170,Delivered
Wilone O'Kielt,70% Dark Bites,USA,2023-12-06,8619.75,454,Delivered
Roddy Speechley,Drinking Coco,India,2023-12-06,5053.5,389,Delivered
Karlen McCaffrey,Manuka Honey Choco,UK,2023-12-06,2470.5,138,Delivered
Jan Morforth,70% Dark Bites,UK,2023-12-06,4884.75,326,Delivered
Curtice Advani,Baker's Choco Chips,New Zealand,2023-12-06,5616.0,296,Delivered
Marney O'Breen,Mint Chip Choco,New Zealand,2023-12-06,3771.0,270,Delivered
Brien Boise,Orange Choco,USA,2023-12-06,7983.0,1331,Delivered
Roddy Speechley,Organic Choco Syrup,India,2023-12-07,17959.5,998,Delivered
Husein Augar,Peanut Butter Cubes,USA,2023-12-07,7697.25,321,Delivered
Rafaelita Blaksland,Smooth Silky Salty,New Zealand,2023-12-07,10604.25,884,Delivered
Van Tuxwell,Orange Choco,UK,2023-12-07,216.0,36,Delivered
Karlen McCaffrey,Organic Choco Syrup,USA,2023-12-07,15147.0,758,Delivered
Karlen McCaffrey,70% Dark Bites,India,2023-12-07,738.0,50,Delivered
Husein Augar,Orange Choco,USA,2023-12-07,6201.0,1034,Delivered
Madelene Upcott,Raspberry Choco,New Zealand,2023-12-07,5816.25,831,Delivered
Jan Morforth,Drinking Coco,UK,2023-12-07,5764.5,577,Delivered
Dennison Crosswaite,Milk Bars,UK,2023-12-07,9283.5,516,Delivered
Gigi Bohling,Drinking Coco,UK,2023-12-08,5278.5,407,Delivered
Brien Boise,Eclairs,UK,2023-12-08,4675.5,247,Delivered
Gigi Bohling,Choco Coated Almonds,Canada,2023-12-08,4495.5,322,Delivered
Ches Bonnell,Almond Choco,USA,2023-12-08,411.75,42,Delivered
Gunar Cockshoot,Baker's Choco Chips,Australia,2023-12-08,6543.0,364,Delivered
Jan Morforth,Orange Choco,New Zealand,2023-12-11,666.0,61,Delivered
Madelene Upcott,70% Dark Bites,UK,2023-12-11,8084.25,476,Delivered
Dotty Strutley,Milk Bars,UK,2023-12-11,1986.75,111,Delivered
Kelci Walkden,Choco Coated Almonds,New Zealand,2023-12-11,11371.5,813,Delivered
Karlen McCaffrey,Smooth Silky Salty,New Zealand,2023-12-11,19557.0,1956,Delivered
Madelene Upcott,85% Dark Bars,UK,2023-12-11,3987.0,154,Cancelled
Dotty Strutley,Raspberry Choco,New Zealand,2023-12-11,8957.25,1493,Delivered
Dotty Strutley,Orange Choco,India,2023-12-11,13821.75,1975,Delivered
Gunar Cockshoot,Almond Choco,New Zealand,2023-12-11,11596.5,893,Delivered
Dotty Strutley,Eclairs,Australia,2023-12-11,7983.0,381,Delivered
Madelene Upcott,Mint Chip Choco,India,2023-12-12,7710.75,857,Delivered
Madelene Upcott,Eclairs,USA,2023-12-12,2083.5,105,Delivered
Wilone O'Kielt,50% Dark Bites,UK,2023-12-12,3422.25,191,Delivered
Van Tuxwell,Drinking Coco,USA,2023-12-12,5049.0,632,Delivered
Rafaelita Blaksland,After Nines,New Zealand,2023-12-12,6169.5,617,Delivered
Van Tuxwell,Eclairs,India,2023-12-12,6419.25,338,Delivered
Marney O'Breen,Drinking Coco,India,2023-12-12,6097.5,763,Delivered
Beverie Moffet,Orange Choco,UK,2023-12-12,3530.25,321,Delivered
Kaine Padly,50% Dark Bites,India,2023-12-12,12467.25,734,Delivered
Kelci Walkden,Peanut Butter Cubes,UK,2023-12-12,3881.25,169,Delivered
Jan Morforth,Spicy Special Slims,USA,2023-12-12,186.75,11,Delivered
Kelci Walkden,Fruit & Nut Bars,USA,2023-12-12,4891.5,189,Delivered
Husein Augar,Mint Chip Choco,UK,2023-12-12,4621.5,421,Delivered
Brien Boise,85% Dark Bars,Australia,2023-12-12,5967.0,260,Delivered
Madelene Upcott,Eclairs,USA,2023-12-12,5883.75,256,Delivered
Oby Sorrel,Organic Choco Syrup,UK,2023-12-12,9292.5,465,Delivered
Husein Augar,Choco Coated Almonds,Canada,2023-12-12,481.5,38,Delivered
Oby Sorrel,Smooth Silky Salty,USA,2023-12-12,12449.25,1557,Delivered
Husein Augar,85% Dark Bars,India,2023-12-12,16002.0,696,Delivered
Karlen McCaffrey,Manuka Honey Choco,USA,2023-12-13,14755.5,820,Delivered
Jehu Rudeforth,Smooth Silky Salty,Australia,2023-12-13,3701.25,371,Delivered
Beverie Moffet,Smooth Silky Salty,New Zealand,2023-12-13,603.0,87,Delivered
Camilla Castle,70% Dark Bites,UK,2023-12-13,12143.25,640,Delivered
Wilone O'Kielt,Mint Chip Choco,India,2023-12-13,3048.75,255,Delivered
Madelene Upcott,Almond Choco,UK,2023-12-13,9270.0,927,Delivered
Roddy Speechley,Smooth Silky Salty,UK,2023-12-14,4038.75,577,Delivered
Jehu Rudeforth,99% Dark & Pure,Australia,2023-12-14,6702.75,292,Cancelled
Brien Boise,70% Dark Bites,UK,2023-12-14,7778.25,487,Delivered
Beverie Moffet,Organic Choco Syrup,USA,2023-12-14,6401.25,321,Delivered
Van Tuxwell,85% Dark Bars,UK,2023-12-14,4351.5,198,Delivered
Husein Augar,Orange Choco,USA,2023-12-14,9272.25,843,Delivered
Brien Boise,99% Dark & Pure,UK,2023-12-14,663.75,31,Delivered
Beverie Moffet,Almond Choco,New Zealand,2023-12-14,792.0,72,Delivered
Oby Sorrel,Orange Choco,New Zealand,2023-12-14,2562.75,233,Delivered
Jehu Rudeforth,50% Dark Bites,Canada,2023-12-14,996.75,56,Delivered
Gigi Bohling,99% Dark & Pure,New Zealand,2023-12-15,1343.25,62,Delivered
Kelci Walkden,Orange Choco,UK,2023-12-15,10183.5,1455,Cancelled
Madelene Upcott,Peanut Butter Cubes,New Zealand,2023-12-15,6315.75,288,Delivered
Jehu Rudeforth,99% Dark & Pure,USA,2023-12-15,15558.75,708,Delivered
Dotty Strutley,Smooth Silky Salty,New Zealand,2023-12-15,8840.25,1106,Delivered
Husein Augar,Milk Bars,UK,2023-12-18,5100.75,256,Delivered
Dennison Crosswaite,Milk Bars,India,2023-12-18,5132.25,257,Delivered
Beverie Moffet,Eclairs,Canada,2023-12-18,8325.0,362,Delivered
Jan Morforth,Choco Coated Almonds,New Zealand,2023-12-18,470.25,32,Delivered
Kelci Walkden,85% Dark Bars,UK,2023-12-18,3296.25,144,Delivered
Gunar Cockshoot,Raspberry Choco,Canada,2023-12-18,7926.75,793,Delivered
Jan Morforth,Choco Coated Almonds,New Zealand,2023-12-18,19390.5,1386,Delivered
Jan Morforth,Peanut Butter Cubes,UK,2023-12-18,6016.5,262,Delivered
Ches Bonnell,Raspberry Choco,UK,2023-12-18,4025.25,576,Delivered
Madelene Upcott,50% Dark Bites,USA,2023-12-18,1788.75,82,Delivered
Ches Bonnell,Eclairs,USA,2023-12-18,6808.5,297,Delivered
Madelene Upcott,Mint Chip Choco,India,2023-12-18,5033.25,504,Delivered
Beverie Moffet,99% Dark & Pure,USA,2023-12-18,4155.75,198,Delivered
Barr Faughny,Smooth Silky Salty,Canada,2023-12-18,16454.25,1646,Delivered
Kelci Walkden,Mint Chip Choco,India,2023-12-18,1525.5,118,Delivered
Brien Boise,Manuka Honey Choco,UK,2023-12-18,3478.5,194,Delivered
Karlen McCaffrey,Eclairs,India,2023-12-18,3872.25,204,Delivered
Roddy Speechley,Mint Chip Choco,New Zealand,2023-12-18,7348.5,613,Cancelled
Roddy Speechley,Organic Choco Syrup,UK,2023-12-18,7463.25,325,Delivered
Andria Kimpton,Eclairs,India,2023-12-18,5472.0,249,Delivered
Kaine Padly,Smooth Silky Salty,USA,2023-12-18,2092.5,191,Delivered
Camilla Castle,Smooth Silky Salty,UK,2023-12-19,7312.5,665,Delivered
Gunar Cockshoot,Spicy Special Slims,USA,2023-12-19,12503.25,695,Delivered
Gigi Bohling,Spicy Special Slims,Australia,2023-12-19,726.75,37,Delivered
Husein Augar,99% Dark & Pure,India,2023-12-19,2659.5,140,Delivered
Gunar Cockshoot,99% Dark & Pure,UK,2023-12-19,45.0,2,Delivered
Dotty Strutley,Peanut Butter Cubes,India,2023-12-19,3291.75,150,Delivered
Ches Bonnell,Drinking Coco,India,2023-12-19,4765.5,596,Delivered
Barr Faughny,Smooth Silky Salty,UK,2023-12-19,4567.5,457,Delivered
Camilla Castle,Eclairs,UK,2023-12-19,7260.75,346,Cancelled
Marney O'Breen,Fruit & Nut Bars,USA,2023-12-19,8338.5,334,Delivered
Barr Faughny,70% Dark Bites,Canada,2023-12-19,1208.25,64,Delivered
Dotty Strutley,Mint Chip Choco,USA,2023-12-19,1991.25,143,Delivered
Van Tuxwell,Orange Choco,New Zealand,2023-12-19,12867.75,1430,Delivered
Oby Sorrel,Milk Bars,UK,2023-12-20,504.0,24,Delivered
Roddy Speechley,85% Dark Bars,New Zealand,2023-12-20,6363.0,255,Delivered
Husein Augar,Drinking Coco,Australia,2023-12-20,5222.25,436,Delivered
Barr Faughny,99% Dark & Pure,Australia,2023-12-20,5586.75,254,Delivered
Marney O'Breen,Raspberry Choco,Australia,2023-12-20,5337.0,593,Delivered
Van Tuxwell,Manuka Honey Choco,UK,2023-12-20,3111.75,149,Delivered
Marney O'Breen,Almond Choco,India,2023-12-20,2.25,1,Delivered
Curtice Advani,Choco Coated Almonds,India,2023-12-20,391.5,27,Delivered
Karlen McCaffrey,Smooth Silky Salty,Canada,2023-12-20,5395.5,771,Delivered
Madelene Upcott,Manuka Honey Choco,UK,2023-12-20,7186.5,400,Delivered
Wilone O'Kielt,Smooth Silky Salty,New Zealand,2023-12-21,3935.25,438,Delivered
Marney O'Breen,70% Dark Bites,Australia,2023-12-21,7085.25,355,Delivered
Jan Morforth,Drinking Coco,India,2023-12-21,6331.5,488,Delivered
Ches Bonnell,Orange Choco,UK,2023-12-21,14976.0,2140,Delivered
Ches Bonnell,Orange Choco,UK,2023-12-21,4506.75,752,Delivered
Wilone O'Kielt,Choco Coated Almonds,UK,2023-12-21,5195.25,473,Delivered
Andria Kimpton,Baker's Choco Chips,Australia,2023-12-21,6160.5,325,Delivered
Roddy Speechley,Orange Choco,India,2023-12-21,3750.75,376,Delivered
Husein Augar,Peanut Butter Cubes,UK,2023-12-21,6945.75,366,Delivered
Barr Faughny,Eclairs,India,2023-12-22,1212.75,64,Delivered
Ches Bonnell,Drinking Coco,USA,2023-12-22,5654.25,435,Delivered
Brien Boise,Raspberry Choco,New Zealand,2023-12-22,7753.5,1293,Delivered
Jehu Rudeforth,Eclairs,New Zealand,2023-12-22,2319.75,116,Delivered
Jehu Rudeforth,70% Dark Bites,UK,2023-12-22,4227.75,282,Delivered
Madelene Upcott,After Nines,UK,2023-12-22,12174.75,937,Delivered
Andria Kimpton,Choco Coated Almonds,USA,2023-12-22,3690.0,246,Delivered
Oby Sorrel,70% Dark Bites,UK,2023-12-22,2657.25,140,Delivered
Barr Faughny,Smooth Silky Salty,UK,2023-12-25,4416.75,553,Delivered
Marney O'Breen,Baker's Choco Chips,New Zealand,2023-12-25,6075.0,405,Delivered
Roddy Speechley,Fruit & Nut Bars,Canada,2023-12-25,5134.5,184,Delivered
Kelci Walkden,Baker's Choco Chips,UK,2023-12-25,2558.25,143,Delivered
Andria Kimpton,Drinking Coco,USA,2023-12-25,6219.0,622,Delivered
Beverie Moffet,Milk Bars,UK,2023-12-25,6246.0,347,Delivered
Oby Sorrel,Manuka Honey Choco,India,2023-12-25,4923.0,224,Delivered
Kelci Walkden,Drinking Coco,UK,2023-12-25,6027.75,603,Delivered
Roddy Speechley,Peanut Butter Cubes,Australia,2023-12-25,4644.0,194,Delivered
Husein Augar,White Choc,India,2023-12-25,3474.0,152,Delivered
Gunar Cockshoot,70% Dark Bites,USA,2023-12-25,13725.0,763,Delivered
Roddy Speechley,Orange Choco,Canada,2023-12-26,4628.25,515,Delivered
Roddy Speechley,Milk Bars,UK,2023-12-26,6376.5,336,Delivered
Gigi Bohling,Drinking Coco,UK,2023-12-26,4772.25,597,Delivered
Dotty Strutley,Peanut Butter Cubes,UK,2023-12-26,9830.25,492,Delivered
Beverie Moffet,Spicy Special Slims,UK,2023-12-26,812.25,48,Delivered
Karlen McCaffrey,Drinking Coco,UK,2023-12-26,4873.5,407,Delivered
Karlen McCaffrey,85% Dark Bars,Canada,2023-12-26,4135.5,160,Delivered
Wilone O'Kielt,99% Dark & Pure,USA,2023-12-26,5427.0,227,Delivered
Gigi Bohling,Drinking Coco,Australia,2023-12-26,5962.5,746,Delivered
Rafaelita Blaksland,50% Dark Bites,India,2023-12-26,2481.75,131,Delivered
Karlen McCaffrey,After Nines,UK,2023-12-26,8156.25,742,Delivered
Dennison Crosswaite,White Choc,New Zealand,2023-12-26,3073.5,140,Delivered
Madelene Upcott,Orange Choco,USA,2023-12-26,12291.75,2049,Delivered
Andria Kimpton,Eclairs,New Zealand,2023-12-26,2956.5,148,Delivered
Brien Boise,Choco Coated Almonds,Australia,2023-12-26,3852.0,351,Delivered
Madelene Upcott,Peanut Butter Cubes,USA,2023-12-26,8028.0,365,Delivered
Roddy Speechley,70% Dark Bites,UK,2023-12-27,6570.0,411,Delivered
Dotty Strutley,Eclairs,UK,2023-12-27,2796.75,156,Delivered
Barr Faughny,Drinking Coco,UK,2023-12-27,5179.5,432,Delivered
Dennison Crosswaite,Drinking Coco,Australia,2023-12-27,5022.0,558,Delivered
Karlen McCaffrey,70% Dark Bites,Australia,2023-12-27,3582.0,199,Delivered
Gigi Bohling,Choco Coated Almonds,UK,2023-12-27,7492.5,750,Delivered
Gunar Cockshoot,Choco Coated Almonds,New Zealand,2023-12-27,6466.5,647,Delivered
Wilone O'Kielt,White Choc,USA,2023-12-27,6480.0,260,Delivered
Van Tuxwell,Fruit & Nut Bars,USA,2023-12-27,11056.5,410,Delivered
Dotty Strutley,Choco Coated Almonds,New Zealand,2023-12-27,4968.0,414,Delivered
Gunar Cockshoot,Eclairs,Australia,2023-12-27,2304.0,110,Delivered
Kelci Walkden,Spicy Special Slims,USA,2023-12-27,3717.0,207,Delivered
Dennison Crosswaite,50% Dark Bites,USA,2023-12-27,2220.75,112,Delivered
Brien Boise,50% Dark Bites,UK,2023-12-27,1581.75,94,Delivered
Kelci Walkden,Fruit & Nut Bars,Australia,2023-12-27,8833.5,316,Delivered
Ches Bonnell,Drinking Coco,USA,2023-12-27,5703.75,439,Delivered
Beverie Moffet,Mint Chip Choco,India,2023-12-28,463.5,52,Delivered
Barr Faughny,Mint Chip Choco,UK,2023-12-28,3793.5,422,Delivered
Madelene Upcott,Mint Chip Choco,UK,2023-12-28,3674.25,307,Cancelled
Dotty Strutley,Manuka Honey Choco,USA,2023-12-28,7290.0,405,Delivered
Karlen McCaffrey,Caramel Stuffed Bars,USA,2023-12-28,13466.25,709,Delivered
Ches Bonnell,85% Dark Bars,Canada,2023-12-28,405.0,18,Delivered
Roddy Speechley,85% Dark Bars,Australia,2023-12-28,6315.75,275,Delivered
Brien Boise,Choco Coated Almonds,UK,2023-12-28,717.75,66,Delivered
Kelci Walkden,85% Dark Bars,UK,2023-12-28,2742.75,110,Delivered
Madelene Upcott,Raspberry Choco,UK,2023-12-28,3606.75,401,Delivered
Gunar Cockshoot,Organic Choco Syrup,UK,2023-12-29,19854.0,946,Delivered
Gigi Bohling,Spicy Special Slims,India,2023-12-29,4752.0,251,Cancelled
Kaine Padly,50% Dark Bites,USA,2023-12-29,3622.5,173,Delivered
Ches Bonnell,Eclairs,India,2023-12-29,8273.25,436,Delivered
Van Tuxwell,Peanut Butter Cubes,USA,2023-12-29,10707.75,447,Delivered
Roddy Speechley,50% Dark Bites,India,2023-12-29,6966.0,349,Delivered
Gunar Cockshoot,Organic Choco Syrup,New Zealand,2023-12-29,7238.25,381,Delivered
Curtice Advani,Drinking Coco,India,2023-12-29,4743.0,475,Delivered
Barr Faughny,Orange Choco,UK,2023-12-29,3219.75,537,Delivered
Dotty Strutley,Orange Choco,India,2023-12-29,8433.0,1205,Delivered
Van Tuxwell,Spicy Special Slims,Australia,2023-12-29,2079.0,104,Delivered
Andria Kimpton,Baker's Choco Chips,UK,2023-12-29,4619.25,308,Delivered
Rafaelita Blaksland,Peanut Butter Cubes,UK,2024-01-01,5674.5,237,Delivered
Beverie Moffet,Peanut Butter Cubes,USA,2024-01-01,7204.5,344,Delivered
Gunar Cockshoot,Spicy Special Slims,USA,2024-01-01,12408.75,828,Delivered
Curtice Advani,Raspberry Choco,Australia,2024-01-02,603.0,121,Delivered
Gunar Cockshoot,70% Dark Bites,USA,2024-01-02,5073.75,318,Delivered
Barr Faughny,Peanut Butter Cubes,India,2024-01-02,5789.25,290,Delivered
Jan Morforth,Choco Coated Almonds,India,2024-01-02,7449.75,497,Delivered
Marney O'Breen,Baker's Choco Chips,Canada,2024-01-02,2247.75,125,Delivered
Brien Boise,50% Dark Bites,UK,2024-01-02,8223.75,484,Delivered
Barr Faughny,99% Dark & Pure,UK,2024-01-02,1539.0,77,Cancelled
Jehu Rudeforth,Eclairs,Australia,2024-01-02,3809.25,191,Delivered
Gigi Bohling,Manuka Honey Choco,Australia,2024-01-02,1071.0,60,Delivered
Roddy Speechley,70% Dark Bites,India,2024-01-02,5314.5,355,Delivered
Kelci Walkden,Baker's Choco Chips,Canada,2024-01-02,5778.0,321,Delivered
Jehu Rudeforth,Manuka Honey Choco,UK,2024-01-03,13432.5,640,Delivered
Beverie Moffet,70% Dark Bites,India,2024-01-03,7074.0,393,Delivered
Gunar Cockshoot,Mint Chip Choco,USA,2024-01-03,126.0,10,Delivered
Husein Augar,Spicy Special Slims,USA,2024-01-03,1111.5,70,Delivered
Wilone O'Kielt,99% Dark & Pure,New Zealand,2024-01-03,11621.25,582,Delivered
Marney O'Breen,Smooth Silky Salty,UK,2024-01-03,6104.25,555,Delivered
Andria Kimpton,Choco Coated Almonds,USA,2024-01-03,4495.5,375,Delivered
Gunar Cockshoot,Orange Choco,UK,2024-01-03,11211.75,1602,Cancelled
Dennison Crosswaite,99% Dark & Pure,UK,2024-01-04,7173.0,359,Cancelled
Jan Morforth,Orange Choco,UK,2024-01-04,13425.75,1918,Delivered
Husein Augar,Organic Choco Syrup,USA,2024-01-04,3746.25,188,Delivered
Marney O'Breen,Mint Chip Choco,UK,2024-01-04,3973.5,332,Delivered
Gigi Bohling,Choco Coated Almonds,USA,2024-01-04,6075.0,468,Delivered
Kelci Walkden,50% Dark Bites,Canada,2024-01-04,7240.5,345,Delivered
Beverie Moffet,85% Dark Bars,India,2024-01-04,8453.25,353,Delivered
Wilone O'Kielt,Raspberry Choco,Australia,2024-01-04,3280.5,469,Delivered
Jehu Rudeforth,Baker's Choco Chips,UK,2024-01-04,11461.5,717,Delivered
Husein Augar,99% Dark & Pure,India,2024-01-04,2346.75,103,Delivered
Gunar Cockshoot,Eclairs,Australia,2024-01-04,1244.25,57,Delivered
Brien Boise,85% Dark Bars,UK,2024-01-05,409.5,18,Delivered
Gunar Cockshoot,Mint Chip Choco,UK,2024-01-05,3987.0,363,Delivered
Jehu Rudeforth,Peanut Butter Cubes,New Zealand,2024-01-05,7852.5,328,Delivered
Madelene Upcott,Milk Bars,New Zealand,2024-01-05,4988.25,238,Delivered
Madelene Upcott,Smooth Silky Salty,Australia,2024-01-05,7893.0,658,Delivered
Andria Kimpton,Smooth Silky Salty,USA,2024-01-05,4054.5,451,Delivered
Gunar Cockshoot,Orange Choco,Canada,2024-01-08,16002.0,2667,Delivered
Brien Boise,Drinking Coco,Canada,2024-01-08,5593.5,467,Delivered
Dotty Strutley,50% Dark Bites,UK,2024-01-08,4216.5,222,Delivered
Kelci Walkden,Drinking Coco,Australia,2024-01-08,5879.25,735,Delivered
Jan Morforth,Baker's Choco Chips,UK,2024-01-08,8178.75,409,Delivered
Andria Kimpton,Mint Chip Choco,Canada,2024-01-08,621.0,69,Delivered
Gigi Bohling,Fruit & Nut Bars,India,2024-01-08,5656.5,210,Delivered
Barr Faughny,Baker's Choco Chips,UK,2024-01-08,1019.25,60,Delivered
Husein Augar,70% Dark Bites,UK,2024-01-08,7749.0,485,Delivered
Dotty Strutley,Orange Choco,UK,2024-01-08,5919.75,658,Delivered
Dotty Strutley,Choco Coated Almonds,USA,2024-01-08,8626.5,863,Delivered
Jan Morforth,Organic Choco Syrup,New Zealand,2024-01-08,5175.0,273,Delivered
Beverie Moffet,Orange Choco,USA,2024-01-08,15156.0,2526,Delivered
Brien Boise,Spicy Special Slims,UK,2024-01-08,5177.25,288,Delivered
Barr Faughny,70% Dark Bites,USA,2024-01-08,2619.0,146,Delivered
Jan Morforth,Peanut Butter Cubes,Canada,2024-01-09,9391.5,470,Delivered
Gigi Bohling,70% Dark Bites,UK,2024-01-09,3726.0,249,Delivered
Gunar Cockshoot,Fruit & Nut Bars,New Zealand,2024-01-09,1320.75,51,Delivered
Andria Kimpton,Almond Choco,India,2024-01-09,8709.75,968,Delivered
Brien Boise,Mint Chip Choco,UK,2024-01-09,4338.0,310,Delivered
Jehu Rudeforth,Raspberry Choco,UK,2024-01-09,9596.25,960,Delivered
Marney O'Breen,Orange Choco,USA,2024-01-09,5724.0,573,Cancelled
Brien Boise,Manuka Honey Choco,UK,2024-01-09,585.0,31,Delivered
Ches Bonnell,Baker's Choco Chips,USA,2024-01-09,6349.5,353,Delivered
Oby Sorrel,Spicy Special Slims,UK,2024-01-09,2470.5,138,Delivered
Barr Faughny,Drinking Coco,USA,2024-01-09,6045.75,756,Delivered
Ches Bonnell,Peanut Butter Cubes,UK,2024-01-09,6219.0,328,Delivered
Beverie Moffet,Almond Choco,USA,2024-01-10,8435.25,844,Delivered
Van Tuxwell,Raspberry Choco,Australia,2024-01-10,24108.75,2679,Delivered
Brien Boise,Raspberry Choco,New Zealand,2024-01-10,5719.5,636,Delivered
Van Tuxwell,Mint Chip Choco,New Zealand,2024-01-10,81.0,7,Delivered
Karlen McCaffrey,50% Dark Bites,UK,2024-01-11,3791.25,181,Delivered
Ches Bonnell,Smooth Silky Salty,Canada,2024-01-11,13756.5,1376,Delivered
Marney O'Breen,Mint Chip Choco,USA,2024-01-11,2844.0,219,Delivered
Marney O'Breen,Raspberry Choco,India,2024-01-11,9758.25,1952,Delivered
Dennison Crosswaite,Fruit & Nut Bars,USA,2024-01-11,6369.75,245,Delivered
Ches Bonnell,Baker's Choco Chips,USA,2024-01-11,2796.75,140,Delivered
Gunar Cockshoot,Choco Coated Almonds,New Zealand,2024-01-11,1532.25,128,Delivered
Madelene Upcott,Choco Coated Almonds,USA,2024-01-11,3685.5,264,Delivered
Karlen McCaffrey,Eclairs,New Zealand,2024-01-11,6257.25,298,Delivered
Wilone O'Kielt,Choco Coated Almonds,UK,2024-01-11,3093.75,221,Delivered
Van Tuxwell,White Choc,USA,2024-01-11,7089.75,338,Delivered
Dennison Crosswaite,Smooth Silky Salty,UK,2024-01-11,5928.75,847,Delivered
Rafaelita Blaksland,50% Dark Bites,New Zealand,2024-01-11,11630.25,554,Delivered
Brien Boise,After Nines,UK,2024-01-11,5519.25,460,Delivered
Curtice Advani,Raspberry Choco,New Zealand,2024-01-11,10305.0,1145,Cancelled
Dotty Strutley,Smooth Silky Salty,UK,2024-01-12,3584.25,326,Delivered
Brien Boise,Eclairs,UK,2024-01-12,4509.0,238,Delivered
Ches Bonnell,50% Dark Bites,Australia,2024-01-12,6831.0,360,Delivered
Gunar Cockshoot,Organic Choco Syrup,India,2024-01-12,12534.75,627,Delivered
Jehu Rudeforth,Smooth Silky Salty,India,2024-01-12,2094.75,300,Delivered
Dotty Strutley,Spicy Special Slims,India,2024-01-12,2511.0,148,Delivered
Curtice Advani,Spicy Special Slims,UK,2024-01-12,14280.75,752,Delivered
Brien Boise,70% Dark Bites,New Zealand,2024-01-12,1210.5,61,Delivered
Roddy Speechley,Orange Choco,India,2024-01-12,2076.75,189,Cancelled
Gunar Cockshoot,70% Dark Bites,USA,2024-01-15,5582.25,294,Delivered
Madelene Upcott,Milk Bars,Australia,2024-01-15,963.0,54,Delivered
Marney O'Breen,Spicy Special Slims,USA,2024-01-15,4911.75,307,Delivered
Dennison Crosswaite,Peanut Butter Cubes,USA,2024-01-15,2929.5,140,Delivered
Madelene Upcott,Baker's Choco Chips,UK,2024-01-15,12109.5,757,Delivered
Gigi Bohling,99% Dark & Pure,UK,2024-01-15,11711.25,510,Delivered
Kelci Walkden,85% Dark Bars,UK,2024-01-15,4797.0,229,Delivered
Kelci Walkden,Manuka Honey Choco,UK,2024-01-15,8262.0,394,Cancelled
Rafaelita Blaksland,Choco Coated Almonds,USA,2024-01-16,2128.5,213,Delivered
Kelci Walkden,Peanut Butter Cubes,UK,2024-01-16,8034.75,366,Delivered
Jan Morforth,Choco Coated Almonds,Canada,2024-01-16,11058.75,1106,Delivered
Curtice Advani,Peanut Butter Cubes,New Zealand,2024-01-16,5483.25,275,Delivered
Wilone O'Kielt,70% Dark Bites,UK,2024-01-16,10482.75,656,Delivered
Oby Sorrel,Peanut Butter Cubes,USA,2024-01-16,5710.5,272,Delivered
Kelci Walkden,Raspberry Choco,UK,2024-01-16,7501.5,1072,Delivered
Dennison Crosswaite,99% Dark & Pure,India,2024-01-16,9652.5,439,Delivered
Andria Kimpton,Peanut Butter Cubes,USA,2024-01-16,3728.25,156,Delivered
Dotty Strutley,85% Dark Bars,India,2024-01-16,11391.75,439,Delivered
Brien Boise,Mint Chip Choco,UK,2024-01-16,4923.0,547,Delivered
Curtice Advani,Spicy Special Slims,UK,2024-01-16,2970.0,149,Delivered
Kelci Walkden,99% Dark & Pure,UK,2024-01-16,9947.25,453,Delivered
Jan Morforth,Peanut Butter Cubes,India,2024-01-16,8154.0,371,Delivered
Jehu Rudeforth,99% Dark & Pure,UK,2024-01-16,7553.25,378,Delivered
Van Tuxwell,Drinking Coco,India,2024-01-16,4725.0,364,Delivered
Gunar Cockshoot,Spicy Special Slims,Australia,2024-01-16,6574.5,387,Delivered
Curtice Advani,Spicy Special Slims,New Zealand,2024-01-16,5051.25,337,Delivered
Oby Sorrel,Choco Coated Almonds,UK,2024-01-16,2522.25,253,Delivered
Husein Augar,99% Dark & Pure,India,2024-01-16,2511.0,126,Delivered
Andria Kimpton,Smooth Silky Salty,USA,2024-01-16,6237.0,891,Delivered
Madelene Upcott,Organic Choco Syrup,India,2024-01-16,13630.5,682,Delivered
Gigi Bohling,Manuka Honey Choco,New Zealand,2024-01-17,1392.75,64,Delivered
Brien Boise,Eclairs,Canada,2024-01-17,4848.75,211,Delivered
Brien Boise,Eclairs,USA,2024-01-17,6302.25,275,Delivered
Dotty Strutley,Organic Choco Syrup,Australia,2024-01-17,5625.0,313,Delivered
Brien Boise,99% Dark & Pure,Australia,2024-01-17,3703.5,186,Delivered
Van Tuxwell,Mint Chip Choco,Australia,2024-01-17,1471.5,164,Delivered
Kelci Walkden,50% Dark Bites,Canada,2024-01-17,2007.0,106,Delivered
Madelene Upcott,Baker's Choco Chips,Australia,2024-01-18,11076.75,583,Delivered
Brien Boise,Choco Coated Almonds,UK,2024-01-18,6147.0,513,Delivered
Andria Kimpton,Fruit & Nut Bars,India,2024-01-18,7071.75,253,Delivered
Wilone O'Kielt,Baker's Choco Chips,UK,2024-01-18,8343.0,418,Delivered
Kelci Walkden,Eclairs,USA,2024-01-18,4801.5,209,Delivered
Beverie Moffet,50% Dark Bites,USA,2024-01-18,328.5,20,Delivered
Van Tuxwell,After Nines,UK,2024-01-18,6464.25,431,Delivered
Gigi Bohling,Peanut Butter Cubes,UK,2024-01-18,8986.5,409,Delivered
Madelene Upcott,Spicy Special Slims,New Zealand,2024-01-18,8019.0,446,Delivered
Oby Sorrel,Choco Coated Almonds,India,2024-01-18,6401.25,458,Delivered
Beverie Moffet,Drinking Coco,India,2024-01-18,4923.0,493,Delivered
Husein Augar,Baker's Choco Chips,India,2024-01-19,12017.25,601,Delivered
Gunar Cockshoot,Mint Chip Choco,Australia,2024-01-19,5499.0,611,Delivered
Madelene Upcott,Mint Chip Choco,Canada,2024-01-19,571.5,41,Cancelled
Van Tuxwell,85% Dark Bars,UK,2024-01-19,4583.25,191,Delivered
Beverie Moffet,85% Dark Bars,UK,2024-01-19,2270.25,95,Delivered
Beverie Moffet,Peanut Butter Cubes,UK,2024-01-19,7155.0,358,Delivered
Jehu Rudeforth,White Choc,Canada,2024-01-19,409.5,17,Delivered
Jehu Rudeforth,Eclairs,UK,2024-01-19,6018.75,262,Delivered
Marney O'Breen,85% Dark Bars,New Zealand,2024-01-19,6905.25,314,Delivered
Camilla Castle,Smooth Silky Salty,New Zealand,2024-01-19,1986.75,284,Cancelled
Barr Faughny,Choco Coated Almonds,USA,2024-01-19,5811.75,448,Delivered
Dotty Strutley,Drinking Coco,Australia,2024-01-19,4884.75,489,Delivered
Dennison Crosswaite,Organic Choco Syrup,UK,2024-01-22,4785.75,218,Delivered
Rafaelita Blaksland,Baker's Choco Chips,Australia,2024-01-22,9951.75,664,Delivered
Husein Augar,70% Dark Bites,UK,2024-01-22,618.75,33,Delivered
Dotty Strutley,70% Dark Bites,USA,2024-01-22,3125.25,209,Delivered
Husein Augar,70% Dark Bites,India,2024-01-22,3138.75,210,Delivered
Marney O'Breen,50% Dark Bites,India,2024-01-22,5438.25,303,Delivered
Beverie Moffet,Spicy Special Slims,Canada,2024-01-22,7148.25,358,Delivered
Madelene Upcott,Peanut Butter Cubes,UK,2024-01-22,4783.5,218,Delivered
Kaine Padly,Mint Chip Choco,UK,2024-01-22,148.5,15,Delivered
Kelci Walkden,Orange Choco,UK,2024-01-22,209.25,30,Delivered
Beverie Moffet,Organic Choco Syrup,Australia,2024-01-22,4430.25,193,Delivered
Barr Faughny,85% Dark Bars,USA,2024-01-22,1919.25,80,Cancelled
Gunar Cockshoot,Choco Coated Almonds,USA,2024-01-22,10656.0,820,Delivered
Rafaelita Blaksland,Fruit & Nut Bars,Australia,2024-01-23,1953.0,85,Cancelled
Jan Morforth,Choco Coated Almonds,India,2024-01-23,5150.25,430,Delivered
Dotty Strutley,Raspberry Choco,Canada,2024-01-23,13754.25,2293,Delivered
Kelci Walkden,70% Dark Bites,Canada,2024-01-23,9011.25,601,Delivered
Roddy Speechley,Drinking Coco,USA,2024-01-23,5490.0,549,Delivered
Camilla Castle,Baker's Choco Chips,India,2024-01-23,15117.75,890,Delivered
Madelene Upcott,99% Dark & Pure,Australia,2024-01-23,801.0,39,Delivered
Karlen McCaffrey,Drinking Coco,USA,2024-01-23,4995.0,385,Delivered
Oby Sorrel,Raspberry Choco,USA,2024-01-23,19410.75,2773,Delivered
Marney O'Breen,Baker's Choco Chips,UK,2024-01-24,1559.25,92,Delivered
Karlen McCaffrey,Eclairs,UK,2024-01-24,6216.75,297,Delivered
Madelene Upcott,Raspberry Choco,India,2024-01-24,5179.5,1036,Delivered
Husein Augar,Orange Choco,USA,2024-01-24,2227.5,279,Delivered
Jehu Rudeforth,Eclairs,UK,2024-01-24,6543.0,364,Delivered
Brien Boise,99% Dark & Pure,UK,2024-01-24,1680.75,85,Delivered
Barr Faughny,Smooth Silky Salty,UK,2024-01-24,9798.75,1400,Delivered
Ches Bonnell,Peanut Butter Cubes,UK,2024-01-25,8988.75,375,Delivered
Andria Kimpton,Choco Coated Almonds,India,2024-01-25,4320.0,360,Delivered
Husein Augar,White Choc,India,2024-01-25,3597.75,172,Delivered
Barr Faughny,Manuka Honey Choco,UK,2024-01-25,9506.25,453,Delivered
Van Tuxwell,Baker's Choco Chips,India,2024-01-25,3762.0,222,Delivered
Gigi Bohling,Orange Choco,UK,2024-01-25,9243.0,925,Delivered
Gigi Bohling,Caramel Stuffed Bars,UK,2024-01-25,12060.0,635,Delivered
Mallorie Waber,Drinking Coco,New Zealand,2024-01-25,5240.25,525,Delivered
Jan Morforth,Mint Chip Choco,Canada,2024-01-25,5618.25,433,Delivered
Marney O'Breen,Fruit & Nut Bars,India,2024-01-25,9578.25,369,Delivered
Gunar Cockshoot,Smooth Silky Salty,UK,2024-01-25,7011.0,702,Delivered
Brien Boise,Smooth Silky Salty,USA,2024-01-25,1084.5,155,Delivered
Roddy Speechley,Baker's Choco Chips,Australia,2024-01-25,4135.5,259,Delivered
Ches Bonnell,99% Dark & Pure,UK,2024-01-26,7886.25,416,Delivered
Rafaelita Blaksland,Raspberry Choco,UK,2024-01-26,5073.75,508,Delivered
Jan Morforth,Fruit & Nut Bars,New Zealand,2024-01-26,4230.0,152,Delivered
Curtice Advani,Baker's Choco Chips,Canada,2024-01-26,5580.0,294,Delivered
Jehu Rudeforth,Spicy Special Slims,USA,2024-01-26,8678.25,483,Delivered
Curtice Advani,99% Dark & Pure,UK,2024-01-26,6115.5,322,Delivered
Husein Augar,50% Dark Bites,UK,2024-01-26,2675.25,158,Delivered
Roddy Speechley,Milk Bars,India,2024-01-26,3305.25,195,Delivered
Oby Sorrel,Manuka Honey Choco,India,2024-01-26,5082.75,221,Delivered
Van Tuxwell,Mint Chip Choco,India,2024-01-26,3811.5,347,Delivered
Husein Augar,Peanut Butter Cubes,India,2024-01-26,4095.0,195,Delivered
Madelene Upcott,Peanut Butter Cubes,India,2024-01-26,9348.75,493,Cancelled
Jehu Rudeforth,Mint Chip Choco,UK,2024-01-26,8147.25,582,Delivered
Madelene Upcott,Baker's Choco Chips,Canada,2024-01-26,3089.25,194,Cancelled
Oby Sorrel,Choco Coated Almonds,Canada,2024-01-26,11040.75,789,Delivered
Dotty Strutley,Mint Chip Choco,Australia,2024-01-26,3163.5,352,Delivered
Andria Kimpton,Fruit & Nut Bars,UK,2024-01-29,7517.25,327,Delivered
Andria Kimpton,Choco Coated Almonds,USA,2024-01-29,245.25,21,Delivered
Curtice Advani,Orange Choco,USA,2024-01-29,7589.25,949,Delivered
Oby Sorrel,Mint Chip Choco,UK,2024-01-29,3485.25,317,Delivered
Barr Faughny,Orange Choco,India,2024-01-29,9463.5,947,Delivered
Beverie Moffet,Mint Chip Choco,India,2024-01-29,785.25,66,Delivered
Dotty Strutley,70% Dark Bites,USA,2024-01-29,1764.0,104,Delivered
Kelci Walkden,Peanut Butter Cubes,UK,2024-01-29,6079.5,320,Delivered
Roddy Speechley,Fruit & Nut Bars,UK,2024-01-29,12564.0,484,Delivered
Andria Kimpton,Eclairs,UK,2024-01-29,1923.75,92,Delivered
Dotty Strutley,Manuka Honey Choco,USA,2024-01-29,2308.5,129,Delivered
Wilone O'Kielt,Eclairs,New Zealand,2024-01-30,5622.75,313,Delivered
Madelene Upcott,Drinking Coco,USA,2024-01-30,6207.75,518,Delivered
Curtice Advani,Baker's Choco Chips,UK,2024-01-30,4621.5,244,Delivered
Andria Kimpton,Smooth Silky Salty,Canada,2024-01-30,9058.5,1133,Delivered
Wilone O'Kielt,Caramel Stuffed Bars,Australia,2024-01-30,9441.0,556,Delivered
Curtice Advani,Manuka Honey Choco,India,2024-01-30,2292.75,128,Delivered
Mallorie Waber,Spicy Special Slims,Canada,2024-01-30,15356.25,960,Delivered
Dennison Crosswaite,Drinking Coco,Canada,2024-01-30,5658.75,515,Delivered
Husein Augar,Eclairs,India,2024-01-30,4124.25,218,Delivered
Marney O'Breen,Drinking Coco,India,2024-01-30,5690.25,712,Delivered
Andria Kimpton,50% Dark Bites,UK,2024-01-30,2520.0,115,Delivered
Madelene Upcott,Baker's Choco Chips,UK,2024-01-30,2646.0,147,Delivered
Ches Bonnell,Mint Chip Choco,India,2024-01-30,6477.75,720,Delivered
Kelci Walkden,70% Dark Bites,UK,2024-01-30,7116.75,396,Delivered
Gigi Bohling,Fruit & Nut Bars,India,2024-01-30,8820.0,384,Delivered
Brien Boise,99% Dark & Pure,USA,2024-01-30,3894.75,163,Delivered
Brien Boise,Choco Coated Almonds,USA,2024-01-30,4848.75,485,Delivered
Madelene Upcott,Peanut Butter Cubes,UK,2024-01-30,5224.5,262,Delivered
Madelene Upcott,50% Dark Bites,New Zealand,2024-01-30,369.0,21,Delivered
Barr Faughny,Organic Choco Syrup,UK,2024-01-31,4378.5,200,Delivered
Madelene Upcott,Peanut Butter Cubes,Australia,2024-01-31,8484.75,386,Delivered
Husein Augar,Raspberry Choco,New Zealand,2024-01-31,1327.5,166,Delivered
Rafaelita Blaksland,50% Dark Bites,UK,2024-01-31,8644.5,393,Cancelled
Gigi Bohling,Eclairs,UK,2024-01-31,4533.75,252,Delivered
Dotty Strutley,50% Dark Bites,India,2024-01-31,1707.75,82,Delivered
Wilone O'Kielt,Raspberry Choco,India,2024-01-31,2877.75,320,Delivered
Curtice Advani,Spicy Special Slims,New Zealand,2024-01-31,609.75,34,Delivered
Curtice Advani,Baker's Choco Chips,Canada,2024-01-31,11693.25,780,Delivered
Roddy Speechley,Drinking Coco,India,2024-01-31,5361.75,596,Delivered
Marney O'Breen,85% Dark Bars,Canada,2024-01-31,1228.5,52,Delivered
Andria Kimpton,70% Dark Bites,UK,2024-02-01,9812.25,546,Delivered
Wilone O'Kielt,70% Dark Bites,New Zealand,2024-02-01,5679.0,335,Delivered
Curtice Advani,Choco Coated Almonds,UK,2024-02-01,1827.0,131,Delivered
Ches Bonnell,Mint Chip Choco,India,2024-02-01,2148.75,239,Delivered
Kelci Walkden,Peanut Butter Cubes,UK,2024-02-01,5373.0,224,Delivered
Dotty Strutley,Manuka Honey Choco,USA,2024-02-01,10998.0,611,Delivered
Jehu Rudeforth,Spicy Special Slims,USA,2024-02-01,1820.25,96,Delivered
Barr Faughny,Fruit & Nut Bars,USA,2024-02-02,2740.5,120,Delivered
Curtice Advani,White Choc,USA,2024-02-02,6306.75,275,Delivered
Husein Augar,Smooth Silky Salty,Australia,2024-02-02,6624.0,828,Delivered
Ches Bonnell,Choco Coated Almonds,UK,2024-02-02,121.5,10,Delivered
Gigi Bohling,Choco Coated Almonds,USA,2024-02-02,2493.0,208,Delivered
Gigi Bohling,70% Dark Bites,Australia,2024-02-02,1215.0,68,Delivered
Marney O'Breen,Drinking Coco,India,2024-02-02,5944.5,541,Delivered
Andria Kimpton,Drinking Coco,Australia,2024-02-02,5361.75,447,Delivered
Dennison Crosswaite,Drinking Coco,Canada,2024-02-02,5339.25,594,Delivered
Brien Boise,50% Dark Bites,India,2024-02-02,3714.75,196,Delivered
Gigi Bohling,Drinking Coco,India,2024-02-02,5420.25,543,Delivered
Beverie Moffet,Manuka Honey Choco,Australia,2024-02-02,6099.75,339,Delivered
Madelene Upcott,Smooth Silky Salty,USA,2024-02-02,3870.0,553,Delivered
Curtice Advani,Spicy Special Slims,India,2024-02-02,1012.5,57,Cancelled
Kelci Walkden,Eclairs,USA,2024-02-05,5469.75,238,Delivered
Gigi Bohling,Choco Coated Almonds,Australia,2024-02-05,3501.0,292,Delivered
Husein Augar,85% Dark Bars,UK,2024-02-05,4333.5,174,Delivered
Kelci Walkden,Orange Choco,India,2024-02-05,8367.75,1395,Delivered
Gunar Cockshoot,Eclairs,USA,2024-02-05,3885.75,169,Delivered
Dotty Strutley,Mint Chip Choco,India,2024-02-05,7479.0,831,Delivered
Brien Boise,70% Dark Bites,Canada,2024-02-05,8439.75,445,Delivered
Husein Augar,After Nines,UK,2024-02-05,4412.25,295,Delivered
Madelene Upcott,85% Dark Bars,India,2024-02-05,12060.0,525,Delivered
Brien Boise,Choco Coated Almonds,UK,2024-02-05,3478.5,232,Delivered
Gigi Bohling,Peanut Butter Cubes,New Zealand,2024-02-05,4596.75,230,Delivered
Barr Faughny,Drinking Coco,Canada,2024-02-05,5274.0,480,Delivered
Brien Boise,50% Dark Bites,USA,2024-02-05,2859.75,130,Cancelled
Kelci Walkden,Raspberry Choco,Canada,2024-02-05,12213.0,2036,Delivered
Jehu Rudeforth,99% Dark & Pure,UK,2024-02-05,6635.25,350,Delivered
Van Tuxwell,Drinking Coco,UK,2024-02-05,4779.0,399,Delivered
Oby Sorrel,50% Dark Bites,Australia,2024-02-05,744.75,42,Delivered
Dennison Crosswaite,Choco Coated Almonds,Australia,2024-02-06,1152.0,77,Delivered
Dotty Strutley,Eclairs,UK,2024-02-06,580.5,31,Delivered
Dotty Strutley,Peanut Butter Cubes,India,2024-02-06,7681.5,334,Delivered
Husein Augar,Eclairs,USA,2024-02-07,10896.75,519,Delivered
Andria Kimpton,Baker's Choco Chips,India,2024-02-07,1156.5,69,Delivered
Ches Bonnell,Baker's Choco Chips,Australia,2024-02-07,616.5,42,Delivered
Jehu Rudeforth,Drinking Coco,India,2024-02-07,4875.75,407,Delivered
Madelene Upcott,Baker's Choco Chips,UK,2024-02-07,5366.25,269,Delivered
Madelene Upcott,Mint Chip Choco,USA,2024-02-07,3145.5,350,Delivered
Beverie Moffet,50% Dark Bites,USA,2024-02-07,5015.25,251,Delivered
Gunar Cockshoot,Mint Chip Choco,Australia,2024-02-07,3078.0,237,Delivered
Husein Augar,Eclairs,India,2024-02-07,967.5,44,Delivered
Jehu Rudeforth,Baker's Choco Chips,Canada,2024-02-07,1089.0,69,Delivered
Barr Faughny,Drinking Coco,Australia,2024-02-07,5098.5,393,Delivered
Karlen McCaffrey,70% Dark Bites,Canada,2024-02-07,3908.25,218,Delivered
Ches Bonnell,Orange Choco,India,2024-02-07,11187.0,1017,Delivered
Barr Faughny,Almond Choco,USA,2024-02-07,5915.25,740,Delivered
Karlen McCaffrey,Eclairs,Canada,2024-02-07,4200.75,234,Delivered
Marney O'Breen,Drinking Coco,India,2024-02-07,5670.0,709,Delivered
Marney O'Breen,Baker's Choco Chips,UK,2024-02-07,40.5,3,Delivered
Husein Augar,Eclairs,India,2024-02-07,5595.75,280,Delivered
Beverie Moffet,Fruit & Nut Bars,Australia,2024-02-07,2828.25,105,Delivered
Barr Faughny,50% Dark Bites,New Zealand,2024-02-07,528.75,25,Delivered
Dennison Crosswaite,Raspberry Choco,India,2024-02-07,2907.0,364,Delivered
Rafaelita Blaksland,Mint Chip Choco,UK,2024-02-07,733.5,57,Delivered
Kelci Walkden,Drinking Coco,USA,2024-02-07,5631.75,470,Delivered
Beverie Moffet,Eclairs,New Zealand,2024-02-07,6574.5,299,Delivered
Andria Kimpton,Organic Choco Syrup,USA,2024-02-08,6340.5,289,Delivered
Husein Augar,99% Dark & Pure,Australia,2024-02-08,6621.75,288,Delivered
Madelene Upcott,Peanut Butter Cubes,New Zealand,2024-02-08,6986.25,318,Delivered
Rafaelita Blaksland,Peanut Butter Cubes,Australia,2024-02-08,8658.0,413,Delivered
Brien Boise,Mint Chip Choco,UK,2024-02-08,1651.5,166,Delivered
Kelci Walkden,Choco Coated Almonds,Canada,2024-02-09,4000.5,308,Delivered
Dotty Strutley,Smooth Silky Salty,UK,2024-02-09,8349.75,760,Delivered
Gunar Cockshoot,Mint Chip Choco,Australia,2024-02-09,5733.0,522,Delivered
Jehu Rudeforth,99% Dark & Pure,UK,2024-02-09,1908.0,101,Delivered
Dotty Strutley,Baker's Choco Chips,India,2024-02-12,3532.5,197,Delivered
Kaine Padly,85% Dark Bars,New Zealand,2024-02-12,3399.75,131,Delivered
Gigi Bohling,99% Dark & Pure,USA,2024-02-12,11245.5,536,Delivered
Dotty Strutley,Drinking Coco,Australia,2024-02-12,6142.5,768,Delivered
Kelci Walkden,99% Dark & Pure,USA,2024-02-12,3782.25,181,Delivered
Husein Augar,Peanut Butter Cubes,India,2024-02-12,7112.25,310,Delivered
Marney O'Breen,70% Dark Bites,USA,2024-02-12,4077.0,204,Delivered
Dotty Strutley,Mint Chip Choco,India,2024-02-12,117.0,13,Delivered
Roddy Speechley,Caramel Stuffed Bars,UK,2024-02-12,3606.75,164,Delivered
Roddy Speechley,Fruit & Nut Bars,UK,2024-02-12,7501.5,313,Delivered
Gunar Cockshoot,Choco Coated Almonds,India,2024-02-12,3953.25,264,Delivered
Karlen McCaffrey,Eclairs,Canada,2024-02-12,8880.75,387,Delivered
Kaine Padly,Caramel Stuffed Bars,UK,2024-02-12,3825.0,183,Delivered
Beverie Moffet,Baker's Choco Chips,India,2024-02-12,4187.25,247,Delivered
Brien Boise,Baker's Choco Chips,UK,2024-02-12,6921.0,462,Delivered
Wilone O'Kielt,Peanut Butter Cubes,USA,2024-02-13,6527.25,297,Delivered
Rafaelita Blaksland,Peanut Butter Cubes,UK,2024-02-13,7731.0,387,Delivered
Jehu Rudeforth,Milk Bars,New Zealand,2024-02-13,868.5,42,Delivered
Madelene Upcott,Mint Chip Choco,UK,2024-02-14,4767.75,477,Delivered
Karlen McCaffrey,Peanut Butter Cubes,India,2024-02-14,8907.75,388,Delivered
Dotty Strutley,Spicy Special Slims,India,2024-02-14,9841.5,518,Delivered
Barr Faughny,Manuka Honey Choco,UK,2024-02-14,4412.25,233,Delivered
Husein Augar,Orange Choco,India,2024-02-14,6396.75,640,Delivered
Karlen McCaffrey,After Nines,USA,2024-02-15,2571.75,172,Delivered
Jan Morforth,Manuka Honey Choco,New Zealand,2024-02-15,10696.5,487,Delivered
Roddy Speechley,Almond Choco,USA,2024-02-15,12642.75,1581,Delivered
Roddy Speechley,Peanut Butter Cubes,New Zealand,2024-02-15,7591.5,380,Delivered
Husein Augar,Manuka Honey Choco,UK,2024-02-15,11065.5,615,Delivered
Gunar Cockshoot,50% Dark Bites,USA,2024-02-15,3177.0,187,Delivered
Barr Faughny,Eclairs,Canada,2024-02-16,3543.75,178,Delivered
Jan Morforth,Spicy Special Slims,UK,2024-02-16,7866.0,437,Delivered
Jehu Rudeforth,Orange Choco,UK,2024-02-16,9153.0,1308,Delivered
Jan Morforth,85% Dark Bars,UK,2024-02-16,162.0,8,Delivered
Jan Morforth,Fruit & Nut Bars,UK,2024-02-16,7902.0,293,Delivered
Madelene Upcott,After Nines,India,2024-02-16,3487.5,250,Delivered
Wilone O'Kielt,Mint Chip Choco,USA,2024-02-16,951.75,68,Delivered
Kelci Walkden,85% Dark Bars,India,2024-02-19,4749.75,198,Delivered
Gunar Cockshoot,Smooth Silky Salty,UK,2024-02-19,8433.0,767,Delivered
Jehu Rudeforth,85% Dark Bars,India,2024-02-19,1993.5,80,Delivered
Husein Augar,Spicy Special Slims,UK,2024-02-19,222.75,12,Delivered
Karlen McCaffrey,70% Dark Bites,India,2024-02-20,6464.25,405,Delivered
Madelene Upcott,Drinking Coco,Canada,2024-02-20,4108.5,374,Delivered
Roddy Speechley,Drinking Coco,India,2024-02-20,5478.75,457,Delivered
Camilla Castle,Almond Choco,UK,2024-02-20,4594.5,383,Delivered
Kaine Padly,Eclairs,India,2024-02-20,3712.5,162,Delivered
Madelene Upcott,Organic Choco Syrup,India,2024-02-20,1116.0,54,Delivered
Roddy Speechley,99% Dark & Pure,USA,2024-02-20,12656.25,576,Delivered
Husein Augar,Raspberry Choco,Canada,2024-02-20,2853.0,408,Delivered
Brien Boise,Baker's Choco Chips,UK,2024-02-20,9920.25,523,Delivered
Gunar Cockshoot,Orange Choco,India,2024-02-20,2457.0,224,Delivered
Barr Faughny,Almond Choco,New Zealand,2024-02-20,2603.25,237,Delivered
Andria Kimpton,Spicy Special Slims,USA,2024-02-20,2758.5,138,Delivered
Husein Augar,99% Dark & Pure,USA,2024-02-20,11358.0,517,Delivered
Gigi Bohling,50% Dark Bites,New Zealand,2024-02-20,150.75,8,Delivered
Karlen McCaffrey,Peanut Butter Cubes,India,2024-02-20,8532.0,388,Delivered
Jehu Rudeforth,Choco Coated Almonds,India,2024-02-20,5712.75,409,Delivered
Curtice Advani,Orange Choco,India,2024-02-20,895.5,112,Delivered
Oby Sorrel,Spicy Special Slims,New Zealand,2024-02-21,1732.5,87,Delivered
Andria Kimpton,Spicy Special Slims,UK,2024-02-21,2497.5,139,Delivered
Roddy Speechley,Fruit & Nut Bars,Australia,2024-02-21,12633.75,468,Delivered
Andria Kimpton,Eclairs,USA,2024-02-21,5969.25,332,Delivered
Ches Bonnell,Peanut Butter Cubes,UK,2024-02-21,5310.0,231,Delivered
Ches Bonnell,Organic Choco Syrup,USA,2024-02-21,3719.25,170,Delivered
Van Tuxwell,99% Dark & Pure,USA,2024-02-21,12111.75,505,Delivered
Gunar Cockshoot,50% Dark Bites,New Zealand,2024-02-21,225.0,12,Delivered
Gunar Cockshoot,Drinking Coco,Canada,2024-02-21,5118.75,569,Delivered
Roddy Speechley,99% Dark & Pure,UK,2024-02-21,13774.5,725,Delivered
Kaine Padly,85% Dark Bars,USA,2024-02-21,4848.75,231,Delivered
Wilone O'Kielt,Eclairs,India,2024-02-21,1451.25,66,Delivered
Barr Faughny,Choco Coated Almonds,UK,2024-02-22,2099.25,140,Delivered
Gigi Bohling,White Choc,USA,2024-02-22,5472.0,261,Cancelled
Karlen McCaffrey,Choco Coated Almonds,USA,2024-02-22,1932.75,149,Delivered
Brien Boise,Fruit & Nut Bars,UK,2024-02-22,9481.5,413,Delivered
Brien Boise,Raspberry Choco,USA,2024-02-22,5454.0,546,Cancelled
Gigi Bohling,White Choc,UK,2024-02-22,4947.75,248,Delivered
Roddy Speechley,Eclairs,USA,2024-02-22,4135.5,197,Delivered
Roddy Speechley,50% Dark Bites,India,2024-02-22,10872.0,544,Delivered
Madelene Upcott,70% Dark Bites,India,2024-02-23,12861.0,644,Delivered
Van Tuxwell,85% Dark Bars,New Zealand,2024-02-23,8291.25,395,Delivered
Andria Kimpton,99% Dark & Pure,UK,2024-02-23,6117.75,306,Delivered
Wilone O'Kielt,Spicy Special Slims,New Zealand,2024-02-23,6210.0,327,Delivered
Dotty Strutley,85% Dark Bars,UK,2024-02-23,2643.75,121,Delivered
Jehu Rudeforth,Peanut Butter Cubes,New Zealand,2024-02-23,5463.0,238,Delivered
Kelci Walkden,Orange Choco,USA,2024-02-23,11497.5,1278,Delivered
Van Tuxwell,50% Dark Bites,India,2024-02-23,3755.25,179,Delivered
Jehu Rudeforth,Eclairs,New Zealand,2024-02-23,8635.5,412,Delivered
Gunar Cockshoot,Baker's Choco Chips,Canada,2024-02-23,4176.0,246,Delivered
Wilone O'Kielt,Milk Bars,USA,2024-02-23,11421.0,602,Delivered
Madelene Upcott,Mint Chip Choco,India,2024-02-23,234.0,26,Delivered
Ches Bonnell,Mint Chip Choco,Canada,2024-02-23,947.25,95,Delivered
Van Tuxwell,Fruit & Nut Bars,USA,2024-02-23,7607.25,272,Delivered
Van Tuxwell,Almond Choco,Australia,2024-02-23,1334.25,112,Delivered
Dotty Strutley,Manuka Honey Choco,India,2024-02-23,7746.75,353,Delivered
Jehu Rudeforth,Fruit & Nut Bars,UK,2024-02-23,7051.5,283,Cancelled
Ches Bonnell,Mint Chip Choco,USA,2024-02-23,3021.75,275,Delivered
Ches Bonnell,Choco Coated Almonds,Canada,2024-02-26,272.25,23,Delivered
Madelene Upcott,Spicy Special Slims,Canada,2024-02-26,6027.75,335,Delivered
Madelene Upcott,Orange Choco,UK,2024-02-26,1446.75,207,Delivered
Gunar Cockshoot,Baker's Choco Chips,USA,2024-02-26,5616.0,351,Delivered
Gunar Cockshoot,Drinking Coco,USA,2024-02-26,4315.5,360,Delivered
Brien Boise,Mint Chip Choco,USA,2024-02-26,670.5,48,Delivered
Gigi Bohling,Mint Chip Choco,UK,2024-02-26,3978.0,362,Delivered
Madelene Upcott,Eclairs,USA,2024-02-26,3323.25,152,Delivered
Ches Bonnell,Raspberry Choco,India,2024-02-26,10894.5,1090,Delivered
Wilone O'Kielt,70% Dark Bites,UK,2024-02-26,2709.0,170,Delivered
Kelci Walkden,Spicy Special Slims,USA,2024-02-26,724.5,43,Delivered
Kelci Walkden,70% Dark Bites,Canada,2024-02-26,8761.5,516,Delivered
Roddy Speechley,Mint Chip Choco,UK,2024-02-26,4533.75,349,Delivered
Karlen McCaffrey,70% Dark Bites,UK,2024-02-26,1827.0,97,Delivered
Madelene Upcott,Organic Choco Syrup,New Zealand,2024-02-26,8169.75,430,Delivered
Andria Kimpton,85% Dark Bars,UK,2024-02-26,7886.25,359,Delivered
Husein Augar,85% Dark Bars,Australia,2024-02-26,1489.5,68,Cancelled
Dotty Strutley,Baker's Choco Chips,UK,2024-02-26,1046.25,53,Delivered
Brien Boise,Spicy Special Slims,UK,2024-02-27,6716.25,396,Delivered
Gunar Cockshoot,99% Dark & Pure,India,2024-02-27,6540.75,298,Delivered
Camilla Castle,Drinking Coco,Canada,2024-02-27,4351.5,363,Delivered
Gunar Cockshoot,70% Dark Bites,India,2024-02-28,10149.75,564,Delivered
Kelci Walkden,Smooth Silky Salty,India,2024-02-28,11637.0,1293,Delivered
Andria Kimpton,Manuka Honey Choco,UK,2024-02-28,2317.5,116,Delivered
Dennison Crosswaite,Choco Coated Almonds,USA,2024-02-28,2490.75,227,Delivered
Roddy Speechley,Fruit & Nut Bars,UK,2024-02-29,5789.25,223,Delivered
Mallorie Waber,Milk Bars,New Zealand,2024-02-29,4803.75,229,Delivered
Kelci Walkden,99% Dark & Pure,New Zealand,2024-02-29,9798.75,409,Delivered
Dotty Strutley,Raspberry Choco,UK,2024-02-29,1980.0,198,Delivered
Kaine Padly,70% Dark Bites,India,2024-02-29,2736.0,171,Delivered
Jehu Rudeforth,50% Dark Bites,USA,2024-02-29,10964.25,499,Delivered
Ches Bonnell,Organic Choco Syrup,New Zealand,2024-02-29,5600.25,267,Delivered
Ches Bonnell,Fruit & Nut Bars,Australia,2024-02-29,9801.0,409,Delivered
Van Tuxwell,Caramel Stuffed Bars,USA,2024-02-29,3019.5,168,Delivered
Andria Kimpton,70% Dark Bites,New Zealand,2024-02-29,328.5,21,Delivered
Madelene Upcott,Milk Bars,USA,2024-02-29,5269.5,278,Delivered
Karlen McCaffrey,Eclairs,USA,2024-02-29,407.25,20,Delivered
Van Tuxwell,Organic Choco Syrup,USA,2024-02-29,5780.25,305,Delivered
Andria Kimpton,Manuka Honey Choco,India,2024-02-29,4101.75,179,Delivered
Wilone O'Kielt,Peanut Butter Cubes,UK,2024-02-29,6410.25,306,Delivered
Gunar Cockshoot,99% Dark & Pure,UK,2024-02-29,5305.5,253,Delivered
Ches Bonnell,Peanut Butter Cubes,India,2024-02-29,5463.0,261,Delivered
Wilone O'Kielt,Organic Choco Syrup,New Zealand,2024-02-29,12622.5,549,Delivered
Gigi Bohling,Baker's Choco Chips,New Zealand,2024-02-29,5262.75,277,Delivered
Madelene Upcott,Mint Chip Choco,UK,2024-02-29,121.5,9,Delivered
Gunar Cockshoot,70% Dark Bites,Canada,2024-03-01,16150.5,808,Delivered
Gunar Cockshoot,Eclairs,UK,2024-03-01,2034.0,89,Delivered
Rafaelita Blaksland,Baker's Choco Chips,India,2024-03-01,4347.0,290,Delivered
Dotty Strutley,Drinking Coco,Canada,2024-03-01,5634.0,513,Delivered
Mallorie Waber,50% Dark Bites,USA,2024-03-01,14451.75,851,Delivered
Jan Morforth,Organic Choco Syrup,India,2024-03-01,4646.25,259,Delivered
Gunar Cockshoot,Spicy Special Slims,Australia,2024-03-01,6347.25,397,Delivered
Beverie Moffet,Spicy Special Slims,India,2024-03-01,634.5,34,Delivered
Madelene Upcott,Choco Coated Almonds,Canada,2024-03-01,7899.75,565,Delivered
Dotty Strutley,Smooth Silky Salty,New Zealand,2024-03-04,9036.0,753,Delivered
Curtice Advani,Raspberry Choco,New Zealand,2024-03-04,15624.0,2232,Delivered
Karlen McCaffrey,Choco Coated Almonds,USA,2024-03-04,9990.0,909,Delivered
Gunar Cockshoot,Baker's Choco Chips,New Zealand,2024-03-04,8745.75,486,Delivered
Wilone O'Kielt,Mint Chip Choco,India,2024-03-04,1084.5,84,Delivered
Roddy Speechley,Peanut Butter Cubes,UK,2024-03-04,7557.75,378,Delivered
Camilla Castle,Drinking Coco,Canada,2024-03-04,5566.5,429,Delivered
Curtice Advani,Fruit & Nut Bars,New Zealand,2024-03-04,9321.75,359,Delivered
Kelci Walkden,Spicy Special Slims,UK,2024-03-04,2434.5,144,Delivered
Curtice Advani,Peanut Butter Cubes,Australia,2024-03-04,5672.25,258,Delivered
Jan Morforth,Manuka Honey Choco,India,2024-03-04,8851.5,403,Delivered
Jehu Rudeforth,Spicy Special Slims,USA,2024-03-04,8833.5,553,Delivered
Curtice Advani,Manuka Honey Choco,UK,2024-03-04,8894.25,495,Delivered
Dotty Strutley,Eclairs,UK,2024-03-04,513.0,26,Delivered
Marney O'Breen,Manuka Honey Choco,New Zealand,2024-03-04,5910.75,282,Delivered
Marney O'Breen,50% Dark Bites,USA,2024-03-04,4207.5,211,Delivered
Jan Morforth,Raspberry Choco,USA,2024-03-04,2763.0,553,Delivered
Husein Augar,99% Dark & Pure,Australia,2024-03-04,6709.5,354,Delivered
Gunar Cockshoot,99% Dark & Pure,UK,2024-03-04,2110.5,112,Delivered
Brien Boise,Caramel Stuffed Bars,Australia,2024-03-04,1397.25,74,Delivered
Kelci Walkden,Mint Chip Choco,India,2024-03-04,4549.5,414,Delivered
Dotty Strutley,Drinking Coco,UK,2024-03-04,5649.75,435,Delivered
Andria Kimpton,Organic Choco Syrup,UK,2024-03-04,4853.25,270,Delivered
Curtice Advani,50% Dark Bites,Canada,2024-03-04,11247.75,536,Delivered
Beverie Moffet,Eclairs,UK,2024-03-05,6088.5,339,Delivered
Curtice Advani,Caramel Stuffed Bars,USA,2024-03-05,10579.5,504,Delivered
Barr Faughny,Smooth Silky Salty,Australia,2024-03-05,2862.0,318,Delivered
Andria Kimpton,Baker's Choco Chips,Canada,2024-03-05,3172.5,212,Delivered
Brien Boise,99% Dark & Pure,UK,2024-03-05,9155.25,399,Delivered
Barr Faughny,Mint Chip Choco,USA,2024-03-05,3278.25,274,Delivered
Brien Boise,Peanut Butter Cubes,India,2024-03-05,10557.0,556,Delivered
Camilla Castle,Orange Choco,Canada,2024-03-06,3204.0,458,Delivered
Kelci Walkden,Fruit & Nut Bars,India,2024-03-06,8160.75,292,Delivered
Jehu Rudeforth,99% Dark & Pure,UK,2024-03-06,2202.75,111,Delivered
Husein Augar,Drinking Coco,India,2024-03-06,5634.0,513,Delivered
Gunar Cockshoot,85% Dark Bars,UK,2024-03-06,9321.75,359,Delivered
Oby Sorrel,99% Dark & Pure,USA,2024-03-06,9884.25,412,Delivered
Barr Faughny,Fruit & Nut Bars,USA,2024-03-06,9670.5,346,Delivered
Kelci Walkden,Almond Choco,UK,2024-03-06,8588.25,859,Delivered
Brien Boise,After Nines,Canada,2024-03-06,5933.25,396,Delivered
Kelci Walkden,Choco Coated Almonds,New Zealand,2024-03-06,8500.5,773,Delivered
Gunar Cockshoot,Caramel Stuffed Bars,Canada,2024-03-06,9911.25,584,Delivered
Van Tuxwell,Fruit & Nut Bars,UK,2024-03-06,6223.5,271,Delivered
Roddy Speechley,Eclairs,UK,2024-03-06,6131.25,307,Delivered
Gunar Cockshoot,Eclairs,USA,2024-03-06,1365.75,66,Delivered
Roddy Speechley,Choco Coated Almonds,USA,2024-03-06,3818.25,382,Delivered
Van Tuxwell,Manuka Honey Choco,UK,2024-03-06,7789.5,355,Delivered
Jehu Rudeforth,Smooth Silky Salty,UK,2024-03-06,14116.5,1284,Delivered
Jehu Rudeforth,99% Dark & Pure,UK,2024-03-06,10255.5,540,Delivered
Marney O'Breen,Eclairs,USA,2024-03-06,1878.75,90,Delivered
Brien Boise,Organic Choco Syrup,UK,2024-03-06,434.25,23,Delivered
Wilone O'Kielt,Mint Chip Choco,India,2024-03-06,281.25,32,Delivered
Kelci Walkden,Choco Coated Almonds,USA,2024-03-06,825.75,56,Delivered
Brien Boise,Spicy Special Slims,UK,2024-03-06,1676.25,94,Delivered
Wilone O'Kielt,Organic Choco Syrup,USA,2024-03-06,7974.0,443,Delivered
Wilone O'Kielt,70% Dark Bites,Canada,2024-03-06,6264.0,418,Delivered
Marney O'Breen,Milk Bars,New Zealand,2024-03-06,1185.75,60,Delivered
Kelci Walkden,50% Dark Bites,USA,2024-03-06,630.0,34,Delivered
Brien Boise,85% Dark Bars,UK,2024-03-07,15806.25,753,Delivered
Oby Sorrel,After Nines,USA,2024-03-07,9177.75,656,Delivered
Madelene Upcott,Organic Choco Syrup,UK,2024-03-07,8077.5,449,Delivered
Roddy Speechley,85% Dark Bars,New Zealand,2024-03-07,3771.0,180,Delivered
Wilone O'Kielt,Spicy Special Slims,Canada,2024-03-07,7562.25,473,Delivered
Brien Boise,Peanut Butter Cubes,Australia,2024-03-07,10300.5,516,Delivered
Ches Bonnell,70% Dark Bites,USA,2024-03-07,10914.75,683,Delivered
Curtice Advani,70% Dark Bites,India,2024-03-07,573.75,39,Delivered
Madelene Upcott,Milk Bars,Australia,2024-03-07,3935.25,197,Delivered
Andria Kimpton,Mint Chip Choco,India,2024-03-07,1635.75,137,Delivered
Dotty Strutley,Spicy Special Slims,Australia,2024-03-07,8871.75,493,Delivered
Jehu Rudeforth,Smooth Silky Salty,UK,2024-03-07,2200.5,221,Cancelled
Gunar Cockshoot,Eclairs,USA,2024-03-07,4045.5,225,Delivered
Oby Sorrel,Almond Choco,USA,2024-03-07,2353.5,214,Delivered
Gigi Bohling,Eclairs,UK,2024-03-07,4446.0,223,Delivered
Brien Boise,Caramel Stuffed Bars,UK,2024-03-07,3498.75,167,Delivered
Kelci Walkden,Baker's Choco Chips,India,2024-03-07,2333.25,146,Delivered
Gunar Cockshoot,Spicy Special Slims,USA,2024-03-07,2112.75,141,Delivered
Gigi Bohling,Choco Coated Almonds,New Zealand,2024-03-08,7998.75,616,Delivered
Ches Bonnell,Raspberry Choco,USA,2024-03-08,10820.25,1804,Delivered
Wilone O'Kielt,Raspberry Choco,UK,2024-03-08,1820.25,304,Delivered
Gunar Cockshoot,70% Dark Bites,USA,2024-03-08,5472.0,274,Delivered
Gigi Bohling,Smooth Silky Salty,UK,2024-03-08,74.25,7,Delivered
Jehu Rudeforth,Mint Chip Choco,USA,2024-03-08,866.25,97,Delivered
Jehu Rudeforth,99% Dark & Pure,Australia,2024-03-08,8259.75,345,Delivered
Andria Kimpton,99% Dark & Pure,USA,2024-03-08,5964.75,272,Delivered
Andria Kimpton,Orange Choco,India,2024-03-08,10842.75,1808,Delivered
Karlen McCaffrey,Peanut Butter Cubes,Australia,2024-03-08,5836.5,266,Delivered
Karlen McCaffrey,50% Dark Bites,India,2024-03-08,5087.25,300,Delivered
Brien Boise,Raspberry Choco,Australia,2024-03-08,10111.5,1686,Delivered
Dotty Strutley,Almond Choco,USA,2024-03-08,6423.75,536,Delivered
Jehu Rudeforth,White Choc,Canada,2024-03-08,2362.5,113,Delivered
Barr Faughny,After Nines,UK,2024-03-08,3908.25,280,Delivered
Roddy Speechley,Organic Choco Syrup,UK,2024-03-08,8507.25,448,Delivered
Rafaelita Blaksland,Mint Chip Choco,New Zealand,2024-03-08,1557.0,173,Delivered
Jehu Rudeforth,99% Dark & Pure,UK,2024-03-08,1023.75,47,Delivered
Marney O'Breen,Spicy Special Slims,UK,2024-03-08,4036.5,213,Delivered
Kaine Padly,Peanut Butter Cubes,India,2024-03-08,7321.5,367,Delivered
Ches Bonnell,Orange Choco,USA,2024-03-08,7141.5,893,Delivered
Roddy Speechley,85% Dark Bars,USA,2024-03-11,1145.25,53,Delivered
Marney O'Breen,99% Dark & Pure,USA,2024-03-11,7362.0,388,Delivered
Jehu Rudeforth,70% Dark Bites,India,2024-03-11,11740.5,653,Delivered
Dotty Strutley,50% Dark Bites,UK,2024-03-11,4506.75,215,Cancelled
Gigi Bohling,Manuka Honey Choco,India,2024-03-11,11884.5,566,Delivered
Karlen McCaffrey,Choco Coated Almonds,Canada,2024-03-11,11328.75,1133,Delivered
Jan Morforth,Mint Chip Choco,USA,2024-03-11,6372.0,580,Delivered
Husein Augar,85% Dark Bars,UK,2024-03-11,3145.5,132,Delivered
Madelene Upcott,Baker's Choco Chips,Australia,2024-03-11,357.75,19,Delivered
Madelene Upcott,Mint Chip Choco,New Zealand,2024-03-11,4468.5,344,Delivered
Roddy Speechley,Fruit & Nut Bars,Canada,2024-03-11,2414.25,93,Delivered
Brien Boise,Raspberry Choco,Australia,2024-03-11,231.75,39,Delivered
Camilla Castle,Orange Choco,USA,2024-03-11,4180.5,381,Delivered
Jan Morforth,Manuka Honey Choco,USA,2024-03-11,12255.75,646,Delivered
Brien Boise,Drinking Coco,New Zealand,2024-03-11,5028.75,458,Delivered
Jan Morforth,Raspberry Choco,New Zealand,2024-03-11,4437.0,740,Delivered
Jehu Rudeforth,Spicy Special Slims,New Zealand,2024-03-11,3669.75,184,Delivered
Dennison Crosswaite,Eclairs,UK,2024-03-12,4268.25,238,Delivered
Kelci Walkden,Baker's Choco Chips,Australia,2024-03-12,4389.75,259,Delivered
Marney O'Breen,99% Dark & Pure,India,2024-03-12,9830.25,447,Delivered
Curtice Advani,Smooth Silky Salty,UK,2024-03-12,8527.5,776,Delivered
Curtice Advani,Choco Coated Almonds,New Zealand,2024-03-12,5688.0,474,Delivered
Barr Faughny,Eclairs,Australia,2024-03-12,6619.5,316,Delivered
Husein Augar,Orange Choco,New Zealand,2024-03-12,11785.5,1684,Delivered
Madelene Upcott,Fruit & Nut Bars,USA,2024-03-12,6529.5,262,Delivered
Brien Boise,Mint Chip Choco,Canada,2024-03-12,3048.75,235,Delivered
Curtice Advani,White Choc,Australia,2024-03-12,4425.75,211,Delivered
Van Tuxwell,70% Dark Bites,USA,2024-03-12,3863.25,242,Delivered
Dennison Crosswaite,Fruit & Nut Bars,Canada,2024-03-12,6050.25,217,Delivered
Dotty Strutley,Mint Chip Choco,Australia,2024-03-12,4504.5,501,Delivered
Madelene Upcott,Drinking Coco,India,2024-03-12,5643.0,565,Delivered
Roddy Speechley,Organic Choco Syrup,USA,2024-03-12,5746.5,250,Delivered
Madelene Upcott,Eclairs,India,2024-03-12,3820.5,174,Delivered
Karlen McCaffrey,Raspberry Choco,UK,2024-03-12,9159.75,1832,Delivered
Brien Boise,Drinking Coco,UK,2024-03-12,5568.75,429,Delivered
Gunar Cockshoot,Organic Choco Syrup,USA,2024-03-12,11200.5,561,Delivered
Gigi Bohling,70% Dark Bites,New Zealand,2024-03-12,6140.25,324,Cancelled
Beverie Moffet,Smooth Silky Salty,UK,2024-03-12,8671.5,723,Delivered
Curtice Advani,Fruit & Nut Bars,New Zealand,2024-03-13,10116.0,405,Delivered
Jehu Rudeforth,85% Dark Bars,Canada,2024-03-13,879.75,37,Delivered
Gunar Cockshoot,Orange Choco,USA,2024-03-13,15063.75,2152,Delivered
Dennison Crosswaite,70% Dark Bites,India,2024-03-13,6081.75,381,Delivered
Marney O'Breen,Baker's Choco Chips,India,2024-03-13,175.5,12,Delivered
Kelci Walkden,Choco Coated Almonds,USA,2024-03-13,2454.75,246,Delivered
Curtice Advani,Smooth Silky Salty,New Zealand,2024-03-13,3721.5,373,Delivered
Kelci Walkden,Choco Coated Almonds,Australia,2024-03-13,360.0,30,Delivered
Jan Morforth,Choco Coated Almonds,Canada,2024-03-13,2270.25,190,Delivered
Jan Morforth,Baker's Choco Chips,USA,2024-03-13,10710.0,564,Delivered
Dennison Crosswaite,Raspberry Choco,UK,2024-03-13,10570.5,1175,Cancelled
Madelene Upcott,Orange Choco,New Zealand,2024-03-14,5305.5,531,Delivered
Jan Morforth,Orange Choco,UK,2024-03-14,3780.0,378,Delivered
Husein Augar,Orange Choco,New Zealand,2024-03-14,4252.5,532,Delivered
Karlen McCaffrey,70% Dark Bites,USA,2024-03-14,5431.5,340,Delivered
Husein Augar,99% Dark & Pure,Australia,2024-03-14,8466.75,446,Delivered
Barr Faughny,White Choc,New Zealand,2024-03-14,3426.75,143,Delivered
Dennison Crosswaite,Orange Choco,UK,2024-03-14,6806.25,757,Delivered
Madelene Upcott,After Nines,UK,2024-03-14,7951.5,568,Delivered
Gunar Cockshoot,Drinking Coco,UK,2024-03-14,5928.75,742,Delivered
Kelci Walkden,Manuka Honey Choco,Canada,2024-03-14,8426.25,384,Delivered
Brien Boise,Drinking Coco,Australia,2024-03-14,4916.25,615,Delivered
Andria Kimpton,Manuka Honey Choco,Australia,2024-03-14,6284.25,331,Delivered
Madelene Upcott,Mint Chip Choco,UK,2024-03-14,3879.0,299,Delivered
Dennison Crosswaite,Smooth Silky Salty,New Zealand,2024-03-15,6084.0,554,Delivered
Van Tuxwell,Milk Bars,USA,2024-03-15,1629.0,82,Delivered
Marney O'Breen,Smooth Silky Salty,USA,2024-03-15,204.75,18,Delivered
Madelene Upcott,Raspberry Choco,UK,2024-03-15,9819.0,1091,Delivered
Roddy Speechley,Manuka Honey Choco,Canada,2024-03-15,2461.5,108,Delivered
Gunar Cockshoot,After Nines,USA,2024-03-15,7454.25,622,Delivered
Brien Boise,Spicy Special Slims,USA,2024-03-15,1102.5,65,Delivered
Husein Augar,Eclairs,India,2024-03-15,4657.5,259,Delivered
Brien Boise,Almond Choco,UK,2024-03-18,13171.5,1098,Delivered
Curtice Advani,Choco Coated Almonds,India,2024-03-18,2313.0,155,Delivered
Oby Sorrel,85% Dark Bars,Australia,2024-03-18,6590.25,275,Delivered
Beverie Moffet,Smooth Silky Salty,USA,2024-03-18,10352.25,863,Delivered
Roddy Speechley,Eclairs,Canada,2024-03-18,3600.0,157,Delivered
Marney O'Breen,Smooth Silky Salty,UK,2024-03-18,8086.5,674,Delivered
Kaine Padly,Mint Chip Choco,Australia,2024-03-18,4149.0,461,Delivered
Madelene Upcott,Mint Chip Choco,USA,2024-03-18,2027.25,169,Delivered
Gunar Cockshoot,70% Dark Bites,Australia,2024-03-18,2808.0,156,Delivered
Kaine Padly,Smooth Silky Salty,UK,2024-03-19,7758.0,862,Delivered
Kelci Walkden,99% Dark & Pure,India,2024-03-19,2547.0,128,Delivered
Dotty Strutley,Spicy Special Slims,USA,2024-03-19,2436.75,129,Delivered
Kelci Walkden,85% Dark Bars,New Zealand,2024-03-19,571.5,22,Delivered
Andria Kimpton,Drinking Coco,UK,2024-03-19,5501.25,612,Delivered
Marney O'Breen,Eclairs,Australia,2024-03-19,12467.25,594,Delivered
Andria Kimpton,Eclairs,UK,2024-03-19,7112.25,396,Delivered
Gunar Cockshoot,Mint Chip Choco,New Zealand,2024-03-19,380.25,35,Delivered
Brien Boise,Organic Choco Syrup,UK,2024-03-19,4686.75,224,Delivered
Kelci Walkden,Peanut Butter Cubes,UK,2024-03-19,5809.5,265,Delivered
Camilla Castle,50% Dark Bites,Canada,2024-03-19,4104.0,196,Delivered
Gunar Cockshoot,Peanut Butter Cubes,New Zealand,2024-03-19,5355.0,233,Delivered
Barr Faughny,Drinking Coco,New Zealand,2024-03-19,5085.0,424,Delivered
Brien Boise,Orange Choco,USA,2024-03-19,8604.0,1230,Delivered
Kelci Walkden,Manuka Honey Choco,UK,2024-03-19,4189.5,200,Delivered
Madelene Upcott,Smooth Silky Salty,USA,2024-03-19,3908.25,326,Delivered
Oby Sorrel,85% Dark Bars,New Zealand,2024-03-19,18875.25,756,Delivered
Jan Morforth,99% Dark & Pure,UK,2024-03-19,2535.75,127,Delivered
Ches Bonnell,Spicy Special Slims,Australia,2024-03-19,8244.0,413,Delivered
Dotty Strutley,Drinking Coco,New Zealand,2024-03-19,5949.0,744,Delivered
Jan Morforth,Smooth Silky Salty,USA,2024-03-20,2360.25,215,Delivered
Marney O'Breen,Baker's Choco Chips,UK,2024-03-20,6486.75,361,Delivered
Husein Augar,Choco Coated Almonds,Canada,2024-03-20,1624.5,117,Delivered
Brien Boise,Milk Bars,New Zealand,2024-03-20,12523.5,597,Delivered
Barr Faughny,White Choc,USA,2024-03-20,3561.75,149,Delivered
Dotty Strutley,Raspberry Choco,UK,2024-03-20,4457.25,637,Delivered
Barr Faughny,50% Dark Bites,New Zealand,2024-03-20,10383.75,577,Delivered
Brien Boise,Orange Choco,New Zealand,2024-03-20,10964.25,1219,Delivered
Rafaelita Blaksland,99% Dark & Pure,New Zealand,2024-03-20,978.75,43,Delivered
Van Tuxwell,Mint Chip Choco,New Zealand,2024-03-20,6351.75,706,Delivered
Marney O'Breen,Mint Chip Choco,UK,2024-03-20,600.75,47,Delivered
Kaine Padly,Eclairs,USA,2024-03-20,6428.25,293,Delivered
Curtice Advani,Orange Choco,USA,2024-03-20,8309.25,924,Cancelled
Wilone O'Kielt,Fruit & Nut Bars,Australia,2024-03-21,4497.75,167,Delivered
Kaine Padly,Spicy Special Slims,UK,2024-03-21,5739.75,383,Delivered
Brien Boise,Raspberry Choco,USA,2024-03-21,1597.5,178,Cancelled
Madelene Upcott,Mint Chip Choco,New Zealand,2024-03-21,6880.5,574,Delivered
Oby Sorrel,Eclairs,UK,2024-03-21,5278.5,294,Delivered
Camilla Castle,Drinking Coco,USA,2024-03-21,5733.0,637,Delivered
Kelci Walkden,Mint Chip Choco,USA,2024-03-21,866.25,62,Delivered
Jehu Rudeforth,Baker's Choco Chips,New Zealand,2024-03-21,6009.75,317,Delivered
Kelci Walkden,70% Dark Bites,UK,2024-03-21,9990.0,555,Delivered
Jan Morforth,Eclairs,USA,2024-03-22,4243.5,236,Delivered
Ches Bonnell,Organic Choco Syrup,New Zealand,2024-03-22,14274.0,752,Delivered
Gunar Cockshoot,Drinking Coco,India,2024-03-25,5807.25,447,Delivered
Oby Sorrel,Orange Choco,UK,2024-03-26,17003.25,2834,Delivered
Jan Morforth,Fruit & Nut Bars,UK,2024-03-26,4432.5,178,Delivered
Gunar Cockshoot,70% Dark Bites,New Zealand,2024-03-26,1968.75,132,Delivered
Gunar Cockshoot,Organic Choco Syrup,USA,2024-03-26,16193.25,705,Delivered
Wilone O'Kielt,99% Dark & Pure,UK,2024-03-26,7182.0,313,Delivered
Brien Boise,70% Dark Bites,UK,2024-03-26,4808.25,301,Delivered
Wilone O'Kielt,Eclairs,UK,2024-03-26,3845.25,203,Delivered
Andria Kimpton,50% Dark Bites,Australia,2024-03-26,2067.75,122,Delivered
Brien Boise,Fruit & Nut Bars,India,2024-03-26,5193.0,200,Delivered
Karlen McCaffrey,Milk Bars,Canada,2024-03-26,8316.0,490,Delivered
Dotty Strutley,Choco Coated Almonds,India,2024-03-26,6423.75,429,Delivered
Kelci Walkden,Organic Choco Syrup,UK,2024-03-26,8716.5,397,Cancelled
Husein Augar,Drinking Coco,USA,2024-03-27,6252.75,782,Delivered
Dennison Crosswaite,Baker's Choco Chips,UK,2024-03-27,3010.5,189,Delivered
Madelene Upcott,Drinking Coco,Australia,2024-03-27,4677.75,390,Cancelled
Dotty Strutley,Peanut Butter Cubes,UK,2024-03-28,9985.5,435,Cancelled
Kaine Padly,Choco Coated Almonds,Canada,2024-03-28,2639.25,264,Delivered
Ches Bonnell,70% Dark Bites,UK,2024-03-28,8624.25,432,Delivered
Brien Boise,Spicy Special Slims,Canada,2024-03-28,459.0,29,Delivered
Barr Faughny,Baker's Choco Chips,New Zealand,2024-03-28,2022.75,102,Delivered
Gigi Bohling,Orange Choco,Australia,2024-03-28,13806.0,1534,Delivered
Dotty Strutley,Orange Choco,UK,2024-03-28,6054.75,673,Delivered
Dotty Strutley,Choco Coated Almonds,Australia,2024-03-28,5253.75,478,Delivered
Kelci Walkden,Orange Choco,UK,2024-03-28,9366.75,1562,Delivered
Barr Faughny,Baker's Choco Chips,Canada,2024-03-28,2391.75,120,Delivered
Brien Boise,Mint Chip Choco,New Zealand,2024-03-28,1685.25,130,Delivered
Barr Faughny,Peanut Butter Cubes,UK,2024-03-28,3510.0,176,Delivered
Roddy Speechley,Spicy Special Slims,New Zealand,2024-03-28,6005.25,376,Delivered
Madelene Upcott,Orange Choco,UK,2024-03-28,2263.5,206,Delivered
Gigi Bohling,Organic Choco Syrup,UK,2024-03-28,4203.0,222,Delivered
Jan Morforth,Drinking Coco,USA,2024-03-29,5494.5,423,Delivered
Marney O'Breen,Smooth Silky Salty,India,2024-03-29,6714.0,746,Delivered
Ches Bonnell,Raspberry Choco,USA,2024-03-29,10608.75,1179,Delivered
Jehu Rudeforth,50% Dark Bites,USA,2024-03-29,8608.5,431,Delivered
Brien Boise,70% Dark Bites,Australia,2024-03-29,933.75,63,Delivered
Karlen McCaffrey,White Choc,USA,2024-03-29,3894.75,156,Delivered
Marney O'Breen,Fruit & Nut Bars,Australia,2024-03-29,8025.75,309,Delivered
Dotty Strutley,Milk Bars,UK,2024-03-29,4200.75,222,Delivered
Rafaelita Blaksland,Mint Chip Choco,India,2024-03-29,9400.5,941,Delivered
Gunar Cockshoot,Spicy Special Slims,New Zealand,2024-03-29,10467.0,698,Delivered
Brien Boise,85% Dark Bars,USA,2024-03-29,2452.5,107,Delivered
Roddy Speechley,Drinking Coco,UK,2024-03-29,5161.5,574,Delivered
Beverie Moffet,Drinking Coco,New Zealand,2024-03-29,6646.5,665,Delivered
Madelene Upcott,Fruit & Nut Bars,USA,2024-03-29,7317.0,305,Cancelled
Jehu Rudeforth,Mint Chip Choco,New Zealand,2024-03-29,8376.75,699,Delivered
Husein Augar,Orange Choco,Australia,2024-03-29,2526.75,361,Delivered
Rafaelita Blaksland,Drinking Coco,UK,2024-04-01,4790.25,533,Delivered
Barr Faughny,Choco Coated Almonds,Australia,2024-04-01,445.5,35,Delivered
Andria Kimpton,70% Dark Bites,India,2024-04-01,6095.25,339,Delivered
Andria Kimpton,Orange Choco,India,2024-04-01,3627.0,605,Delivered
Roddy Speechley,Choco Coated Almonds,Canada,2024-04-01,2106.0,211,Delivered
Roddy Speechley,Choco Coated Almonds,Canada,2024-04-01,7296.75,487,Delivered
Madelene Upcott,Eclairs,USA,2024-04-01,6651.0,370,Delivered
Jan Morforth,Choco Coated Almonds,India,2024-04-01,4041.0,311,Delivered
Dotty Strutley,Raspberry Choco,New Zealand,2024-04-01,20592.0,2942,Delivered
Husein Augar,Eclairs,India,2024-04-01,4074.75,215,Delivered
Beverie Moffet,85% Dark Bars,UK,2024-04-02,544.5,25,Delivered
Husein Augar,Peanut Butter Cubes,USA,2024-04-02,4648.5,233,Delivered
Karlen McCaffrey,Mint Chip Choco,USA,2024-04-02,5355.0,412,Delivered
Marney O'Breen,Baker's Choco Chips,USA,2024-04-02,9580.5,480,Delivered
Andria Kimpton,White Choc,USA,2024-04-02,5278.5,240,Delivered
Curtice Advani,Eclairs,USA,2024-04-02,479.25,26,Delivered
Kelci Walkden,Spicy Special Slims,Canada,2024-04-02,14492.25,906,Delivered
Roddy Speechley,Baker's Choco Chips,UK,2024-04-02,9378.0,587,Delivered
Dotty Strutley,Peanut Butter Cubes,India,2024-04-02,11459.25,521,Delivered
Andria Kimpton,Mint Chip Choco,New Zealand,2024-04-02,204.75,18,Delivered
Kelci Walkden,Eclairs,India,2024-04-02,7854.75,342,Delivered
Madelene Upcott,Organic Choco Syrup,UK,2024-04-03,18067.5,861,Delivered
Gigi Bohling,Eclairs,India,2024-04-03,3561.75,179,Delivered
Beverie Moffet,Spicy Special Slims,UK,2024-04-03,8430.75,527,Delivered
Brien Boise,Almond Choco,New Zealand,2024-04-03,2749.5,250,Delivered
Brien Boise,Drinking Coco,USA,2024-04-03,5625.0,704,Delivered
Van Tuxwell,After Nines,India,2024-04-03,6878.25,530,Delivered
Van Tuxwell,70% Dark Bites,USA,2024-04-03,2655.0,148,Delivered
Barr Faughny,Orange Choco,New Zealand,2024-04-03,8955.0,1280,Delivered
Madelene Upcott,70% Dark Bites,UK,2024-04-03,1595.25,107,Cancelled
Dotty Strutley,Choco Coated Almonds,India,2024-04-03,378.0,27,Delivered
Madelene Upcott,Eclairs,India,2024-04-03,4992.75,218,Delivered
Andria Kimpton,50% Dark Bites,USA,2024-04-03,10647.0,627,Delivered
Dotty Strutley,Milk Bars,Canada,2024-04-03,5665.5,284,Delivered
Beverie Moffet,70% Dark Bites,UK,2024-04-03,1352.25,68,Delivered
Brien Boise,Orange Choco,Australia,2024-04-03,6408.0,1068,Delivered
Dotty Strutley,Mint Chip Choco,USA,2024-04-03,1174.5,98,Delivered
Curtice Advani,Eclairs,UK,2024-04-03,1662.75,80,Delivered
Karlen McCaffrey,50% Dark Bites,USA,2024-04-03,8241.75,413,Delivered
Jan Morforth,Smooth Silky Salty,USA,2024-04-03,495.0,62,Delivered
Gunar Cockshoot,Mint Chip Choco,UK,2024-04-03,1937.25,139,Delivered
Husein Augar,Raspberry Choco,UK,2024-04-03,5112.0,512,Delivered
Barr Faughny,85% Dark Bars,Canada,2024-04-04,6957.0,290,Delivered
Roddy Speechley,Drinking Coco,USA,2024-04-04,5467.5,456,Delivered
Oby Sorrel,99% Dark & Pure,Australia,2024-04-04,2454.75,112,Delivered
Gunar Cockshoot,Drinking Coco,New Zealand,2024-04-04,5071.5,564,Delivered
Brien Boise,Caramel Stuffed Bars,USA,2024-04-04,1374.75,73,Delivered
Karlen McCaffrey,85% Dark Bars,USA,2024-04-05,1212.75,51,Delivered
Barr Faughny,Smooth Silky Salty,UK,2024-04-05,6864.75,687,Delivered
Brien Boise,Caramel Stuffed Bars,Canada,2024-04-05,3318.75,185,Delivered
Roddy Speechley,70% Dark Bites,USA,2024-04-05,3044.25,203,Delivered
Brien Boise,99% Dark & Pure,UK,2024-04-05,4178.25,199,Delivered
Rafaelita Blaksland,Choco Coated Almonds,India,2024-04-05,1503.0,137,Delivered
Van Tuxwell,Peanut Butter Cubes,India,2024-04-05,4353.75,218,Delivered
Van Tuxwell,50% Dark Bites,Canada,2024-04-05,1822.5,96,Delivered
Madelene Upcott,Choco Coated Almonds,USA,2024-04-05,5262.75,405,Delivered
Jehu Rudeforth,White Choc,Australia,2024-04-05,4902.75,223,Delivered
Curtice Advani,70% Dark Bites,Canada,2024-04-05,4.5,1,Delivered
Husein Augar,Organic Choco Syrup,India,2024-04-08,10449.0,581,Cancelled
Barr Faughny,Eclairs,India,2024-04-08,3957.75,209,Delivered
Camilla Castle,50% Dark Bites,New Zealand,2024-04-08,4455.0,248,Delivered
Jan Morforth,Spicy Special Slims,New Zealand,2024-04-08,5573.25,328,Delivered
Mallorie Waber,White Choc,UK,2024-04-08,5753.25,288,Delivered
Madelene Upcott,Baker's Choco Chips,USA,2024-04-08,8136.0,479,Delivered
Oby Sorrel,Baker's Choco Chips,Australia,2024-04-08,5823.0,292,Delivered
Dennison Crosswaite,Drinking Coco,Australia,2024-04-08,4074.75,453,Delivered
Gunar Cockshoot,Milk Bars,USA,2024-04-08,94.5,5,Delivered
Dotty Strutley,Mint Chip Choco,Australia,2024-04-08,4502.25,322,Delivered
Jan Morforth,Drinking Coco,UK,2024-04-08,5546.25,617,Delivered
Madelene Upcott,Spicy Special Slims,USA,2024-04-08,14724.0,775,Cancelled
Kelci Walkden,Smooth Silky Salty,USA,2024-04-08,10622.25,1181,Delivered
Dotty Strutley,70% Dark Bites,USA,2024-04-09,3604.5,213,Delivered
Roddy Speechley,70% Dark Bites,USA,2024-04-09,1669.5,88,Delivered
Wilone O'Kielt,70% Dark Bites,Australia,2024-04-09,9920.25,621,Delivered
Kaine Padly,Orange Choco,UK,2024-04-09,4851.0,607,Delivered
Wilone O'Kielt,70% Dark Bites,UK,2024-04-09,6853.5,429,Delivered
Rafaelita Blaksland,Orange Choco,Canada,2024-04-09,317.25,36,Delivered
Barr Faughny,Spicy Special Slims,Canada,2024-04-10,9715.5,572,Delivered
Curtice Advani,Fruit & Nut Bars,Canada,2024-04-10,9137.25,327,Delivered
Jehu Rudeforth,Eclairs,Canada,2024-04-10,1098.0,55,Delivered
Brien Boise,Organic Choco Syrup,Canada,2024-04-10,6835.5,380,Delivered
Dotty Strutley,Raspberry Choco,UK,2024-04-10,3892.5,557,Delivered
Jan Morforth,Organic Choco Syrup,USA,2024-04-11,5267.25,251,Delivered
Brien Boise,Peanut Butter Cubes,India,2024-04-11,4934.25,260,Delivered
Marney O'Breen,Spicy Special Slims,New Zealand,2024-04-11,2614.5,164,Cancelled
Gunar Cockshoot,70% Dark Bites,Australia,2024-04-11,7917.75,417,Delivered
Dotty Strutley,Baker's Choco Chips,USA,2024-04-12,8275.5,518,Delivered
Jan Morforth,Spicy Special Slims,Canada,2024-04-12,3600.0,200,Delivered
Jehu Rudeforth,Smooth Silky Salty,USA,2024-04-12,9967.5,997,Delivered
Madelene Upcott,50% Dark Bites,USA,2024-04-12,1350.0,68,Delivered
Marney O'Breen,Choco Coated Almonds,Canada,2024-04-12,243.0,17,Delivered
Jan Morforth,Fruit & Nut Bars,New Zealand,2024-04-15,5935.5,259,Delivered
Curtice Advani,Smooth Silky Salty,UK,2024-04-15,12102.75,1345,Delivered
Brien Boise,Manuka Honey Choco,UK,2024-04-15,2310.75,116,Delivered
Oby Sorrel,Orange Choco,UK,2024-04-15,3557.25,356,Delivered
Jehu Rudeforth,White Choc,New Zealand,2024-04-15,7058.25,353,Delivered
Roddy Speechley,Spicy Special Slims,New Zealand,2024-04-15,490.5,31,Delivered
Kelci Walkden,99% Dark & Pure,New Zealand,2024-04-15,10539.0,527,Delivered
Barr Faughny,Peanut Butter Cubes,USA,2024-04-15,6693.75,319,Delivered
Gigi Bohling,Peanut Butter Cubes,Australia,2024-04-15,7148.25,311,Delivered
Ches Bonnell,Smooth Silky Salty,India,2024-04-15,11009.25,1224,Delivered
Brien Boise,Mint Chip Choco,New Zealand,2024-04-15,9180.0,918,Delivered
Kelci Walkden,Fruit & Nut Bars,UK,2024-04-15,6349.5,265,Delivered
Dotty Strutley,Manuka Honey Choco,New Zealand,2024-04-15,7260.75,383,Delivered
Brien Boise,Organic Choco Syrup,India,2024-04-15,580.5,27,Delivered
Madelene Upcott,Peanut Butter Cubes,Australia,2024-04-15,5195.25,217,Delivered
Madelene Upcott,White Choc,Australia,2024-04-15,7402.5,297,Delivered
Brien Boise,Orange Choco,UK,2024-04-15,3051.0,382,Delivered
Gunar Cockshoot,Spicy Special Slims,USA,2024-04-15,12116.25,808,Delivered
Barr Faughny,Orange Choco,India,2024-04-15,6743.25,750,Delivered
Camilla Castle,Peanut Butter Cubes,UK,2024-04-15,8320.5,379,Delivered
Rafaelita Blaksland,Mint Chip Choco,New Zealand,2024-04-15,10433.25,803,Delivered
Madelene Upcott,Baker's Choco Chips,Australia,2024-04-16,5411.25,271,Delivered
Gigi Bohling,Orange Choco,New Zealand,2024-04-16,12282.75,1536,Delivered
Brien Boise,Spicy Special Slims,Canada,2024-04-16,6212.25,327,Delivered
Roddy Speechley,85% Dark Bars,Australia,2024-04-16,2178.0,99,Delivered
Kaine Padly,White Choc,USA,2024-04-16,5636.25,226,Delivered
Gunar Cockshoot,Eclairs,New Zealand,2024-04-16,3465.0,151,Delivered
Wilone O'Kielt,85% Dark Bars,India,2024-04-17,2967.75,115,Delivered
Jan Morforth,Choco Coated Almonds,India,2024-04-17,886.5,69,Delivered
Dotty Strutley,Drinking Coco,USA,2024-04-17,5895.0,454,Cancelled
Karlen McCaffrey,50% Dark Bites,Australia,2024-04-17,3123.0,165,Delivered
Curtice Advani,70% Dark Bites,India,2024-04-17,911.25,48,Delivered
Brien Boise,70% Dark Bites,USA,2024-04-17,2956.5,185,Delivered
Beverie Moffet,Orange Choco,UK,2024-04-17,9897.75,1414,Delivered
Beverie Moffet,70% Dark Bites,USA,2024-04-18,1176.75,62,Delivered
Gigi Bohling,Fruit & Nut Bars,Canada,2024-04-18,12802.5,475,Delivered
Kelci Walkden,Manuka Honey Choco,India,2024-04-18,8142.75,453,Delivered
Dotty Strutley,Choco Coated Almonds,UK,2024-04-18,10181.25,1019,Delivered
Dotty Strutley,Mint Chip Choco,UK,2024-04-18,6482.25,464,Delivered
Madelene Upcott,Orange Choco,UK,2024-04-19,5573.25,797,Delivered
Wilone O'Kielt,70% Dark Bites,USA,2024-04-19,2117.25,125,Delivered
Brien Boise,White Choc,UK,2024-04-19,4488.75,180,Delivered
Dotty Strutley,85% Dark Bars,Canada,2024-04-19,2245.5,103,Delivered
Ches Bonnell,Raspberry Choco,India,2024-04-22,2344.5,391,Delivered
Wilone O'Kielt,Fruit & Nut Bars,India,2024-04-22,14881.5,648,Cancelled
Roddy Speechley,Drinking Coco,Canada,2024-04-22,5427.0,453,Delivered
Jehu Rudeforth,Orange Choco,UK,2024-04-22,1080.0,108,Delivered
Roddy Speechley,Drinking Coco,New Zealand,2024-04-22,5634.0,564,Delivered
Kaine Padly,Fruit & Nut Bars,USA,2024-04-22,2909.25,122,Delivered
Gigi Bohling,Orange Choco,Canada,2024-04-22,483.75,61,Delivered
Jehu Rudeforth,Peanut Butter Cubes,USA,2024-04-22,7454.25,373,Delivered
Madelene Upcott,Spicy Special Slims,Australia,2024-04-22,1653.75,83,Delivered
Ches Bonnell,99% Dark & Pure,USA,2024-04-22,10397.25,434,Delivered
Barr Faughny,Eclairs,India,2024-04-22,1683.0,85,Delivered
Kaine Padly,Eclairs,New Zealand,2024-04-23,3525.75,196,Delivered
Barr Faughny,Milk Bars,Canada,2024-04-23,9920.25,523,Delivered
Mallorie Waber,Peanut Butter Cubes,Canada,2024-04-23,6243.75,284,Delivered
Rafaelita Blaksland,Manuka Honey Choco,Australia,2024-04-23,4470.75,236,Delivered
Gunar Cockshoot,Orange Choco,Canada,2024-04-23,6124.5,613,Delivered
Marney O'Breen,Spicy Special Slims,UK,2024-04-23,8399.25,525,Delivered
Husein Augar,Baker's Choco Chips,USA,2024-04-23,1935.0,102,Delivered
Ches Bonnell,Eclairs,India,2024-04-23,2729.25,137,Delivered
Beverie Moffet,After Nines,New Zealand,2024-04-23,8883.0,635,Delivered
Gunar Cockshoot,99% Dark & Pure,New Zealand,2024-04-23,11643.75,583,Delivered
Curtice Advani,85% Dark Bars,UK,2024-04-23,105.75,5,Delivered
Andria Kimpton,Drinking Coco,USA,2024-04-23,6189.75,688,Delivered
Wilone O'Kielt,Orange Choco,New Zealand,2024-04-24,3739.5,624,Delivered
Roddy Speechley,Manuka Honey Choco,Canada,2024-04-24,4740.75,250,Delivered
Curtice Advani,Organic Choco Syrup,New Zealand,2024-04-24,9189.0,511,Delivered
Gunar Cockshoot,Orange Choco,UK,2024-04-24,697.5,78,Delivered
Kaine Padly,Spicy Special Slims,UK,2024-04-24,5591.25,280,Delivered
Wilone O'Kielt,Mint Chip Choco,USA,2024-04-24,614.25,62,Delivered
Andria Kimpton,Milk Bars,UK,2024-04-24,4999.5,228,Delivered
Ches Bonnell,70% Dark Bites,USA,2024-04-24,2979.0,166,Delivered
Gunar Cockshoot,Fruit & Nut Bars,UK,2024-04-24,8894.25,343,Delivered
Marney O'Breen,Fruit & Nut Bars,Australia,2024-04-24,8374.5,349,Delivered
Rafaelita Blaksland,Choco Coated Almonds,New Zealand,2024-04-25,2049.75,205,Delivered
Madelene Upcott,50% Dark Bites,UK,2024-04-25,5487.75,262,Delivered
Barr Faughny,Mint Chip Choco,USA,2024-04-25,1795.5,139,Delivered
Beverie Moffet,Almond Choco,UK,2024-04-25,16143.75,1794,Delivered
Barr Faughny,Raspberry Choco,Australia,2024-04-25,2234.25,280,Delivered
Dennison Crosswaite,Almond Choco,USA,2024-04-25,9065.25,825,Delivered
Roddy Speechley,Baker's Choco Chips,Canada,2024-04-25,3633.75,182,Delivered
Roddy Speechley,After Nines,UK,2024-04-25,4479.75,320,Cancelled
Brien Boise,Mint Chip Choco,UK,2024-04-25,3042.0,218,Delivered
Madelene Upcott,85% Dark Bars,USA,2024-04-25,1935.0,93,Delivered
Madelene Upcott,Spicy Special Slims,Australia,2024-04-25,5271.75,264,Delivered
Madelene Upcott,50% Dark Bites,USA,2024-04-25,10647.0,592,Delivered
Karlen McCaffrey,50% Dark Bites,Canada,2024-04-25,2319.75,111,Delivered
Marney O'Breen,99% Dark & Pure,New Zealand,2024-04-25,1989.0,83,Delivered
Marney O'Breen,Orange Choco,Canada,2024-04-25,8084.25,735,Delivered
Beverie Moffet,Spicy Special Slims,Canada,2024-04-25,6045.75,303,Delivered
Madelene Upcott,Drinking Coco,India,2024-04-25,5989.5,545,Delivered
Brien Boise,50% Dark Bites,Canada,2024-04-25,4527.0,216,Delivered
Madelene Upcott,Spicy Special Slims,USA,2024-04-25,19930.5,1108,Delivered
Brien Boise,Orange Choco,India,2024-04-25,2436.75,349,Delivered
Dennison Crosswaite,Baker's Choco Chips,USA,2024-04-25,3352.5,210,Delivered
Brien Boise,Peanut Butter Cubes,UK,2024-04-25,7128.0,324,Delivered
Ches Bonnell,Baker's Choco Chips,New Zealand,2024-04-26,2470.5,131,Delivered
Husein Augar,Smooth Silky Salty,USA,2024-04-26,317.25,32,Delivered
Karlen McCaffrey,Orange Choco,USA,2024-04-26,6144.75,769,Delivered
Karlen McCaffrey,Drinking Coco,Canada,2024-04-26,5901.75,738,Delivered
Gunar Cockshoot,Milk Bars,UK,2024-04-26,2574.0,136,Delivered
Beverie Moffet,Mint Chip Choco,India,2024-04-26,4754.25,529,Delivered
Jehu Rudeforth,Choco Coated Almonds,Australia,2024-04-26,303.75,26,Delivered
Jan Morforth,Manuka Honey Choco,Canada,2024-04-26,3672.0,204,Delivered
Ches Bonnell,Spicy Special Slims,Canada,2024-04-26,2160.0,144,Delivered
Ches Bonnell,50% Dark Bites,USA,2024-04-26,6727.5,337,Delivered
Husein Augar,Smooth Silky Salty,New Zealand,2024-04-26,1793.25,257,Delivered
Brien Boise,99% Dark & Pure,USA,2024-04-26,6680.25,319,Delivered
Husein Augar,Orange Choco,Australia,2024-04-26,9081.0,1298,Delivered
Curtice Advani,85% Dark Bars,India,2024-04-26,7791.75,300,Delivered
Barr Faughny,Spicy Special Slims,UK,2024-04-26,11787.75,621,Delivered
Van Tuxwell,Baker's Choco Chips,UK,2024-04-29,4428.0,234,Delivered
Andria Kimpton,99% Dark & Pure,Canada,2024-04-29,6511.5,296,Delivered
Marney O'Breen,Spicy Special Slims,New Zealand,2024-04-29,157.5,10,Delivered
Husein Augar,Milk Bars,UK,2024-04-29,12577.5,572,Delivered
Dotty Strutley,Smooth Silky Salty,India,2024-04-29,16314.75,1632,Delivered
Curtice Advani,85% Dark Bars,India,2024-04-29,15360.75,615,Cancelled
Gunar Cockshoot,Drinking Coco,New Zealand,2024-04-29,5649.75,707,Delivered
Brien Boise,Spicy Special Slims,Australia,2024-04-29,1152.0,72,Delivered
Marney O'Breen,Manuka Honey Choco,UK,2024-04-29,1489.5,79,Delivered
Gigi Bohling,After Nines,India,2024-04-30,6018.75,463,Delivered
Beverie Moffet,70% Dark Bites,UK,2024-04-30,2976.75,149,Delivered
Wilone O'Kielt,Milk Bars,India,2024-04-30,1550.25,82,Delivered
Husein Augar,Organic Choco Syrup,USA,2024-04-30,1896.75,91,Delivered
Jehu Rudeforth,Milk Bars,UK,2024-04-30,4007.25,183,Delivered
Wilone O'Kielt,Peanut Butter Cubes,USA,2024-04-30,11358.0,474,Delivered
Husein Augar,Drinking Coco,UK,2024-04-30,4860.0,540,Delivered
Jehu Rudeforth,85% Dark Bars,India,2024-04-30,4959.0,191,Delivered
Barr Faughny,Fruit & Nut Bars,USA,2024-04-30,8309.25,308,Delivered
Gunar Cockshoot,Manuka Honey Choco,Canada,2024-04-30,5591.25,244,Delivered
Oby Sorrel,Choco Coated Almonds,India,2024-05-01,8194.5,683,Delivered
Dotty Strutley,Mint Chip Choco,USA,2024-05-01,3627.0,279,Delivered
Marney O'Breen,Milk Bars,Australia,2024-05-01,4547.25,217,Delivered
Curtice Advani,Organic Choco Syrup,USA,2024-05-01,11684.25,650,Delivered
Dotty Strutley,70% Dark Bites,Canada,2024-05-01,4405.5,276,Delivered
Ches Bonnell,Spicy Special Slims,New Zealand,2024-05-01,74.25,5,Delivered
Andria Kimpton,Mint Chip Choco,USA,2024-05-01,159.75,18,Delivered
Kelci Walkden,50% Dark Bites,New Zealand,2024-05-01,1998.0,106,Delivered
Mallorie Waber,Peanut Butter Cubes,USA,2024-05-01,4536.0,216,Delivered
Mallorie Waber,White Choc,India,2024-05-01,9384.75,427,Delivered
Roddy Speechley,Manuka Honey Choco,UK,2024-05-02,5926.5,312,Delivered
Brien Boise,99% Dark & Pure,UK,2024-05-02,348.75,15,Delivered
Rafaelita Blaksland,Mint Chip Choco,New Zealand,2024-05-02,38.25,3,Delivered
Brien Boise,Fruit & Nut Bars,USA,2024-05-02,4234.5,152,Delivered
Dotty Strutley,70% Dark Bites,India,2024-05-02,7445.25,466,Delivered
Karlen McCaffrey,Drinking Coco,New Zealand,2024-05-02,4918.5,410,Delivered
Husein Augar,Peanut Butter Cubes,New Zealand,2024-05-02,6576.75,347,Cancelled
Brien Boise,50% Dark Bites,UK,2024-05-02,8435.25,384,Delivered
Kelci Walkden,Choco Coated Almonds,USA,2024-05-02,3478.5,317,Delivered
Wilone O'Kielt,Peanut Butter Cubes,UK,2024-05-02,9211.5,439,Delivered
Ches Bonnell,Raspberry Choco,Australia,2024-05-02,6117.75,765,Delivered
Beverie Moffet,Choco Coated Almonds,UK,2024-05-02,6138.0,512,Delivered
Marney O'Breen,Milk Bars,India,2024-05-02,8120.25,478,Delivered
Jehu Rudeforth,Manuka Honey Choco,Australia,2024-05-02,6351.75,335,Delivered
Gunar Cockshoot,70% Dark Bites,India,2024-05-02,4178.25,279,Delivered
Kelci Walkden,85% Dark Bars,USA,2024-05-02,1908.0,77,Delivered
Andria Kimpton,Almond Choco,UK,2024-05-02,2677.5,206,Delivered
Dotty Strutley,Spicy Special Slims,India,2024-05-02,2792.25,175,Delivered
Gigi Bohling,Raspberry Choco,USA,2024-05-02,19590.75,3266,Delivered
Roddy Speechley,Manuka Honey Choco,Australia,2024-05-02,3114.0,136,Delivered
Gunar Cockshoot,Organic Choco Syrup,UK,2024-05-02,10455.75,498,Delivered
Andria Kimpton,Drinking Coco,Australia,2024-05-02,6045.75,672,Delivered
Brien Boise,Fruit & Nut Bars,New Zealand,2024-05-02,3332.25,145,Delivered
Kelci Walkden,Eclairs,USA,2024-05-02,7438.5,414,Delivered
Madelene Upcott,Eclairs,UK,2024-05-03,288.0,14,Delivered
Karlen McCaffrey,70% Dark Bites,UK,2024-05-03,2646.0,177,Delivered
Beverie Moffet,Smooth Silky Salty,India,2024-05-03,1444.5,181,Delivered
Andria Kimpton,Choco Coated Almonds,Canada,2024-05-03,5073.75,363,Delivered
Barr Faughny,Fruit & Nut Bars,UK,2024-05-03,11263.5,434,Delivered
Dotty Strutley,White Choc,UK,2024-05-06,4875.75,244,Delivered
Andria Kimpton,Milk Bars,Australia,2024-05-06,5955.75,298,Delivered
Dotty Strutley,Organic Choco Syrup,USA,2024-05-06,11736.0,534,Delivered
Roddy Speechley,Manuka Honey Choco,India,2024-05-06,954.0,48,Delivered
Kelci Walkden,Eclairs,UK,2024-05-06,3699.0,161,Delivered
Dotty Strutley,Fruit & Nut Bars,India,2024-05-06,1086.75,46,Delivered
Brien Boise,Manuka Honey Choco,Canada,2024-05-06,1120.5,57,Delivered
Gunar Cockshoot,Orange Choco,New Zealand,2024-05-06,3741.75,624,Delivered
Madelene Upcott,White Choc,UK,2024-05-06,5195.25,226,Delivered
Andria Kimpton,Spicy Special Slims,India,2024-05-06,3399.75,179,Delivered
Brien Boise,Mint Chip Choco,Australia,2024-05-06,87.75,8,Delivered
Marney O'Breen,Choco Coated Almonds,USA,2024-05-06,6759.0,615,Delivered
Oby Sorrel,Mint Chip Choco,India,2024-05-06,1867.5,208,Delivered
Wilone O'Kielt,Drinking Coco,India,2024-05-06,5742.0,638,Delivered
Curtice Advani,Choco Coated Almonds,USA,2024-05-06,4254.75,426,Delivered
Roddy Speechley,Organic Choco Syrup,UK,2024-05-06,4056.75,214,Delivered
Madelene Upcott,Eclairs,UK,2024-05-06,10273.5,541,Delivered
Wilone O'Kielt,Mint Chip Choco,Australia,2024-05-07,6493.5,650,Delivered
Dennison Crosswaite,Smooth Silky Salty,UK,2024-05-07,15052.5,1673,Delivered
Barr Faughny,Mint Chip Choco,New Zealand,2024-05-07,690.75,70,Cancelled
Wilone O'Kielt,Manuka Honey Choco,Australia,2024-05-07,1509.75,76,Delivered
Wilone O'Kielt,Mint Chip Choco,UK,2024-05-07,1962.0,151,Delivered
Gunar Cockshoot,99% Dark & Pure,India,2024-05-07,8154.0,355,Delivered
Wilone O'Kielt,Raspberry Choco,Canada,2024-05-07,5370.75,597,Delivered
Marney O'Breen,Raspberry Choco,USA,2024-05-07,852.75,95,Delivered
Van Tuxwell,70% Dark Bites,USA,2024-05-07,6414.75,401,Delivered
Beverie Moffet,85% Dark Bars,New Zealand,2024-05-07,6075.0,234,Delivered
Rafaelita Blaksland,Orange Choco,Australia,2024-05-07,11684.25,1299,Delivered
Roddy Speechley,Spicy Special Slims,Canada,2024-05-07,1197.0,63,Delivered
Dotty Strutley,Fruit & Nut Bars,USA,2024-05-07,591.75,22,Delivered
Barr Faughny,Eclairs,USA,2024-05-07,4884.75,272,Delivered
Kelci Walkden,Fruit & Nut Bars,USA,2024-05-07,9990.0,370,Delivered
Camilla Castle,Choco Coated Almonds,UK,2024-05-07,267.75,25,Delivered
Van Tuxwell,Mint Chip Choco,UK,2024-05-07,13682.25,1369,Delivered
Barr Faughny,Organic Choco Syrup,USA,2024-05-07,8590.5,430,Delivered
Jehu Rudeforth,70% Dark Bites,UK,2024-05-07,7994.25,471,Delivered
Barr Faughny,99% Dark & Pure,UK,2024-05-07,758.25,33,Delivered
Rafaelita Blaksland,After Nines,UK,2024-05-08,6372.0,531,Delivered
Roddy Speechley,After Nines,USA,2024-05-08,7794.0,557,Delivered
Jehu Rudeforth,Spicy Special Slims,Australia,2024-05-08,1057.5,56,Cancelled
Dotty Strutley,70% Dark Bites,India,2024-05-08,4610.25,272,Delivered
Curtice Advani,Fruit & Nut Bars,USA,2024-05-08,4180.5,150,Delivered
Barr Faughny,Milk Bars,India,2024-05-08,1201.5,58,Delivered
Curtice Advani,After Nines,India,2024-05-08,4988.25,357,Delivered
Mallorie Waber,50% Dark Bites,UK,2024-05-08,1129.5,67,Delivered
Ches Bonnell,Choco Coated Almonds,UK,2024-05-08,945.0,68,Delivered
Husein Augar,Smooth Silky Salty,UK,2024-05-08,2738.25,229,Delivered
Wilone O'Kielt,Orange Choco,USA,2024-05-08,5717.25,636,Delivered
Kelci Walkden,Peanut Butter Cubes,UK,2024-05-08,6765.75,339,Delivered
Husein Augar,Drinking Coco,India,2024-05-08,4803.75,437,Cancelled
Husein Augar,Drinking Coco,India,2024-05-08,4866.75,609,Cancelled
Kaine Padly,Choco Coated Almonds,Australia,2024-05-08,7321.5,489,Delivered
Madelene Upcott,99% Dark & Pure,India,2024-05-08,12417.75,565,Delivered
Barr Faughny,Baker's Choco Chips,Canada,2024-05-08,5703.75,336,Delivered
Beverie Moffet,Manuka Honey Choco,UK,2024-05-08,9972.0,499,Delivered
Beverie Moffet,Eclairs,Australia,2024-05-08,956.25,44,Delivered
Andria Kimpton,70% Dark Bites,Canada,2024-05-09,6675.75,352,Delivered
Marney O'Breen,Drinking Coco,Australia,2024-05-09,5465.25,497,Delivered
Brien Boise,Manuka Honey Choco,UK,2024-05-09,146.25,7,Delivered
Marney O'Breen,Spicy Special Slims,UK,2024-05-09,2596.5,163,Delivered
Gunar Cockshoot,Manuka Honey Choco,USA,2024-05-09,2486.25,119,Delivered
Dotty Strutley,Milk Bars,UK,2024-05-09,3663.0,204,Delivered
Van Tuxwell,Smooth Silky Salty,Canada,2024-05-09,8547.75,713,Delivered
Dotty Strutley,Spicy Special Slims,New Zealand,2024-05-09,7877.25,438,Delivered
Husein Augar,Smooth Silky Salty,Australia,2024-05-09,22131.0,1845,Delivered
Jehu Rudeforth,85% Dark Bars,Australia,2024-05-09,6012.0,232,Delivered
Jan Morforth,Raspberry Choco,New Zealand,2024-05-09,13981.5,1554,Delivered
Wilone O'Kielt,Smooth Silky Salty,Australia,2024-05-09,8570.25,1072,Delivered
Dotty Strutley,Baker's Choco Chips,USA,2024-05-09,6615.0,441,Delivered
Roddy Speechley,Organic Choco Syrup,UK,2024-05-09,4574.25,208,Delivered
Kaine Padly,Smooth Silky Salty,UK,2024-05-09,1586.25,199,Delivered
Beverie Moffet,85% Dark Bars,USA,2024-05-09,8194.5,391,Delivered
Jan Morforth,White Choc,USA,2024-05-10,7992.0,381,Delivered
Dennison Crosswaite,Drinking Coco,New Zealand,2024-05-10,5024.25,387,Delivered
Roddy Speechley,Smooth Silky Salty,UK,2024-05-10,3674.25,409,Delivered
Rafaelita Blaksland,Drinking Coco,UK,2024-05-10,5487.75,610,Cancelled
Ches Bonnell,Orange Choco,Australia,2024-05-10,2371.5,264,Delivered
Roddy Speechley,50% Dark Bites,USA,2024-05-10,776.25,37,Delivered
Madelene Upcott,Orange Choco,UK,2024-05-10,1640.25,206,Delivered
Ches Bonnell,Mint Chip Choco,Canada,2024-05-10,4999.5,385,Delivered
Jehu Rudeforth,99% Dark & Pure,New Zealand,2024-05-10,10188.0,425,Delivered
Barr Faughny,99% Dark & Pure,UK,2024-05-10,11612.25,484,Delivered
Husein Augar,Choco Coated Almonds,Australia,2024-05-10,8257.5,689,Delivered
Madelene Upcott,Manuka Honey Choco,UK,2024-05-10,17298.0,787,Delivered
Ches Bonnell,Orange Choco,USA,2024-05-13,9616.5,1069,Delivered
Beverie Moffet,Fruit & Nut Bars,Canada,2024-05-13,1629.0,59,Delivered
Barr Faughny,Peanut Butter Cubes,USA,2024-05-13,5958.0,284,Delivered
Gigi Bohling,50% Dark Bites,India,2024-05-13,1633.5,75,Delivered
Jehu Rudeforth,Manuka Honey Choco,Canada,2024-05-13,3829.5,213,Delivered
Gunar Cockshoot,Manuka Honey Choco,New Zealand,2024-05-13,5584.5,294,Delivered
Gunar Cockshoot,99% Dark & Pure,USA,2024-05-13,7767.0,370,Delivered
Madelene Upcott,Peanut Butter Cubes,India,2024-05-13,9623.25,459,Delivered
Brien Boise,70% Dark Bites,New Zealand,2024-05-13,3019.5,189,Delivered
Kelci Walkden,Drinking Coco,UK,2024-05-13,5823.0,728,Delivered
Roddy Speechley,70% Dark Bites,UK,2024-05-13,5665.5,334,Delivered
Roddy Speechley,Mint Chip Choco,Canada,2024-05-13,5809.5,447,Delivered
Kelci Walkden,Mint Chip Choco,UK,2024-05-13,1451.25,162,Delivered
Kaine Padly,85% Dark Bars,UK,2024-05-13,4923.0,235,Delivered
Kelci Walkden,Smooth Silky Salty,New Zealand,2024-05-13,9328.5,849,Delivered
Gunar Cockshoot,Caramel Stuffed Bars,UK,2024-05-13,515.25,29,Delivered
Marney O'Breen,Baker's Choco Chips,UK,2024-05-14,2160.0,120,Delivered
Beverie Moffet,Peanut Butter Cubes,UK,2024-05-14,7247.25,363,Delivered
Roddy Speechley,Organic Choco Syrup,India,2024-05-14,9648.0,420,Cancelled
Rafaelita Blaksland,Orange Choco,UK,2024-05-14,3766.5,471,Delivered
Jan Morforth,Caramel Stuffed Bars,UK,2024-05-14,758.25,37,Delivered
Dotty Strutley,Manuka Honey Choco,USA,2024-05-14,1017.0,49,Delivered
Gunar Cockshoot,Eclairs,Australia,2024-05-14,5258.25,293,Delivered
Roddy Speechley,Smooth Silky Salty,Australia,2024-05-14,3078.0,308,Delivered
Curtice Advani,Spicy Special Slims,USA,2024-05-14,4522.5,302,Delivered
Kelci Walkden,70% Dark Bites,UK,2024-05-14,8016.75,472,Delivered
Rafaelita Blaksland,85% Dark Bars,UK,2024-05-14,8149.5,389,Delivered
Kelci Walkden,Drinking Coco,India,2024-05-14,4664.25,359,Delivered
Barr Faughny,70% Dark Bites,USA,2024-05-14,1725.75,102,Delivered
Curtice Advani,Fruit & Nut Bars,USA,2024-05-14,2625.75,110,Delivered
Roddy Speechley,Drinking Coco,UK,2024-05-14,4943.25,618,Delivered
Roddy Speechley,Eclairs,India,2024-05-15,3224.25,147,Delivered
Oby Sorrel,Spicy Special Slims,UK,2024-05-15,3278.25,193,Delivered
Andria Kimpton,85% Dark Bars,USA,2024-05-15,3264.75,126,Delivered
Kelci Walkden,70% Dark Bites,Australia,2024-05-15,5094.0,269,Delivered
Husein Augar,Fruit & Nut Bars,USA,2024-05-15,5640.75,236,Delivered
Jehu Rudeforth,Mint Chip Choco,New Zealand,2024-05-15,5359.5,447,Delivered
Barr Faughny,Manuka Honey Choco,New Zealand,2024-05-15,1707.75,95,Delivered
Wilone O'Kielt,Smooth Silky Salty,Australia,2024-05-15,16546.5,1379,Delivered
Wilone O'Kielt,99% Dark & Pure,UK,2024-05-15,1023.75,54,Cancelled
Barr Faughny,Almond Choco,USA,2024-05-15,3829.5,426,Delivered
Brien Boise,70% Dark Bites,India,2024-05-15,4320.0,228,Delivered
Gigi Bohling,Mint Chip Choco,USA,2024-05-15,2605.5,237,Delivered
Roddy Speechley,After Nines,UK,2024-05-15,9513.0,865,Delivered
Beverie Moffet,85% Dark Bars,Canada,2024-05-15,10791.0,416,Delivered
Gigi Bohling,Mint Chip Choco,USA,2024-05-15,960.75,107,Delivered
Karlen McCaffrey,50% Dark Bites,USA,2024-05-16,3849.75,214,Delivered
Andria Kimpton,Baker's Choco Chips,USA,2024-05-16,15736.5,787,Delivered
Madelene Upcott,Raspberry Choco,New Zealand,2024-05-16,1635.75,182,Delivered
Van Tuxwell,Eclairs,India,2024-05-16,5586.75,267,Delivered
Madelene Upcott,Choco Coated Almonds,New Zealand,2024-05-16,2193.75,157,Delivered
Brien Boise,Organic Choco Syrup,UK,2024-05-16,7362.0,321,Cancelled
Marney O'Breen,Baker's Choco Chips,USA,2024-05-16,2268.0,126,Delivered
Jan Morforth,Baker's Choco Chips,Australia,2024-05-16,3768.75,210,Delivered
Brien Boise,99% Dark & Pure,India,2024-05-16,7497.0,375,Delivered
Andria Kimpton,Baker's Choco Chips,USA,2024-05-16,3084.75,163,Delivered
Gunar Cockshoot,Drinking Coco,Australia,2024-05-16,5440.5,545,Delivered
Brien Boise,Smooth Silky Salty,Australia,2024-05-16,8534.25,1220,Delivered
Oby Sorrel,70% Dark Bites,New Zealand,2024-05-16,4086.0,256,Cancelled
Roddy Speechley,Organic Choco Syrup,Australia,2024-05-16,5123.25,270,Delivered
Kelci Walkden,Mint Chip Choco,UK,2024-05-16,2772.0,252,Delivered
Kelci Walkden,White Choc,India,2024-05-16,5811.75,233,Delivered
Dotty Strutley,Organic Choco Syrup,USA,2024-05-17,1136.25,60,Delivered
Beverie Moffet,Manuka Honey Choco,India,2024-05-17,9540.0,415,Delivered
Ches Bonnell,Almond Choco,USA,2024-05-17,2551.5,319,Delivered
Karlen McCaffrey,99% Dark & Pure,Australia,2024-05-17,2243.25,113,Delivered
Brien Boise,Choco Coated Almonds,USA,2024-05-17,8075.25,577,Delivered
Kelci Walkden,Raspberry Choco,USA,2024-05-17,7285.5,1215,Delivered
Andria Kimpton,Mint Chip Choco,Canada,2024-05-21,1194.75,133,Delivered
Madelene Upcott,70% Dark Bites,USA,2024-05-21,7103.25,356,Delivered
Rafaelita Blaksland,Drinking Coco,Australia,2024-05-21,5267.25,527,Delivered
Brien Boise,Choco Coated Almonds,UK,2024-05-21,3172.5,318,Delivered
Kaine Padly,Peanut Butter Cubes,UK,2024-05-21,2990.25,143,Delivered
Curtice Advani,Caramel Stuffed Bars,New Zealand,2024-05-22,5170.5,236,Delivered
Husein Augar,Smooth Silky Salty,UK,2024-05-22,60.75,6,Delivered
Kelci Walkden,Caramel Stuffed Bars,USA,2024-05-22,4324.5,197,Delivered
Gunar Cockshoot,Mint Chip Choco,India,2024-05-22,227.25,18,Delivered
Roddy Speechley,99% Dark & Pure,India,2024-05-22,7695.0,335,Delivered
Rafaelita Blaksland,70% Dark Bites,UK,2024-05-22,1570.5,79,Delivered
Oby Sorrel,Orange Choco,UK,2024-05-22,10503.0,1313,Delivered
Van Tuxwell,99% Dark & Pure,UK,2024-05-22,12633.75,550,Delivered
Barr Faughny,Drinking Coco,India,2024-05-22,5154.75,573,Delivered
Husein Augar,Choco Coated Almonds,USA,2024-05-23,14060.25,1279,Delivered
Gunar Cockshoot,Baker's Choco Chips,UK,2024-05-23,12379.5,729,Delivered
Marney O'Breen,Mint Chip Choco,Canada,2024-05-23,3134.25,224,Delivered
Madelene Upcott,Spicy Special Slims,USA,2024-05-23,4216.5,249,Delivered
Kelci Walkden,Eclairs,USA,2024-05-23,4016.25,192,Delivered
Marney O'Breen,Raspberry Choco,UK,2024-05-23,3741.75,375,Delivered
Gunar Cockshoot,Manuka Honey Choco,UK,2024-05-23,14618.25,665,Delivered
Beverie Moffet,50% Dark Bites,New Zealand,2024-05-23,1723.5,102,Delivered
Rafaelita Blaksland,Orange Choco,Australia,2024-05-23,10973.25,1098,Delivered
Wilone O'Kielt,Manuka Honey Choco,Canada,2024-05-24,4605.75,256,Delivered
Kelci Walkden,Spicy Special Slims,India,2024-05-27,6156.0,385,Delivered
Gunar Cockshoot,Fruit & Nut Bars,USA,2024-05-27,4718.25,175,Delivered
Kaine Padly,Raspberry Choco,Australia,2024-05-27,3269.25,409,Delivered
Kaine Padly,Baker's Choco Chips,Australia,2024-05-27,5316.75,313,Delivered
Madelene Upcott,Raspberry Choco,India,2024-05-27,3026.25,303,Delivered
Dennison Crosswaite,70% Dark Bites,Canada,2024-05-28,9558.0,504,Delivered
Gunar Cockshoot,White Choc,New Zealand,2024-05-28,4115.25,179,Delivered
Camilla Castle,Spicy Special Slims,USA,2024-05-28,6513.75,326,Delivered
Husein Augar,Choco Coated Almonds,India,2024-05-28,4815.0,371,Delivered
Gigi Bohling,85% Dark Bars,New Zealand,2024-05-28,6153.75,280,Delivered
Oby Sorrel,Peanut Butter Cubes,New Zealand,2024-05-28,4324.5,228,Cancelled
Curtice Advani,Organic Choco Syrup,USA,2024-05-29,5535.0,292,Delivered
Roddy Speechley,70% Dark Bites,USA,2024-05-29,4718.25,295,Delivered
Kelci Walkden,Drinking Coco,USA,2024-05-29,5937.75,660,Delivered
Roddy Speechley,Manuka Honey Choco,Australia,2024-05-29,18582.75,979,Delivered
Van Tuxwell,Peanut Butter Cubes,USA,2024-05-29,6392.25,278,Delivered
Brien Boise,Caramel Stuffed Bars,New Zealand,2024-05-29,661.5,39,Delivered
Jan Morforth,Manuka Honey Choco,New Zealand,2024-05-29,2565.0,135,Delivered
Gigi Bohling,Baker's Choco Chips,India,2024-05-29,8505.0,501,Delivered
Van Tuxwell,Smooth Silky Salty,India,2024-05-29,6635.25,553,Delivered
Marney O'Breen,Choco Coated Almonds,Australia,2024-05-29,438.75,32,Delivered
Brien Boise,99% Dark & Pure,India,2024-05-29,1284.75,59,Delivered
Kaine Padly,70% Dark Bites,Australia,2024-05-30,5127.75,285,Delivered
Gunar Cockshoot,Spicy Special Slims,New Zealand,2024-05-30,3701.25,247,Delivered
Rafaelita Blaksland,Almond Choco,USA,2024-05-30,7861.5,715,Delivered
Gunar Cockshoot,Choco Coated Almonds,New Zealand,2024-05-30,2754.0,184,Delivered
Brien Boise,Mint Chip Choco,UK,2024-05-30,459.0,46,Delivered
Gunar Cockshoot,50% Dark Bites,UK,2024-05-30,2421.0,143,Delivered
Jehu Rudeforth,Choco Coated Almonds,India,2024-05-30,8066.25,734,Cancelled
Oby Sorrel,Baker's Choco Chips,India,2024-05-30,8759.25,438,Delivered
Gunar Cockshoot,Peanut Butter Cubes,New Zealand,2024-05-30,7843.5,342,Delivered
Kelci Walkden,Organic Choco Syrup,Canada,2024-05-30,1901.25,96,Delivered
Dotty Strutley,Drinking Coco,Australia,2024-05-30,6480.0,720,Delivered
Madelene Upcott,Smooth Silky Salty,New Zealand,2024-05-30,6660.0,606,Delivered
Barr Faughny,Fruit & Nut Bars,India,2024-05-30,702.0,30,Delivered
Wilone O'Kielt,Raspberry Choco,Canada,2024-05-30,792.0,80,Delivered
Dotty Strutley,Mint Chip Choco,Australia,2024-05-30,1903.5,191,Delivered
Beverie Moffet,99% Dark & Pure,India,2024-05-31,5238.0,262,Delivered
Roddy Speechley,Smooth Silky Salty,UK,2024-05-31,2002.5,201,Delivered
Gigi Bohling,Eclairs,USA,2024-05-31,1320.75,58,Delivered
Husein Augar,Spicy Special Slims,Canada,2024-05-31,10156.5,598,Delivered
Gunar Cockshoot,Manuka Honey Choco,UK,2024-05-31,879.75,42,Delivered
Oby Sorrel,Eclairs,Australia,2024-05-31,9974.25,499,Delivered
Kelci Walkden,Baker's Choco Chips,UK,2024-06-03,13221.0,696,Delivered
Mallorie Waber,Manuka Honey Choco,USA,2024-06-03,13432.5,611,Delivered
Andria Kimpton,Caramel Stuffed Bars,Australia,2024-06-03,21874.5,1094,Cancelled
Curtice Advani,Smooth Silky Salty,India,2024-06-03,17086.5,1709,Delivered
Dennison Crosswaite,Milk Bars,India,2024-06-03,499.5,28,Delivered
Jehu Rudeforth,50% Dark Bites,UK,2024-06-03,2745.0,138,Delivered
Wilone O'Kielt,Baker's Choco Chips,Australia,2024-06-03,6381.0,426,Delivered
Beverie Moffet,After Nines,UK,2024-06-03,8268.75,827,Delivered
Curtice Advani,Eclairs,Australia,2024-06-03,688.5,35,Delivered
Wilone O'Kielt,70% Dark Bites,India,2024-06-03,1698.75,114,Delivered
Roddy Speechley,70% Dark Bites,Australia,2024-06-03,7953.75,531,Delivered
Ches Bonnell,Raspberry Choco,USA,2024-06-03,6052.5,606,Delivered
Brien Boise,Drinking Coco,USA,2024-06-03,5375.25,489,Delivered
Dotty Strutley,85% Dark Bars,Canada,2024-06-03,5186.25,208,Delivered
Kelci Walkden,Baker's Choco Chips,USA,2024-06-03,15435.0,965,Delivered
Roddy Speechley,Baker's Choco Chips,USA,2024-06-03,3831.75,256,Delivered
Curtice Advani,Raspberry Choco,UK,2024-06-03,4965.75,710,Delivered
Oby Sorrel,Eclairs,UK,2024-06-04,5094.0,232,Delivered
Karlen McCaffrey,Almond Choco,Canada,2024-06-04,1509.75,151,Delivered
Van Tuxwell,Organic Choco Syrup,Canada,2024-06-04,12550.5,661,Delivered
Beverie Moffet,85% Dark Bars,Canada,2024-06-04,12235.5,471,Delivered
Roddy Speechley,Raspberry Choco,UK,2024-06-04,105.75,11,Delivered
Beverie Moffet,70% Dark Bites,UK,2024-06-04,4896.0,258,Delivered
Madelene Upcott,70% Dark Bites,UK,2024-06-04,4340.25,242,Delivered
Marney O'Breen,Mint Chip Choco,USA,2024-06-04,29.25,3,Delivered
Barr Faughny,85% Dark Bars,New Zealand,2024-06-04,14100.75,614,Delivered
Gunar Cockshoot,Choco Coated Almonds,USA,2024-06-04,4092.75,410,Delivered
Van Tuxwell,Organic Choco Syrup,USA,2024-06-04,14076.0,671,Delivered
Husein Augar,Raspberry Choco,India,2024-06-04,1761.75,221,Delivered
Brien Boise,Mint Chip Choco,India,2024-06-04,3744.0,375,Delivered
Brien Boise,Peanut Butter Cubes,UK,2024-06-04,7170.75,312,Delivered
Gigi Bohling,Spicy Special Slims,USA,2024-06-05,690.75,44,Delivered
Brien Boise,Peanut Butter Cubes,Canada,2024-06-05,8057.25,425,Delivered
Husein Augar,Orange Choco,UK,2024-06-05,4137.75,414,Delivered
Marney O'Breen,70% Dark Bites,UK,2024-06-05,4970.25,293,Delivered
Mallorie Waber,Peanut Butter Cubes,UK,2024-06-05,4945.5,248,Delivered
Barr Faughny,White Choc,USA,2024-06-05,2999.25,150,Delivered
Brien Boise,85% Dark Bars,USA,2024-06-05,4657.5,203,Delivered
Jehu Rudeforth,Choco Coated Almonds,UK,2024-06-05,1923.75,193,Delivered
Barr Faughny,50% Dark Bites,New Zealand,2024-06-05,2637.0,156,Delivered
Husein Augar,99% Dark & Pure,Canada,2024-06-05,5832.0,292,Delivered
Van Tuxwell,99% Dark & Pure,Canada,2024-06-05,2000.25,91,Delivered
Madelene Upcott,Raspberry Choco,Canada,2024-06-05,8903.25,891,Delivered
Kelci Walkden,Almond Choco,Australia,2024-06-06,14166.0,1574,Delivered
Madelene Upcott,Caramel Stuffed Bars,New Zealand,2024-06-06,1878.75,90,Delivered
Roddy Speechley,50% Dark Bites,USA,2024-06-06,2621.25,155,Delivered
Barr Faughny,85% Dark Bars,India,2024-06-06,1073.25,43,Delivered
Mallorie Waber,Drinking Coco,UK,2024-06-06,4392.0,488,Delivered
Dotty Strutley,Choco Coated Almonds,New Zealand,2024-06-06,1926.0,176,Delivered
Gigi Bohling,Baker's Choco Chips,India,2024-06-06,7605.0,507,Delivered
Marney O'Breen,White Choc,Australia,2024-06-06,2625.75,115,Cancelled
Andria Kimpton,Choco Coated Almonds,USA,2024-06-06,8178.75,546,Cancelled
Curtice Advani,Eclairs,New Zealand,2024-06-06,450.0,23,Delivered
Ches Bonnell,Choco Coated Almonds,Canada,2024-06-06,4947.75,330,Delivered
Husein Augar,50% Dark Bites,USA,2024-06-06,333.0,16,Delivered
Van Tuxwell,70% Dark Bites,New Zealand,2024-06-06,7879.5,438,Delivered
Jan Morforth,White Choc,UK,2024-06-06,6518.25,284,Delivered
Marney O'Breen,Drinking Coco,India,2024-06-06,4648.5,423,Cancelled
Curtice Advani,Organic Choco Syrup,India,2024-06-06,4682.25,213,Delivered
Andria Kimpton,85% Dark Bars,USA,2024-06-06,7335.0,350,Delivered
Madelene Upcott,Drinking Coco,Australia,2024-06-06,5019.75,558,Delivered
Dotty Strutley,White Choc,UK,2024-06-06,3831.75,192,Delivered
Oby Sorrel,Manuka Honey Choco,UK,2024-06-06,765.0,41,Delivered
Mallorie Waber,After Nines,Australia,2024-06-06,6754.5,676,Delivered
Oby Sorrel,Fruit & Nut Bars,India,2024-06-06,11866.5,516,Delivered
Gigi Bohling,White Choc,Canada,2024-06-06,5231.25,250,Delivered
Gunar Cockshoot,99% Dark & Pure,UK,2024-06-06,5143.5,271,Delivered
Gigi Bohling,Organic Choco Syrup,Canada,2024-06-07,17678.25,842,Delivered
Wilone O'Kielt,Milk Bars,Australia,2024-06-07,6511.5,311,Delivered
Gunar Cockshoot,Caramel Stuffed Bars,UK,2024-06-07,7492.5,395,Delivered
Andria Kimpton,Smooth Silky Salty,India,2024-06-07,11695.5,1671,Delivered
Barr Faughny,Spicy Special Slims,New Zealand,2024-06-07,7202.25,481,Delivered
Gunar Cockshoot,50% Dark Bites,New Zealand,2024-06-07,2484.0,113,Delivered
Roddy Speechley,Choco Coated Almonds,USA,2024-06-07,3350.25,336,Delivered
Gunar Cockshoot,Milk Bars,Canada,2024-06-10,1399.5,64,Delivered
Gunar Cockshoot,Raspberry Choco,UK,2024-06-10,11875.5,1980,Delivered
Kaine Padly,Baker's Choco Chips,Australia,2024-06-10,2002.5,126,Delivered
Dotty Strutley,Baker's Choco Chips,USA,2024-06-10,481.5,31,Delivered
Ches Bonnell,Eclairs,USA,2024-06-10,3827.25,167,Delivered
Kaine Padly,Baker's Choco Chips,USA,2024-06-10,204.75,11,Delivered
Jehu Rudeforth,Baker's Choco Chips,New Zealand,2024-06-10,9045.0,453,Delivered
Dotty Strutley,Eclairs,UK,2024-06-10,650.25,37,Delivered
Marney O'Breen,99% Dark & Pure,USA,2024-06-11,6689.25,335,Delivered
Gigi Bohling,Mint Chip Choco,New Zealand,2024-06-11,3627.0,260,Delivered
Jehu Rudeforth,50% Dark Bites,UK,2024-06-11,9812.25,578,Delivered
Husein Augar,Drinking Coco,UK,2024-06-11,4900.5,613,Delivered
Dennison Crosswaite,85% Dark Bars,USA,2024-06-11,92.25,5,Delivered
Brien Boise,Choco Coated Almonds,UK,2024-06-11,270.0,23,Delivered
Rafaelita Blaksland,After Nines,UK,2024-06-11,4986.0,384,Delivered
Brien Boise,Smooth Silky Salty,India,2024-06-11,9105.75,828,Delivered
Gigi Bohling,Manuka Honey Choco,Australia,2024-06-11,10793.25,569,Delivered
Brien Boise,Drinking Coco,India,2024-06-11,5384.25,599,Delivered
Rafaelita Blaksland,85% Dark Bars,USA,2024-06-11,1165.5,45,Delivered
Kelci Walkden,Baker's Choco Chips,India,2024-06-11,1064.25,63,Delivered
Ches Bonnell,Drinking Coco,New Zealand,2024-06-11,5733.0,522,Delivered
Jan Morforth,70% Dark Bites,Canada,2024-06-11,2439.0,129,Delivered
Dennison Crosswaite,70% Dark Bites,India,2024-06-11,5382.0,317,Delivered
Barr Faughny,Spicy Special Slims,India,2024-06-12,2999.25,150,Delivered
Andria Kimpton,Choco Coated Almonds,UK,2024-06-12,7497.0,750,Delivered
Dotty Strutley,Milk Bars,UK,2024-06-12,2520.0,120,Delivered
Madelene Upcott,Eclairs,New Zealand,2024-06-12,4736.25,264,Delivered
Curtice Advani,50% Dark Bites,Canada,2024-06-12,1185.75,57,Delivered
Curtice Advani,70% Dark Bites,Australia,2024-06-13,7548.75,445,Cancelled
Marney O'Breen,Choco Coated Almonds,UK,2024-06-13,6180.75,516,Delivered
Karlen McCaffrey,Mint Chip Choco,UK,2024-06-13,2619.0,239,Delivered
Barr Faughny,White Choc,USA,2024-06-13,7553.25,378,Delivered
Rafaelita Blaksland,Raspberry Choco,USA,2024-06-13,1280.25,257,Delivered
Madelene Upcott,70% Dark Bites,UK,2024-06-13,6597.0,440,Delivered
Andria Kimpton,50% Dark Bites,USA,2024-06-14,3514.5,168,Delivered
Oby Sorrel,50% Dark Bites,UK,2024-06-14,4605.75,243,Delivered
Brien Boise,Raspberry Choco,Canada,2024-06-14,2571.75,515,Delivered
Brien Boise,99% Dark & Pure,USA,2024-06-14,11079.0,462,Delivered
Kelci Walkden,Spicy Special Slims,UK,2024-06-14,5908.5,329,Delivered
Dennison Crosswaite,70% Dark Bites,UK,2024-06-14,6644.25,391,Delivered
Brien Boise,Eclairs,India,2024-06-14,6536.25,312,Delivered
Brien Boise,Manuka Honey Choco,New Zealand,2024-06-14,8471.25,446,Delivered
Van Tuxwell,50% Dark Bites,Canada,2024-06-14,4025.25,202,Delivered
Gigi Bohling,Peanut Butter Cubes,Australia,2024-06-14,6230.25,297,Delivered
Marney O'Breen,99% Dark & Pure,UK,2024-06-14,5166.0,259,Delivered
Van Tuxwell,Organic Choco Syrup,UK,2024-06-17,8914.5,406,Delivered
Van Tuxwell,Mint Chip Choco,Australia,2024-06-17,3451.5,346,Delivered
Dennison Crosswaite,Orange Choco,New Zealand,2024-06-17,9402.75,855,Delivered
Roddy Speechley,50% Dark Bites,UK,2024-06-17,12492.0,694,Delivered
Dennison Crosswaite,Orange Choco,India,2024-06-17,7195.5,1028,Delivered
Barr Faughny,Milk Bars,Canada,2024-06-17,9281.25,442,Delivered
Barr Faughny,Eclairs,USA,2024-06-17,3696.75,185,Delivered
Jehu Rudeforth,Organic Choco Syrup,USA,2024-06-17,5157.0,272,Delivered
Husein Augar,70% Dark Bites,USA,2024-06-17,1062.0,63,Delivered
Wilone O'Kielt,Orange Choco,Canada,2024-06-17,8934.75,1277,Delivered
Curtice Advani,Eclairs,UK,2024-06-18,2148.75,103,Delivered
Husein Augar,Organic Choco Syrup,UK,2024-06-18,15077.25,656,Delivered
Beverie Moffet,Spicy Special Slims,UK,2024-06-18,4191.75,280,Delivered
Karlen McCaffrey,Eclairs,UK,2024-06-18,4036.5,202,Delivered
Barr Faughny,Orange Choco,UK,2024-06-18,4826.25,439,Delivered
Marney O'Breen,Eclairs,UK,2024-06-18,3154.5,151,Delivered
Gunar Cockshoot,Peanut Butter Cubes,India,2024-06-18,8093.25,338,Delivered
Kelci Walkden,Manuka Honey Choco,Australia,2024-06-18,14683.5,816,Delivered
Brien Boise,70% Dark Bites,UK,2024-06-18,3829.5,213,Delivered
Beverie Moffet,Spicy Special Slims,India,2024-06-18,5357.25,358,Delivered
Dotty Strutley,Fruit & Nut Bars,UK,2024-06-19,6167.25,238,Delivered
Brien Boise,70% Dark Bites,UK,2024-06-19,2101.5,141,Delivered
Gunar Cockshoot,99% Dark & Pure,Australia,2024-06-19,3120.75,149,Delivered
Wilone O'Kielt,Baker's Choco Chips,Canada,2024-06-19,2889.0,161,Delivered
Oby Sorrel,99% Dark & Pure,India,2024-06-19,3602.25,190,Delivered
Andria Kimpton,Mint Chip Choco,UK,2024-06-19,3064.5,256,Delivered
Jan Morforth,70% Dark Bites,USA,2024-06-19,5172.75,345,Delivered
Beverie Moffet,Choco Coated Almonds,UK,2024-06-19,2844.0,219,Delivered
Husein Augar,Spicy Special Slims,New Zealand,2024-06-19,2479.5,166,Delivered
Oby Sorrel,Raspberry Choco,UK,2024-06-19,2596.5,260,Delivered
Andria Kimpton,Smooth Silky Salty,Australia,2024-06-19,2506.5,314,Delivered
Van Tuxwell,Eclairs,Canada,2024-06-19,857.25,41,Delivered
Brien Boise,Organic Choco Syrup,UK,2024-06-19,758.25,38,Delivered
Gigi Bohling,Spicy Special Slims,India,2024-06-19,6966.0,349,Delivered
Roddy Speechley,85% Dark Bars,India,2024-06-20,4061.25,185,Delivered
Gunar Cockshoot,Manuka Honey Choco,USA,2024-06-20,9447.75,450,Delivered
Gunar Cockshoot,Smooth Silky Salty,USA,2024-06-21,8417.25,702,Delivered
Andria Kimpton,Choco Coated Almonds,UK,2024-06-21,72.0,5,Delivered
Curtice Advani,Orange Choco,Australia,2024-06-21,3674.25,335,Delivered
Dotty Strutley,Spicy Special Slims,USA,2024-06-21,5591.25,329,Delivered
Roddy Speechley,Choco Coated Almonds,New Zealand,2024-06-21,3993.75,267,Delivered
Beverie Moffet,Manuka Honey Choco,UK,2024-06-21,5834.25,278,Delivered
Gigi Bohling,Peanut Butter Cubes,Canada,2024-06-21,8822.25,368,Delivered
Karlen McCaffrey,Eclairs,India,2024-06-21,9765.0,425,Delivered
Andria Kimpton,Orange Choco,USA,2024-06-21,3584.25,359,Delivered
Kaine Padly,Smooth Silky Salty,Australia,2024-06-21,2162.25,197,Delivered
Barr Faughny,Eclairs,USA,2024-06-21,9864.0,494,Delivered
Barr Faughny,Eclairs,UK,2024-06-21,2580.75,113,Delivered
Barr Faughny,99% Dark & Pure,India,2024-06-21,1296.0,65,Delivered
Andria Kimpton,Raspberry Choco,India,2024-06-21,3611.25,452,Delivered
Roddy Speechley,Manuka Honey Choco,UK,2024-06-24,6855.75,312,Delivered
Madelene Upcott,Organic Choco Syrup,USA,2024-06-24,12757.5,672,Delivered
Gigi Bohling,Baker's Choco Chips,UK,2024-06-24,3861.0,204,Delivered
Dotty Strutley,Baker's Choco Chips,India,2024-06-24,7893.0,465,Delivered
Beverie Moffet,99% Dark & Pure,Australia,2024-06-24,3831.75,175,Delivered
Jan Morforth,99% Dark & Pure,India,2024-06-24,4083.75,215,Delivered
Marney O'Breen,Drinking Coco,USA,2024-06-24,4637.25,357,Delivered
Kelci Walkden,50% Dark Bites,New Zealand,2024-06-24,1496.25,75,Delivered
Kelci Walkden,Drinking Coco,New Zealand,2024-06-24,4914.0,378,Delivered
Oby Sorrel,99% Dark & Pure,USA,2024-06-25,4540.5,190,Delivered
Kelci Walkden,Mint Chip Choco,Canada,2024-06-25,5868.0,652,Delivered
Wilone O'Kielt,Raspberry Choco,USA,2024-06-25,4131.0,689,Delivered
Andria Kimpton,70% Dark Bites,USA,2024-06-25,2022.75,107,Delivered
Wilone O'Kielt,Choco Coated Almonds,UK,2024-06-25,5571.0,372,Delivered
Dennison Crosswaite,Choco Coated Almonds,UK,2024-06-25,9362.25,852,Delivered
Dotty Strutley,White Choc,USA,2024-06-25,4779.0,218,Delivered
Madelene Upcott,Mint Chip Choco,India,2024-06-25,3964.5,397,Cancelled
Rafaelita Blaksland,99% Dark & Pure,Australia,2024-06-25,5224.5,218,Delivered
Oby Sorrel,Manuka Honey Choco,India,2024-06-25,3035.25,160,Delivered
Karlen McCaffrey,70% Dark Bites,Canada,2024-06-25,3075.75,162,Delivered
Beverie Moffet,Orange Choco,USA,2024-06-25,12633.75,1805,Delivered
Dotty Strutley,After Nines,USA,2024-06-25,2486.25,208,Delivered
Curtice Advani,99% Dark & Pure,UK,2024-06-25,7751.25,388,Delivered
Ches Bonnell,99% Dark & Pure,New Zealand,2024-06-25,4925.25,247,Delivered
Marney O'Breen,Drinking Coco,USA,2024-06-25,6007.5,501,Delivered
Brien Boise,99% Dark & Pure,India,2024-06-25,11047.5,527,Delivered
Rafaelita Blaksland,85% Dark Bars,Canada,2024-06-25,9139.5,416,Delivered
Ches Bonnell,Peanut Butter Cubes,New Zealand,2024-06-25,7308.0,366,Delivered
Brien Boise,Mint Chip Choco,New Zealand,2024-06-26,841.5,61,Delivered
Gunar Cockshoot,Fruit & Nut Bars,New Zealand,2024-06-26,6196.5,230,Delivered
Jan Morforth,After Nines,UK,2024-06-26,12858.75,858,Delivered
Roddy Speechley,Spicy Special Slims,USA,2024-06-26,5271.75,264,Delivered
Dotty Strutley,Drinking Coco,New Zealand,2024-06-26,5586.75,466,Delivered
Brien Boise,Manuka Honey Choco,USA,2024-06-26,5404.5,271,Delivered
Curtice Advani,Spicy Special Slims,UK,2024-06-26,2349.0,147,Delivered
Jehu Rudeforth,Eclairs,USA,2024-06-26,2423.25,128,Delivered
Rafaelita Blaksland,Mint Chip Choco,UK,2024-06-27,2733.75,196,Delivered
Ches Bonnell,Raspberry Choco,UK,2024-06-27,1811.25,259,Delivered
Gigi Bohling,Baker's Choco Chips,India,2024-06-27,731.25,37,Delivered
Marney O'Breen,Raspberry Choco,UK,2024-06-27,2891.25,579,Delivered
Roddy Speechley,Fruit & Nut Bars,UK,2024-06-27,5971.5,214,Delivered
Barr Faughny,Organic Choco Syrup,Australia,2024-06-27,10653.75,561,Cancelled
Oby Sorrel,Eclairs,UK,2024-06-27,7229.25,402,Delivered
Ches Bonnell,Smooth Silky Salty,USA,2024-06-27,5753.25,524,Delivered
Beverie Moffet,Organic Choco Syrup,USA,2024-06-27,9789.75,467,Delivered
Brien Boise,70% Dark Bites,Australia,2024-06-27,7206.75,481,Cancelled
Rafaelita Blaksland,Milk Bars,Canada,2024-06-27,7578.0,399,Delivered
Dotty Strutley,White Choc,UK,2024-06-27,2855.25,143,Delivered
Barr Faughny,Smooth Silky Salty,UK,2024-06-27,13495.5,1500,Delivered
Gunar Cockshoot,Raspberry Choco,Canada,2024-06-27,6174.0,686,Delivered
Husein Augar,Drinking Coco,Australia,2024-06-27,6167.25,475,Delivered
Ches Bonnell,Mint Chip Choco,UK,2024-06-27,3714.75,413,Delivered
Andria Kimpton,Orange Choco,UK,2024-06-27,1107.0,123,Delivered
Kelci Walkden,99% Dark & Pure,UK,2024-06-27,5487.75,239,Delivered
Husein Augar,After Nines,New Zealand,2024-06-28,6259.5,418,Delivered
Madelene Upcott,Spicy Special Slims,UK,2024-06-28,4131.0,230,Delivered
Brien Boise,Eclairs,USA,2024-06-28,362.25,20,Delivered
Dotty Strutley,99% Dark & Pure,UK,2024-06-28,5044.5,211,Delivered
Brien Boise,Eclairs,Australia,2024-06-28,6545.25,345,Delivered
Ches Bonnell,Manuka Honey Choco,UK,2024-06-28,4313.25,188,Delivered
Brien Boise,Organic Choco Syrup,New Zealand,2024-06-28,4045.5,176,Delivered
Kelci Walkden,Drinking Coco,UK,2024-06-28,5458.5,455,Delivered
Gunar Cockshoot,Baker's Choco Chips,USA,2024-06-28,8617.5,454,Delivered
Gigi Bohling,Spicy Special Slims,New Zealand,2024-06-28,2569.5,129,Delivered
Jan Morforth,Choco Coated Almonds,UK,2024-06-28,2425.5,243,Delivered
Husein Augar,Raspberry Choco,UK,2024-07-01,5321.25,1065,Shipped
Brien Boise,85% Dark Bars,USA,2024-07-01,11263.5,537,Shipped
Madelene Upcott,Raspberry Choco,India,2024-07-02,7960.5,797,Shipped
Jehu Rudeforth,Spicy Special Slims,UK,2024-07-02,9270.0,618,Shipped
Husein Augar,Choco Coated Almonds,UK,2024-07-02,7348.5,525,Shipped
Gigi Bohling,Baker's Choco Chips,India,2024-07-02,3654.0,244,Shipped
Rafaelita Blaksland,Manuka Honey Choco,Canada,2024-07-02,7083.0,355,Shipped
Gunar Cockshoot,Mint Chip Choco,New Zealand,2024-07-02,1395.0,140,Shipped
Jehu Rudeforth,White Choc,UK,2024-07-02,2913.75,122,Shipped
Roddy Speechley,Orange Choco,Canada,2024-07-02,969.75,89,Shipped
Kelci Walkden,Mint Chip Choco,UK,2024-07-02,2720.25,303,Shipped
Dotty Strutley,Spicy Special Slims,USA,2024-07-02,1755.0,98,Shipped
Madelene Upcott,Choco Coated Almonds,Canada,2024-07-02,9544.5,735,Shipped
Husein Augar,Mint Chip Choco,India,2024-07-03,1316.25,147,Shipped
Roddy Speechley,Eclairs,UK,2024-07-03,4389.75,191,Shipped
Dotty Strutley,Drinking Coco,USA,2024-07-03,5942.25,541,Shipped
Jehu Rudeforth,Fruit & Nut Bars,UK,2024-07-03,8601.75,308,Shipped
Karlen McCaffrey,99% Dark & Pure,New Zealand,2024-07-03,3665.25,160,Shipped
Rafaelita Blaksland,Peanut Butter Cubes,USA,2024-07-03,6221.25,260,Shipped
Van Tuxwell,Organic Choco Syrup,USA,2024-07-03,6819.75,379,Shipped
Mallorie Waber,Baker's Choco Chips,USA,2024-07-03,5976.0,399,Shipped
Gigi Bohling,Smooth Silky Salty,India,2024-07-03,8014.5,729,Shipped
Oby Sorrel,Orange Choco,India,2024-07-04,5015.25,558,Shipped
Rafaelita Blaksland,70% Dark Bites,India,2024-07-04,4479.75,224,Shipped
Marney O'Breen,50% Dark Bites,Canada,2024-07-04,3174.75,187,Shipped
Wilone O'Kielt,70% Dark Bites,Australia,2024-07-04,11083.5,693,Shipped
Dotty Strutley,Organic Choco Syrup,UK,2024-07-04,17601.75,881,Shipped
Ches Bonnell,Organic Choco Syrup,UK,2024-07-04,7652.25,333,Shipped
Andria Kimpton,Manuka Honey Choco,USA,2024-07-04,7146.0,377,Shipped
Barr Faughny,Manuka Honey Choco,USA,2024-07-04,4736.25,237,Shipped
Husein Augar,Organic Choco Syrup,Australia,2024-07-04,11173.5,559,Shipped
Marney O'Breen,Baker's Choco Chips,New Zealand,2024-07-04,9220.5,513,Shipped
Madelene Upcott,Drinking Coco,USA,2024-07-05,4734.0,395,Shipped
Brien Boise,After Nines,UK,2024-07-05,4554.0,380,Shipped
Rafaelita Blaksland,Caramel Stuffed Bars,New Zealand,2024-07-05,9560.25,532,Shipped
Brien Boise,Fruit & Nut Bars,New Zealand,2024-07-05,4839.75,187,Cancelled
Madelene Upcott,Smooth Silky Salty,New Zealand,2024-07-05,6898.5,575,Cancelled
Barr Faughny,70% Dark Bites,USA,2024-07-05,1919.25,102,Shipped
Barr Faughny,Organic Choco Syrup,Australia,2024-07-05,13380.75,705,Shipped
Roddy Speechley,85% Dark Bars,New Zealand,2024-07-05,1559.25,60,Shipped
Marney O'Breen,Organic Choco Syrup,USA,2024-07-05,6502.5,362,Shipped
Curtice Advani,50% Dark Bites,Canada,2024-07-05,1019.25,47,Shipped
Jan Morforth,50% Dark Bites,Australia,2024-07-05,7866.0,394,Shipped
Kelci Walkden,Baker's Choco Chips,India,2024-07-05,5832.0,365,Cancelled
Roddy Speechley,Manuka Honey Choco,Canada,2024-07-05,14348.25,798,Shipped
Marney O'Breen,Mint Chip Choco,New Zealand,2024-07-05,735.75,62,Shipped
Brien Boise,Fruit & Nut Bars,UK,2024-07-08,7607.25,317,Shipped
Curtice Advani,Peanut Butter Cubes,Australia,2024-07-08,6446.25,340,Shipped
Roddy Speechley,Caramel Stuffed Bars,UK,2024-07-08,5024.25,280,Shipped
Jan Morforth,Choco Coated Almonds,UK,2024-07-08,5706.0,571,Shipped
Brien Boise,Organic Choco Syrup,UK,2024-07-08,506.25,25,Shipped
Marney O'Breen,99% Dark & Pure,India,2024-07-08,3123.0,136,Shipped
Van Tuxwell,Smooth Silky Salty,UK,2024-07-08,12053.25,1722,Shipped
Rafaelita Blaksland,Manuka Honey Choco,USA,2024-07-08,3514.5,176,Cancelled
Karlen McCaffrey,99% Dark & Pure,USA,2024-07-08,5568.75,233,Shipped
Kelci Walkden,Smooth Silky Salty,UK,2024-07-09,3370.5,422,Shipped
Camilla Castle,99% Dark & Pure,Australia,2024-07-09,4857.75,203,Shipped
Beverie Moffet,Spicy Special Slims,Australia,2024-07-09,7789.5,410,Shipped
Andria Kimpton,Organic Choco Syrup,UK,2024-07-09,5391.0,270,Shipped
Gigi Bohling,Raspberry Choco,India,2024-07-09,12512.25,2503,Shipped
Husein Augar,Drinking Coco,New Zealand,2024-07-09,4932.0,380,Shipped
Brien Boise,Drinking Coco,Canada,2024-07-09,6313.5,790,Shipped
Roddy Speechley,Drinking Coco,India,2024-07-09,5985.0,499,Shipped
Madelene Upcott,Eclairs,USA,2024-07-09,10334.25,470,Shipped
Barr Faughny,Raspberry Choco,Canada,2024-07-09,3309.75,552,Shipped
Marney O'Breen,Raspberry Choco,New Zealand,2024-07-09,3969.0,397,Shipped
Gigi Bohling,Orange Choco,UK,2024-07-10,3838.5,349,Shipped
Madelene Upcott,50% Dark Bites,India,2024-07-10,9749.25,488,Shipped
Brien Boise,Baker's Choco Chips,UK,2024-07-10,12939.75,863,Cancelled
Roddy Speechley,Raspberry Choco,Australia,2024-07-10,4774.5,796,Shipped
Dennison Crosswaite,Eclairs,USA,2024-07-10,2479.5,113,Shipped
Beverie Moffet,Choco Coated Almonds,Canada,2024-07-10,1725.75,133,Shipped
Ches Bonnell,Peanut Butter Cubes,USA,2024-07-10,4198.5,210,Shipped
Jehu Rudeforth,Peanut Butter Cubes,Canada,2024-07-10,5220.0,249,Shipped
Dotty Strutley,Orange Choco,India,2024-07-10,614.25,103,Shipped
Gunar Cockshoot,Mint Chip Choco,UK,2024-07-10,2889.0,207,Shipped
Brien Boise,Eclairs,India,2024-07-11,4536.0,216,Shipped
Husein Augar,Choco Coated Almonds,Australia,2024-07-11,6970.5,465,Shipped
Barr Faughny,Orange Choco,USA,2024-07-12,2515.5,229,Shipped
Barr Faughny,Orange Choco,Canada,2024-07-12,468.0,43,Shipped
Gigi Bohling,Peanut Butter Cubes,USA,2024-07-12,6086.25,321,Shipped
Kelci Walkden,White Choc,USA,2024-07-12,5238.0,262,Shipped
Wilone O'Kielt,Choco Coated Almonds,New Zealand,2024-07-12,4488.75,409,Shipped
Roddy Speechley,Mint Chip Choco,New Zealand,2024-07-12,2693.25,208,Shipped
Wilone O'Kielt,Fruit & Nut Bars,USA,2024-07-12,10082.25,439,Shipped
Ches Bonnell,Spicy Special Slims,UK,2024-07-12,3888.0,216,Shipped
Brien Boise,Drinking Coco,USA,2024-07-12,6169.5,686,Shipped
Madelene Upcott,White Choc,India,2024-07-12,5422.5,247,Shipped
Ches Bonnell,Drinking Coco,USA,2024-07-12,5143.5,515,Shipped
Jehu Rudeforth,Organic Choco Syrup,India,2024-07-12,12262.5,584,Shipped
Brien Boise,Mint Chip Choco,USA,2024-07-15,1953.0,217,Shipped
Husein Augar,Milk Bars,UK,2024-07-15,4556.25,269,Shipped
Madelene Upcott,Eclairs,UK,2024-07-15,1570.5,72,Shipped
Jehu Rudeforth,99% Dark & Pure,USA,2024-07-15,3213.0,134,Shipped
Barr Faughny,Spicy Special Slims,USA,2024-07-15,5951.25,331,Shipped
Wilone O'Kielt,Spicy Special Slims,New Zealand,2024-07-15,9085.5,455,Shipped
Gunar Cockshoot,Drinking Coco,India,2024-07-15,4995.0,500,Shipped
Rafaelita Blaksland,Choco Coated Almonds,India,2024-07-15,4218.75,302,Shipped
Barr Faughny,99% Dark & Pure,India,2024-07-16,2133.0,102,Shipped
Dennison Crosswaite,Fruit & Nut Bars,Canada,2024-07-16,10608.75,393,Shipped
Brien Boise,Raspberry Choco,UK,2024-07-16,2121.75,304,Shipped
Gigi Bohling,Peanut Butter Cubes,New Zealand,2024-07-16,7989.75,333,Shipped
Dennison Crosswaite,Orange Choco,USA,2024-07-17,4189.5,699,Shipped
Kelci Walkden,Baker's Choco Chips,UK,2024-07-17,6045.75,378,Shipped
Madelene Upcott,Choco Coated Almonds,Canada,2024-07-18,3323.25,303,Shipped
Madelene Upcott,85% Dark Bars,UK,2024-07-18,771.75,33,Shipped
Beverie Moffet,Fruit & Nut Bars,USA,2024-07-18,6495.75,241,Shipped
Madelene Upcott,85% Dark Bars,UK,2024-07-18,6759.0,308,Shipped
Roddy Speechley,Peanut Butter Cubes,USA,2024-07-18,8538.75,407,Shipped
Kelci Walkden,Drinking Coco,UK,2024-07-18,6129.0,511,Shipped
Jehu Rudeforth,Smooth Silky Salty,Australia,2024-07-18,10361.25,1296,Shipped
Roddy Speechley,Orange Choco,USA,2024-07-18,8322.75,833,Shipped
Curtice Advani,50% Dark Bites,India,2024-07-18,2495.25,125,Shipped
Andria Kimpton,Raspberry Choco,USA,2024-07-18,6970.5,698,Shipped
Oby Sorrel,Spicy Special Slims,India,2024-07-18,1046.25,56,Shipped
Oby Sorrel,Mint Chip Choco,UK,2024-07-18,1406.25,128,Shipped
Andria Kimpton,99% Dark & Pure,UK,2024-07-18,13412.25,584,Shipped
Curtice Advani,Milk Bars,UK,2024-07-19,6615.0,390,Cancelled
Madelene Upcott,Choco Coated Almonds,UK,2024-07-19,3035.25,203,Shipped
Dotty Strutley,Baker's Choco Chips,Australia,2024-07-19,6493.5,361,Shipped
Brien Boise,Choco Coated Almonds,New Zealand,2024-07-19,2484.0,226,Shipped
Brien Boise,Milk Bars,Canada,2024-07-19,4538.25,253,Shipped
Oby Sorrel,Manuka Honey Choco,Canada,2024-07-19,1455.75,81,Shipped
Oby Sorrel,Eclairs,New Zealand,2024-07-19,378.0,20,Shipped
Barr Faughny,99% Dark & Pure,India,2024-07-19,9897.75,495,Shipped
Ches Bonnell,50% Dark Bites,India,2024-07-19,5112.0,244,Shipped
Brien Boise,After Nines,Australia,2024-07-19,7011.0,585,Shipped
Barr Faughny,Mint Chip Choco,India,2024-07-19,1624.5,148,Shipped
Andria Kimpton,Orange Choco,UK,2024-07-19,10894.5,1362,Shipped
Roddy Speechley,Mint Chip Choco,Canada,2024-07-19,4950.0,381,Shipped
Gunar Cockshoot,Manuka Honey Choco,USA,2024-07-19,978.75,49,Shipped
Marney O'Breen,Eclairs,USA,2024-07-19,9333.0,425,Shipped
Barr Faughny,Baker's Choco Chips,India,2024-07-22,5688.0,356,Shipped
Rafaelita Blaksland,Fruit & Nut Bars,UK,2024-07-22,10860.75,453,Shipped
Brien Boise,Choco Coated Almonds,Canada,2024-07-22,758.25,55,Shipped
Dotty Strutley,Peanut Butter Cubes,USA,2024-07-22,6311.25,263,Shipped
Rafaelita Blaksland,Eclairs,UK,2024-07-22,5782.5,305,Shipped
Andria Kimpton,Eclairs,UK,2024-07-22,6133.5,267,Shipped
Jehu Rudeforth,99% Dark & Pure,UK,2024-07-22,5656.5,270,Shipped
Dotty Strutley,85% Dark Bars,USA,2024-07-22,5325.75,205,Shipped
Curtice Advani,Peanut Butter Cubes,UK,2024-07-22,3577.5,179,Shipped
Dennison Crosswaite,Peanut Butter Cubes,UK,2024-07-22,6000.75,273,Shipped
Kelci Walkden,50% Dark Bites,Canada,2024-07-22,5679.0,335,Shipped
Kelci Walkden,Peanut Butter Cubes,Australia,2024-07-23,785.25,42,Shipped
Husein Augar,Choco Coated Almonds,USA,2024-07-23,4725.0,394,Shipped
Brien Boise,Peanut Butter Cubes,New Zealand,2024-07-23,6414.75,268,Shipped
Beverie Moffet,Mint Chip Choco,Canada,2024-07-23,4920.75,547,Shipped
Jehu Rudeforth,Mint Chip Choco,UK,2024-07-23,555.75,56,Shipped
Gunar Cockshoot,85% Dark Bars,UK,2024-07-23,3723.75,144,Shipped
Curtice Advani,Choco Coated Almonds,New Zealand,2024-07-23,5658.75,436,Shipped
Husein Augar,99% Dark & Pure,India,2024-07-23,8610.75,392,Shipped
Andria Kimpton,Choco Coated Almonds,Australia,2024-07-23,7965.0,797,Shipped
Gunar Cockshoot,70% Dark Bites,UK,2024-07-23,4623.75,272,Shipped
Jehu Rudeforth,Choco Coated Almonds,USA,2024-07-23,4194.0,280,Shipped
Madelene Upcott,Manuka Honey Choco,Canada,2024-07-23,7607.25,346,Shipped
Dotty Strutley,Mint Chip Choco,Australia,2024-07-23,4092.75,293,Shipped
Husein Augar,Baker's Choco Chips,India,2024-07-23,8734.5,514,Shipped
Barr Faughny,Spicy Special Slims,New Zealand,2024-07-23,2799.0,165,Shipped
Madelene Upcott,Drinking Coco,India,2024-07-24,5384.25,539,Shipped
Gunar Cockshoot,Eclairs,UK,2024-07-24,2918.25,127,Shipped
Marney O'Breen,Milk Bars,UK,2024-07-24,776.25,46,Shipped
Gigi Bohling,70% Dark Bites,UK,2024-07-24,2349.0,147,Shipped
Dotty Strutley,85% Dark Bars,Australia,2024-07-24,11747.25,490,Shipped
Kelci Walkden,85% Dark Bars,USA,2024-07-24,796.5,32,Shipped
Van Tuxwell,Baker's Choco Chips,India,2024-07-24,3064.5,154,Shipped
Madelene Upcott,99% Dark & Pure,UK,2024-07-24,3147.75,144,Shipped
Husein Augar,Orange Choco,UK,2024-07-24,1991.25,200,Shipped
Brien Boise,50% Dark Bites,India,2024-07-24,5143.5,258,Shipped
Wilone O'Kielt,Milk Bars,New Zealand,2024-07-24,4218.75,223,Shipped
Beverie Moffet,Peanut Butter Cubes,UK,2024-07-24,6219.0,328,Shipped
Dotty Strutley,70% Dark Bites,New Zealand,2024-07-24,3647.25,183,Shipped
Van Tuxwell,Raspberry Choco,UK,2024-07-24,11081.25,1109,Shipped
Madelene Upcott,Choco Coated Almonds,USA,2024-07-25,4428.0,443,Shipped
Beverie Moffet,85% Dark Bars,India,2024-07-25,6698.25,268,Shipped
Husein Augar,50% Dark Bites,India,2024-07-25,2076.75,116,Shipped
Dotty Strutley,85% Dark Bars,New Zealand,2024-07-25,9303.75,388,Shipped
Wilone O'Kielt,Mint Chip Choco,Australia,2024-07-25,272.25,31,Shipped
Madelene Upcott,85% Dark Bars,New Zealand,2024-07-25,6763.5,295,Shipped
Andria Kimpton,Drinking Coco,UK,2024-07-25,5159.25,397,Shipped
Gunar Cockshoot,Peanut Butter Cubes,UK,2024-07-25,9326.25,406,Shipped
Jan Morforth,Milk Bars,USA,2024-07-26,38.25,3,Shipped
Andria Kimpton,Drinking Coco,UK,2024-07-26,4846.5,606,Shipped
Kelci Walkden,Orange Choco,New Zealand,2024-07-26,9027.0,1003,Cancelled
Gunar Cockshoot,50% Dark Bites,India,2024-07-26,4227.75,249,Shipped
Gigi Bohling,Orange Choco,UK,2024-07-26,7645.5,956,Shipped
Brien Boise,50% Dark Bites,Canada,2024-07-26,4682.25,261,Shipped
Dennison Crosswaite,Mint Chip Choco,New Zealand,2024-07-26,4029.75,448,Shipped
Rafaelita Blaksland,Spicy Special Slims,New Zealand,2024-07-26,1471.5,99,Shipped
Kaine Padly,Orange Choco,Australia,2024-07-26,3469.5,386,Shipped
Camilla Castle,Choco Coated Almonds,USA,2024-07-26,1404.0,117,Cancelled
Madelene Upcott,Eclairs,India,2024-07-26,5384.25,245,Shipped
Ches Bonnell,Mint Chip Choco,Australia,2024-07-26,508.5,51,Shipped
Brien Boise,Smooth Silky Salty,New Zealand,2024-07-26,8394.75,1200,Shipped
Jan Morforth,Mint Chip Choco,USA,2024-07-26,8777.25,676,Cancelled
Madelene Upcott,Milk Bars,Australia,2024-07-26,1829.25,88,Shipped
Roddy Speechley,Fruit & Nut Bars,India,2024-07-26,9092.25,350,Shipped
Gunar Cockshoot,70% Dark Bites,New Zealand,2024-07-29,4.5,1,Shipped
Barr Faughny,Organic Choco Syrup,UK,2024-07-29,171.0,10,Shipped
Van Tuxwell,Peanut Butter Cubes,Australia,2024-07-29,4340.25,229,Shipped
Beverie Moffet,Drinking Coco,Canada,2024-07-29,5685.75,632,Shipped
Kaine Padly,Caramel Stuffed Bars,USA,2024-07-29,3091.5,155,Shipped
Gunar Cockshoot,Smooth Silky Salty,UK,2024-07-29,4290.75,613,Shipped
Roddy Speechley,Drinking Coco,India,2024-07-29,6075.0,760,Shipped
Brien Boise,Drinking Coco,USA,2024-07-29,5028.75,629,Shipped
Gigi Bohling,Drinking Coco,USA,2024-07-29,5465.25,684,Shipped
Wilone O'Kielt,Almond Choco,New Zealand,2024-07-29,951.75,80,Shipped
Kelci Walkden,Orange Choco,New Zealand,2024-07-29,9389.25,1342,Shipped
Wilone O'Kielt,Mint Chip Choco,UK,2024-07-29,7184.25,719,Shipped
Marney O'Breen,Choco Coated Almonds,UK,2024-07-30,4763.25,477,Shipped
Madelene Upcott,After Nines,UK,2024-07-30,6606.0,661,Shipped
Madelene Upcott,Manuka Honey Choco,USA,2024-07-30,8869.5,404,Shipped
Barr Faughny,Drinking Coco,India,2024-07-30,5708.25,714,Shipped
Van Tuxwell,Peanut Butter Cubes,UK,2024-07-30,6081.75,265,Shipped
Barr Faughny,Mint Chip Choco,Australia,2024-07-30,9184.5,707,Shipped
Curtice Advani,99% Dark & Pure,UK,2024-07-30,5667.75,258,Shipped
Van Tuxwell,Baker's Choco Chips,USA,2024-07-30,4587.75,242,Shipped
Wilone O'Kielt,Choco Coated Almonds,Australia,2024-07-30,6032.25,549,Shipped
Kelci Walkden,Mint Chip Choco,Australia,2024-07-30,3793.5,292,Shipped
Andria Kimpton,50% Dark Bites,New Zealand,2024-07-30,3609.0,172,Shipped
Curtice Advani,85% Dark Bars,USA,2024-07-30,9083.25,413,Shipped
Ches Bonnell,Mint Chip Choco,India,2024-07-30,3280.5,329,Shipped
Barr Faughny,Drinking Coco,Canada,2024-07-30,4812.75,602,Shipped
Barr Faughny,Organic Choco Syrup,UK,2024-07-30,4396.5,245,Shipped
Dotty Strutley,Choco Coated Almonds,Canada,2024-07-30,2126.25,213,Shipped
Roddy Speechley,Milk Bars,USA,2024-07-30,7654.5,383,Shipped
Gunar Cockshoot,Smooth Silky Salty,USA,2024-07-31,3737.25,340,Shipped
Rafaelita Blaksland,Peanut Butter Cubes,UK,2024-07-31,6536.25,327,Shipped
Andria Kimpton,70% Dark Bites,USA,2024-07-31,8813.25,464,Shipped
Husein Augar,Baker's Choco Chips,New Zealand,2024-07-31,803.25,48,Shipped
Andria Kimpton,70% Dark Bites,India,2024-07-31,2488.5,131,Shipped
Dotty Strutley,Choco Coated Almonds,India,2024-07-31,5928.75,424,Shipped
Jehu Rudeforth,Raspberry Choco,UK,2024-07-31,5330.25,762,Shipped
Gigi Bohling,99% Dark & Pure,USA,2024-07-31,7260.75,364,Shipped
Madelene Upcott,Mint Chip Choco,India,2024-07-31,1210.5,135,Shipped
Marney O'Breen,70% Dark Bites,New Zealand,2024-07-31,9803.25,613,Cancelled
Madelene Upcott,Eclairs,UK,2024-07-31,5730.75,302,Shipped
Roddy Speechley,Organic Choco Syrup,New Zealand,2024-08-01,4632.75,202,Shipped
Marney O'Breen,Eclairs,India,2024-08-01,5118.75,270,Shipped
Dotty Strutley,Milk Bars,India,2024-08-01,3161.25,186,Shipped
Andria Kimpton,After Nines,UK,2024-08-01,9337.5,779,Shipped
Andria Kimpton,Orange Choco,Australia,2024-08-02,13727.25,1962,Cancelled
Madelene Upcott,99% Dark & Pure,UK,2024-08-02,3318.75,159,Cancelled
Wilone O'Kielt,99% Dark & Pure,Canada,2024-08-02,8322.75,397,Shipped
Oby Sorrel,Baker's Choco Chips,UK,2024-08-02,3100.5,207,Shipped
Kelci Walkden,Peanut Butter Cubes,USA,2024-08-02,8367.75,381,Shipped
Marney O'Breen,Orange Choco,Australia,2024-08-02,1694.25,170,Shipped
Madelene Upcott,Peanut Butter Cubes,Australia,2024-08-02,8313.75,416,Shipped
Rafaelita Blaksland,70% Dark Bites,UK,2024-08-02,1242.0,74,Shipped
Kelci Walkden,Eclairs,Canada,2024-08-02,10053.0,438,Shipped
Kelci Walkden,50% Dark Bites,New Zealand,2024-08-02,7859.25,437,Shipped
Oby Sorrel,Fruit & Nut Bars,UK,2024-08-02,7699.5,308,Shipped
Jan Morforth,70% Dark Bites,UK,2024-08-02,4491.0,225,Cancelled
Rafaelita Blaksland,Smooth Silky Salty,UK,2024-08-02,5809.5,581,Shipped
Andria Kimpton,Baker's Choco Chips,UK,2024-08-02,2916.0,154,Shipped
Kaine Padly,Organic Choco Syrup,India,2024-08-02,14040.0,702,Shipped
Madelene Upcott,Raspberry Choco,India,2024-08-02,699.75,117,Shipped
Van Tuxwell,Manuka Honey Choco,New Zealand,2024-08-02,8925.75,496,Shipped
Karlen McCaffrey,Mint Chip Choco,Australia,2024-08-02,2801.25,201,Shipped
Kelci Walkden,99% Dark & Pure,Australia,2024-08-02,9483.75,396,Shipped
Brien Boise,Drinking Coco,New Zealand,2024-08-02,5829.75,449,Shipped
Brien Boise,Smooth Silky Salty,Canada,2024-08-02,6927.75,770,Shipped
Oby Sorrel,Eclairs,USA,2024-08-02,1498.5,72,Shipped
Roddy Speechley,Fruit & Nut Bars,India,2024-08-02,8847.0,385,Shipped
Husein Augar,After Nines,New Zealand,2024-08-05,9049.5,905,Shipped
Barr Faughny,Milk Bars,New Zealand,2024-08-05,4965.75,249,Shipped
Beverie Moffet,85% Dark Bars,New Zealand,2024-08-06,6077.25,265,Shipped
Barr Faughny,Orange Choco,Australia,2024-08-06,456.75,58,Shipped
Husein Augar,50% Dark Bites,USA,2024-08-06,231.75,12,Cancelled
Marney O'Breen,70% Dark Bites,New Zealand,2024-08-06,2668.5,149,Shipped
Jehu Rudeforth,Baker's Choco Chips,Australia,2024-08-06,3496.5,206,Shipped
Ches Bonnell,50% Dark Bites,Canada,2024-08-06,6477.75,360,Shipped
Van Tuxwell,White Choc,India,2024-08-06,6855.75,299,Shipped
Roddy Speechley,Fruit & Nut Bars,USA,2024-08-06,3525.75,131,Shipped
Kelci Walkden,After Nines,New Zealand,2024-08-06,3280.5,253,Shipped
Beverie Moffet,Drinking Coco,USA,2024-08-06,5766.75,641,Shipped
Kelci Walkden,Milk Bars,Canada,2024-08-07,3152.25,151,Shipped
Dotty Strutley,Eclairs,UK,2024-08-07,15.75,1,Shipped
Curtice Advani,Milk Bars,UK,2024-08-07,5994.0,353,Shipped
Madelene Upcott,Orange Choco,USA,2024-08-07,272.25,28,Shipped
Wilone O'Kielt,Drinking Coco,India,2024-08-07,5706.0,634,Shipped
Curtice Advani,Choco Coated Almonds,India,2024-08-07,6520.5,593,Shipped
Jan Morforth,Peanut Butter Cubes,Canada,2024-08-07,12051.0,603,Cancelled
Madelene Upcott,50% Dark Bites,USA,2024-08-07,8619.75,479,Shipped
Jehu Rudeforth,Smooth Silky Salty,Canada,2024-08-07,8824.5,803,Shipped
Wilone O'Kielt,Orange Choco,USA,2024-08-07,4061.25,407,Cancelled
Camilla Castle,99% Dark & Pure,UK,2024-08-07,15590.25,650,Shipped
Kaine Padly,Peanut Butter Cubes,Canada,2024-08-08,5730.75,273,Shipped
Van Tuxwell,Mint Chip Choco,UK,2024-08-08,1050.75,117,Shipped
Madelene Upcott,Baker's Choco Chips,UK,2024-08-08,13961.25,931,Shipped
Husein Augar,Spicy Special Slims,UK,2024-08-08,11216.25,624,Shipped
Barr Faughny,Mint Chip Choco,Australia,2024-08-08,7618.5,693,Shipped
Barr Faughny,Mint Chip Choco,Canada,2024-08-08,2130.75,214,Shipped
Kelci Walkden,Orange Choco,Canada,2024-08-08,10599.75,1060,Shipped
Madelene Upcott,Peanut Butter Cubes,Canada,2024-08-08,7476.75,312,Shipped
Madelene Upcott,99% Dark & Pure,New Zealand,2024-08-09,9576.0,417,Shipped
Madelene Upcott,Mint Chip Choco,New Zealand,2024-08-09,351.0,27,Shipped
Roddy Speechley,Orange Choco,USA,2024-08-09,7056.0,706,Shipped
Marney O'Breen,Orange Choco,India,2024-08-09,4943.25,707,Shipped
Husein Augar,Organic Choco Syrup,India,2024-08-09,5071.5,267,Shipped
Gunar Cockshoot,Choco Coated Almonds,New Zealand,2024-08-09,2371.5,216,Shipped
Dotty Strutley,85% Dark Bars,USA,2024-08-09,8496.0,340,Shipped
Curtice Advani,Drinking Coco,India,2024-08-09,5267.25,439,Shipped
Roddy Speechley,Spicy Special Slims,Canada,2024-08-09,3683.25,194,Shipped
Andria Kimpton,Peanut Butter Cubes,UK,2024-08-09,4178.25,199,Shipped
Rafaelita Blaksland,Manuka Honey Choco,USA,2024-08-09,7029.0,320,Shipped
Roddy Speechley,Mint Chip Choco,UK,2024-08-09,1649.25,138,Shipped
Roddy Speechley,Eclairs,UK,2024-08-09,1946.25,85,Shipped
Van Tuxwell,Eclairs,USA,2024-08-09,1001.25,51,Shipped
Oby Sorrel,Almond Choco,UK,2024-08-12,90.0,10,Shipped
Madelene Upcott,Choco Coated Almonds,USA,2024-08-12,5643.0,435,Shipped
Roddy Speechley,Choco Coated Almonds,UK,2024-08-12,10496.25,750,Shipped
Gunar Cockshoot,Drinking Coco,India,2024-08-12,5226.75,403,Shipped
Curtice Advani,Manuka Honey Choco,Canada,2024-08-12,8725.5,460,Shipped
Ches Bonnell,Drinking Coco,Canada,2024-08-13,5278.5,480,Shipped
Dotty Strutley,Raspberry Choco,India,2024-08-13,357.75,72,Shipped
Rafaelita Blaksland,Spicy Special Slims,Australia,2024-08-13,3906.0,261,Shipped
Husein Augar,White Choc,Canada,2024-08-13,1923.75,92,Shipped
Marney O'Breen,Smooth Silky Salty,USA,2024-08-13,5166.0,431,Shipped
Husein Augar,Drinking Coco,UK,2024-08-13,5874.75,653,Shipped
Oby Sorrel,Almond Choco,UK,2024-08-13,11110.5,1235,Shipped
Dotty Strutley,70% Dark Bites,Australia,2024-08-13,4322.25,255,Shipped
Marney O'Breen,Choco Coated Almonds,India,2024-08-13,5253.75,438,Shipped
Gunar Cockshoot,Mint Chip Choco,USA,2024-08-13,2288.25,229,Cancelled
Dotty Strutley,Orange Choco,Australia,2024-08-13,8811.0,801,Shipped
Curtice Advani,Eclairs,India,2024-08-13,1032.75,55,Shipped
Camilla Castle,Eclairs,USA,2024-08-14,9184.5,418,Shipped
Brien Boise,Manuka Honey Choco,New Zealand,2024-08-14,6738.75,293,Shipped
Rafaelita Blaksland,Organic Choco Syrup,Australia,2024-08-14,7645.5,365,Shipped
Husein Augar,Manuka Honey Choco,India,2024-08-14,5229.0,291,Shipped
Oby Sorrel,Manuka Honey Choco,India,2024-08-15,4556.25,228,Shipped
Madelene Upcott,50% Dark Bites,India,2024-08-15,9317.25,424,Shipped
Rafaelita Blaksland,50% Dark Bites,UK,2024-08-15,13560.75,714,Shipped
Dotty Strutley,Eclairs,India,2024-08-15,7888.5,376,Shipped
Kaine Padly,Orange Choco,UK,2024-08-16,8649.0,1442,Shipped
Dotty Strutley,Mint Chip Choco,UK,2024-08-16,2610.0,290,Shipped
Kelci Walkden,85% Dark Bars,USA,2024-08-16,81.0,4,Shipped
Marney O'Breen,99% Dark & Pure,UK,2024-08-16,5946.75,271,Shipped
Madelene Upcott,Caramel Stuffed Bars,Canada,2024-08-16,3663.0,167,Shipped
Gunar Cockshoot,Organic Choco Syrup,India,2024-08-16,4547.25,253,Cancelled
Gunar Cockshoot,Organic Choco Syrup,Canada,2024-08-16,7528.5,397,Shipped
Gigi Bohling,Spicy Special Slims,USA,2024-08-16,7213.5,361,Shipped
Madelene Upcott,Spicy Special Slims,India,2024-08-16,8194.5,410,Shipped
Karlen McCaffrey,Mint Chip Choco,USA,2024-08-16,1383.75,107,Shipped
Curtice Advani,Baker's Choco Chips,India,2024-08-16,4378.5,244,Cancelled
Madelene Upcott,Organic Choco Syrup,UK,2024-08-19,7098.75,355,Shipped
Ches Bonnell,Mint Chip Choco,UK,2024-08-19,4011.75,402,Shipped
Curtice Advani,85% Dark Bars,USA,2024-08-19,4081.5,171,Shipped
Wilone O'Kielt,Orange Choco,Canada,2024-08-19,15549.75,1414,Shipped
Wilone O'Kielt,Organic Choco Syrup,UK,2024-08-19,6795.0,358,Shipped
Dennison Crosswaite,70% Dark Bites,Canada,2024-08-19,76.5,4,Shipped
Andria Kimpton,Eclairs,New Zealand,2024-08-19,1581.75,84,Shipped
Roddy Speechley,85% Dark Bars,Canada,2024-08-19,9663.75,421,Shipped
Dotty Strutley,Drinking Coco,USA,2024-08-19,5859.0,533,Shipped
Marney O'Breen,Spicy Special Slims,Canada,2024-08-19,6187.5,387,Shipped
Jehu Rudeforth,Eclairs,Canada,2024-08-19,2684.25,150,Shipped
Rafaelita Blaksland,Orange Choco,USA,2024-08-19,6941.25,772,Shipped
Dotty Strutley,Baker's Choco Chips,India,2024-08-19,4063.5,254,Shipped
Barr Faughny,Mint Chip Choco,New Zealand,2024-08-19,7521.75,538,Shipped
Kelci Walkden,White Choc,Australia,2024-08-19,4275.0,214,Shipped
Brien Boise,Peanut Butter Cubes,New Zealand,2024-08-19,7562.25,379,Shipped
Husein Augar,Manuka Honey Choco,USA,2024-08-20,6912.0,301,Shipped
Gunar Cockshoot,Mint Chip Choco,UK,2024-08-20,2400.75,241,Shipped
Van Tuxwell,85% Dark Bars,India,2024-08-20,6448.5,269,Shipped
Ches Bonnell,Eclairs,Australia,2024-08-20,2515.5,115,Shipped
Gunar Cockshoot,Choco Coated Almonds,Australia,2024-08-20,405.0,41,Shipped
Van Tuxwell,Baker's Choco Chips,Canada,2024-08-20,2157.75,144,Shipped
Karlen McCaffrey,Peanut Butter Cubes,UK,2024-08-20,9429.75,429,Shipped
Van Tuxwell,85% Dark Bars,USA,2024-08-20,193.5,10,Shipped
Karlen McCaffrey,Eclairs,Australia,2024-08-20,1698.75,85,Shipped
Wilone O'Kielt,Choco Coated Almonds,UK,2024-08-20,3057.75,236,Shipped
Curtice Advani,Almond Choco,Canada,2024-08-20,14472.0,1809,Shipped
Brien Boise,Mint Chip Choco,UK,2024-08-20,1575.0,113,Shipped
Husein Augar,After Nines,Australia,2024-08-20,7485.75,749,Shipped
Oby Sorrel,Milk Bars,India,2024-08-20,3726.0,170,Shipped
Kelci Walkden,Organic Choco Syrup,UK,2024-08-20,10813.5,471,Shipped
Madelene Upcott,White Choc,USA,2024-08-20,7530.75,302,Shipped
Gunar Cockshoot,Drinking Coco,UK,2024-08-20,5766.75,481,Shipped
Karlen McCaffrey,Mint Chip Choco,USA,2024-08-20,6401.25,493,Shipped
Madelene Upcott,Drinking Coco,UK,2024-08-20,6468.75,589,Shipped
Husein Augar,85% Dark Bars,India,2024-08-21,7139.25,311,Shipped
Kelci Walkden,70% Dark Bites,UK,2024-08-21,6372.0,319,Shipped
Roddy Speechley,50% Dark Bites,UK,2024-08-21,3170.25,145,Shipped
Gunar Cockshoot,Spicy Special Slims,UK,2024-08-21,16476.75,1099,Shipped
Dennison Crosswaite,Peanut Butter Cubes,UK,2024-08-21,9432.0,450,Shipped
Dennison Crosswaite,Drinking Coco,USA,2024-08-21,6102.0,678,Shipped
Kelci Walkden,Smooth Silky Salty,Australia,2024-08-21,330.75,31,Shipped
Marney O'Breen,Spicy Special Slims,India,2024-08-21,317.25,22,Shipped
Brien Boise,Peanut Butter Cubes,Canada,2024-08-21,8570.25,358,Shipped
Wilone O'Kielt,Choco Coated Almonds,India,2024-08-21,3260.25,272,Shipped
Jan Morforth,Fruit & Nut Bars,Australia,2024-08-21,3096.0,115,Cancelled
Gigi Bohling,Raspberry Choco,USA,2024-08-21,2074.5,231,Shipped
Oby Sorrel,Smooth Silky Salty,UK,2024-08-21,10084.5,917,Shipped
Kelci Walkden,Mint Chip Choco,New Zealand,2024-08-21,1008.0,84,Shipped
Wilone O'Kielt,Raspberry Choco,Canada,2024-08-21,3843.0,769,Cancelled
Beverie Moffet,Choco Coated Almonds,USA,2024-08-21,3730.5,340,Shipped
Madelene Upcott,85% Dark Bars,India,2024-08-22,2173.5,99,Shipped
Dotty Strutley,Choco Coated Almonds,Australia,2024-08-22,2481.75,191,Shipped
Kelci Walkden,Baker's Choco Chips,UK,2024-08-22,14123.25,942,Shipped
Andria Kimpton,Smooth Silky Salty,UK,2024-08-22,11643.75,1294,Shipped
Husein Augar,Almond Choco,UK,2024-08-22,4612.5,462,Shipped
Beverie Moffet,Mint Chip Choco,UK,2024-08-22,4972.5,553,Shipped
Ches Bonnell,Spicy Special Slims,Canada,2024-08-22,4227.75,249,Shipped
Roddy Speechley,White Choc,Canada,2024-08-22,3552.75,149,Shipped
Roddy Speechley,Choco Coated Almonds,USA,2024-08-23,3449.25,230,Shipped
Barr Faughny,85% Dark Bars,UK,2024-08-23,10026.0,456,Shipped
Husein Augar,Smooth Silky Salty,USA,2024-08-23,7191.0,899,Shipped
Marney O'Breen,Milk Bars,UK,2024-08-23,7530.75,359,Shipped
Dotty Strutley,Smooth Silky Salty,New Zealand,2024-08-23,10395.0,1485,Shipped
Ches Bonnell,Drinking Coco,UK,2024-08-23,5384.25,415,Shipped
Roddy Speechley,Caramel Stuffed Bars,UK,2024-08-23,1561.5,75,Shipped
Marney O'Breen,Raspberry Choco,New Zealand,2024-08-23,4558.5,652,Shipped
Gunar Cockshoot,50% Dark Bites,USA,2024-08-23,7317.0,349,Shipped
Jehu Rudeforth,99% Dark & Pure,UK,2024-08-23,10332.0,470,Shipped
Gunar Cockshoot,Spicy Special Slims,UK,2024-08-26,5474.25,343,Shipped
Madelene Upcott,Spicy Special Slims,USA,2024-08-26,8673.75,434,Shipped
Marney O'Breen,Choco Coated Almonds,UK,2024-08-26,4995.0,333,Shipped
Brien Boise,Spicy Special Slims,USA,2024-08-26,1737.0,116,Shipped
Kaine Padly,Orange Choco,UK,2024-08-26,16182.0,1619,Cancelled
Curtice Advani,Baker's Choco Chips,UK,2024-08-26,4095.0,216,Shipped
Brien Boise,Raspberry Choco,UK,2024-08-26,9895.5,1980,Shipped
Beverie Moffet,Caramel Stuffed Bars,Canada,2024-08-26,510.75,25,Shipped
Wilone O'Kielt,Peanut Butter Cubes,Canada,2024-08-26,4200.75,201,Shipped
Wilone O'Kielt,Mint Chip Choco,UK,2024-08-26,5463.0,547,Cancelled
Roddy Speechley,Mint Chip Choco,USA,2024-08-26,9382.5,722,Shipped
Brien Boise,Almond Choco,USA,2024-08-27,9069.75,756,Shipped
Brien Boise,50% Dark Bites,New Zealand,2024-08-27,706.5,38,Shipped
Jan Morforth,Peanut Butter Cubes,Australia,2024-08-27,7463.25,340,Shipped
Kelci Walkden,Eclairs,New Zealand,2024-08-27,1464.75,74,Shipped
Rafaelita Blaksland,Spicy Special Slims,USA,2024-08-27,13970.25,874,Cancelled
Dotty Strutley,Drinking Coco,UK,2024-08-27,6189.75,563,Shipped
Andria Kimpton,Organic Choco Syrup,UK,2024-08-28,11290.5,491,Shipped
Husein Augar,Smooth Silky Salty,USA,2024-08-28,4765.5,596,Shipped
Husein Augar,Spicy Special Slims,Australia,2024-08-28,5172.75,259,Shipped
Ches Bonnell,Peanut Butter Cubes,Canada,2024-08-28,3003.75,137,Shipped
Roddy Speechley,99% Dark & Pure,USA,2024-08-28,21469.5,1074,Shipped
Husein Augar,Choco Coated Almonds,Australia,2024-08-28,2295.0,153,Shipped
Barr Faughny,Spicy Special Slims,USA,2024-08-28,1035.0,61,Shipped
Dotty Strutley,Eclairs,Australia,2024-08-28,4378.5,219,Shipped
Marney O'Breen,Choco Coated Almonds,USA,2024-08-28,2760.75,277,Shipped
Barr Faughny,Orange Choco,USA,2024-08-28,4230.0,529,Shipped
Roddy Speechley,99% Dark & Pure,UK,2024-08-29,11061.0,527,Shipped
Wilone O'Kielt,Organic Choco Syrup,USA,2024-08-29,8246.25,375,Shipped
Roddy Speechley,Eclairs,Canada,2024-08-29,4061.25,204,Shipped
Jehu Rudeforth,Choco Coated Almonds,India,2024-08-29,4205.25,281,Cancelled
Jan Morforth,Manuka Honey Choco,India,2024-08-29,14206.5,790,Shipped
Ches Bonnell,Orange Choco,India,2024-08-29,5179.5,518,Shipped
Gunar Cockshoot,Drinking Coco,UK,2024-08-29,5177.25,648,Shipped
Brien Boise,70% Dark Bites,India,2024-08-29,5755.5,303,Shipped
Brien Boise,Milk Bars,USA,2024-08-29,4691.25,224,Shipped
Gunar Cockshoot,Smooth Silky Salty,Australia,2024-08-29,1991.25,182,Shipped
Andria Kimpton,Mint Chip Choco,UK,2024-08-30,4752.0,476,Shipped
Jan Morforth,Peanut Butter Cubes,UK,2024-08-30,5746.5,274,Shipped
Kelci Walkden,Peanut Butter Cubes,India,2024-08-30,10185.75,510,Shipped
Brien Boise,Milk Bars,USA,2024-08-30,11729.25,534,Shipped
Camilla Castle,Raspberry Choco,UK,2024-08-30,850.5,142,Shipped
Dotty Strutley,Manuka Honey Choco,USA,2024-08-30,3192.75,178,Shipped
Madelene Upcott,Drinking Coco,India,2024-08-30,4918.5,410,Shipped
Kelci Walkden,Fruit & Nut Bars,UK,2024-08-30,2322.0,101,Shipped
Curtice Advani,Manuka Honey Choco,New Zealand,2024-09-02,859.5,43,Placed
Kelci Walkden,Fruit & Nut Bars,UK,2024-09-02,10165.5,442,Placed
Beverie Moffet,70% Dark Bites,UK,2024-09-02,4520.25,302,Placed
Madelene Upcott,85% Dark Bars,UK,2024-09-02,12566.25,599,Placed
Beverie Moffet,Baker's Choco Chips,UK,2024-09-02,4819.5,284,Placed
Van Tuxwell,Spicy Special Slims,Australia,2024-09-02,11958.75,630,Placed
Beverie Moffet,Spicy Special Slims,USA,2024-09-02,4810.5,321,Placed
Brien Boise,Spicy Special Slims,India,2024-09-02,3910.5,231,Placed
Dennison Crosswaite,Milk Bars,India,2024-09-03,4333.5,217,Placed
Jan Morforth,Peanut Butter Cubes,India,2024-09-03,8631.0,393,Placed
Rafaelita Blaksland,Smooth Silky Salty,USA,2024-09-03,4059.0,406,Placed
Jan Morforth,Mint Chip Choco,New Zealand,2024-09-03,3129.75,313,Placed
Brien Boise,Baker's Choco Chips,USA,2024-09-03,2229.75,140,Placed
Roddy Speechley,Manuka Honey Choco,UK,2024-09-03,8808.75,420,Placed
Kaine Padly,Manuka Honey Choco,India,2024-09-03,17795.25,848,Placed
Brien Boise,Fruit & Nut Bars,India,2024-09-03,6005.25,251,Placed
Gigi Bohling,Fruit & Nut Bars,UK,2024-09-03,4945.5,207,Placed
Curtice Advani,Fruit & Nut Bars,USA,2024-09-03,6972.75,259,Placed
Beverie Moffet,Choco Coated Almonds,New Zealand,2024-09-03,1514.25,138,Cancelled
Jan Morforth,Spicy Special Slims,USA,2024-09-03,1759.5,93,Placed
Madelene Upcott,Orange Choco,UK,2024-09-03,8961.75,1281,Placed
Ches Bonnell,Organic Choco Syrup,USA,2024-09-04,13252.5,577,Placed
Gunar Cockshoot,Raspberry Choco,USA,2024-09-04,443.25,89,Placed
Dotty Strutley,85% Dark Bars,UK,2024-09-04,819.0,38,Placed
Oby Sorrel,Baker's Choco Chips,New Zealand,2024-09-04,3422.25,202,Cancelled
Marney O'Breen,Fruit & Nut Bars,UK,2024-09-04,11049.75,461,Placed
Karlen McCaffrey,Spicy Special Slims,Australia,2024-09-05,2468.25,155,Placed
Jehu Rudeforth,Peanut Butter Cubes,USA,2024-09-05,7173.0,327,Placed
Beverie Moffet,Orange Choco,New Zealand,2024-09-05,5130.0,855,Placed
Barr Faughny,Fruit & Nut Bars,UK,2024-09-05,8075.25,352,Placed
Roddy Speechley,Drinking Coco,Canada,2024-09-05,4977.0,415,Placed
Van Tuxwell,85% Dark Bars,UK,2024-09-06,382.5,18,Placed
Curtice Advani,50% Dark Bites,USA,2024-09-06,5730.75,338,Placed
Brien Boise,Peanut Butter Cubes,USA,2024-09-06,4468.5,236,Placed
Camilla Castle,After Nines,UK,2024-09-06,6666.75,667,Placed
Dotty Strutley,Smooth Silky Salty,India,2024-09-06,2430.0,270,Placed
Husein Augar,Peanut Butter Cubes,UK,2024-09-06,8001.0,422,Placed
Husein Augar,50% Dark Bites,UK,2024-09-06,9636.75,567,Placed
Dennison Crosswaite,Caramel Stuffed Bars,UK,2024-09-06,4387.5,259,Placed
Mallorie Waber,Mint Chip Choco,USA,2024-09-06,2965.5,248,Placed
Roddy Speechley,Drinking Coco,Canada,2024-09-06,5328.0,410,Placed
Ches Bonnell,70% Dark Bites,India,2024-09-06,1732.5,102,Placed
Brien Boise,Smooth Silky Salty,UK,2024-09-06,17903.25,2558,Cancelled
Roddy Speechley,50% Dark Bites,USA,2024-09-06,3453.75,165,Placed
Roddy Speechley,Mint Chip Choco,India,2024-09-09,9702.0,882,Placed
Barr Faughny,99% Dark & Pure,USA,2024-09-09,3057.75,161,Placed
Beverie Moffet,Spicy Special Slims,Australia,2024-09-09,447.75,28,Placed
Dotty Strutley,Baker's Choco Chips,UK,2024-09-10,8109.0,427,Placed
Jan Morforth,70% Dark Bites,New Zealand,2024-09-10,2385.0,133,Placed
Brien Boise,85% Dark Bars,Australia,2024-09-10,5154.75,215,Placed
Kelci Walkden,Drinking Coco,UK,2024-09-10,5235.75,655,Placed
Andria Kimpton,99% Dark & Pure,India,2024-09-10,3420.0,180,Placed
Dennison Crosswaite,After Nines,India,2024-09-10,6133.5,512,Placed
Dotty Strutley,Peanut Butter Cubes,USA,2024-09-10,6651.0,290,Placed
Gigi Bohling,Drinking Coco,UK,2024-09-10,5942.25,743,Placed
Karlen McCaffrey,Drinking Coco,India,2024-09-10,5112.0,465,Placed
Gunar Cockshoot,50% Dark Bites,USA,2024-09-11,8057.25,474,Placed
Rafaelita Blaksland,Eclairs,USA,2024-09-11,2727.0,152,Placed
Kelci Walkden,Drinking Coco,USA,2024-09-11,4826.25,604,Placed
Jan Morforth,Raspberry Choco,New Zealand,2024-09-11,6689.25,1338,Placed
Gunar Cockshoot,Fruit & Nut Bars,New Zealand,2024-09-11,9884.25,367,Placed
Husein Augar,Caramel Stuffed Bars,New Zealand,2024-09-11,2074.5,99,Placed
Madelene Upcott,Baker's Choco Chips,USA,2024-09-11,5881.5,295,Placed
Curtice Advani,Orange Choco,UK,2024-09-11,13657.5,1708,Placed
Gigi Bohling,After Nines,Australia,2024-09-11,9369.0,721,Placed
Curtice Advani,70% Dark Bites,UK,2024-09-11,6653.25,333,Placed
Oby Sorrel,Drinking Coco,Australia,2024-09-12,6165.0,475,Placed
Marney O'Breen,70% Dark Bites,New Zealand,2024-09-12,2040.75,128,Placed
Rafaelita Blaksland,Peanut Butter Cubes,UK,2024-09-12,6669.0,351,Placed
Rafaelita Blaksland,Spicy Special Slims,Canada,2024-09-12,54.0,4,Placed
Roddy Speechley,Spicy Special Slims,USA,2024-09-12,9236.25,462,Placed
Wilone O'Kielt,Milk Bars,India,2024-09-12,2083.5,123,Placed
Kelci Walkden,Milk Bars,Canada,2024-09-12,9668.25,484,Placed
Dotty Strutley,50% Dark Bites,Canada,2024-09-12,7359.75,368,Placed
Marney O'Breen,Peanut Butter Cubes,UK,2024-09-12,8543.25,389,Placed
Madelene Upcott,Organic Choco Syrup,Australia,2024-09-12,9697.5,485,Placed
Dennison Crosswaite,Smooth Silky Salty,Canada,2024-09-12,4029.75,403,Placed
Brien Boise,Manuka Honey Choco,UK,2024-09-12,20758.5,1154,Placed
Ches Bonnell,Eclairs,Australia,2024-09-12,1777.5,99,Placed
Roddy Speechley,Spicy Special Slims,UK,2024-09-12,17115.75,951,Placed
Van Tuxwell,Drinking Coco,Canada,2024-09-12,5897.25,537,Placed
Gunar Cockshoot,Smooth Silky Salty,New Zealand,2024-09-12,4608.0,512,Placed
Roddy Speechley,85% Dark Bars,India,2024-09-12,6664.5,318,Placed
Dennison Crosswaite,70% Dark Bites,UK,2024-09-12,2684.25,142,Placed
Dennison Crosswaite,50% Dark Bites,Canada,2024-09-12,5226.75,291,Placed
Gigi Bohling,Choco Coated Almonds,USA,2024-09-12,6250.5,626,Placed
Barr Faughny,Milk Bars,Australia,2024-09-13,11650.5,555,Placed
Kaine Padly,99% Dark & Pure,USA,2024-09-13,6115.5,306,Placed
Wilone O'Kielt,Spicy Special Slims,India,2024-09-13,4117.5,258,Placed
Brien Boise,Organic Choco Syrup,USA,2024-09-13,10667.25,485,Placed
Kelci Walkden,Smooth Silky Salty,UK,2024-09-13,8707.5,726,Placed
Van Tuxwell,Choco Coated Almonds,India,2024-09-13,1120.5,94,Placed
Gigi Bohling,99% Dark & Pure,India,2024-09-13,5611.5,296,Placed
Marney O'Breen,99% Dark & Pure,USA,2024-09-13,2238.75,98,Placed
Karlen McCaffrey,Almond Choco,UK,2024-09-13,2657.25,266,Placed
Kelci Walkden,Mint Chip Choco,UK,2024-09-13,5942.25,661,Placed
Jan Morforth,Raspberry Choco,USA,2024-09-13,4810.5,963,Placed
Barr Faughny,50% Dark Bites,USA,2024-09-13,249.75,12,Placed
Andria Kimpton,70% Dark Bites,Canada,2024-09-16,9821.25,492,Placed
Wilone O'Kielt,Spicy Special Slims,UK,2024-09-16,1167.75,65,Placed
Andria Kimpton,Smooth Silky Salty,UK,2024-09-16,9607.5,1068,Cancelled
Madelene Upcott,Fruit & Nut Bars,UK,2024-09-16,3786.75,158,Placed
Madelene Upcott,Eclairs,UK,2024-09-16,7002.0,319,Placed
Kelci Walkden,Orange Choco,Canada,2024-09-16,3237.75,405,Placed
Husein Augar,Manuka Honey Choco,India,2024-09-16,11061.0,503,Placed
Wilone O'Kielt,Organic Choco Syrup,India,2024-09-16,5193.0,237,Placed
Kelci Walkden,Orange Choco,USA,2024-09-16,1035.0,115,Placed
Roddy Speechley,50% Dark Bites,UK,2024-09-16,6563.25,387,Placed
Kelci Walkden,Peanut Butter Cubes,UK,2024-09-17,8849.25,466,Placed
Madelene Upcott,Spicy Special Slims,UK,2024-09-17,2907.0,162,Placed
Dotty Strutley,Drinking Coco,India,2024-09-17,5024.25,559,Placed
Van Tuxwell,Drinking Coco,USA,2024-09-17,5969.25,498,Placed
Kelci Walkden,Almond Choco,India,2024-09-17,12343.5,1372,Placed
Jan Morforth,Fruit & Nut Bars,Australia,2024-09-17,5856.75,226,Cancelled
Van Tuxwell,Mint Chip Choco,UK,2024-09-17,4785.75,436,Placed
Kelci Walkden,Caramel Stuffed Bars,UK,2024-09-17,7461.0,374,Cancelled
Barr Faughny,Peanut Butter Cubes,UK,2024-09-17,7094.25,355,Placed
Curtice Advani,99% Dark & Pure,USA,2024-09-17,411.75,19,Placed
Andria Kimpton,99% Dark & Pure,USA,2024-09-18,2639.25,110,Placed
Brien Boise,50% Dark Bites,Canada,2024-09-18,3134.25,175,Placed
Brien Boise,Choco Coated Almonds,India,2024-09-18,6120.0,557,Placed
Ches Bonnell,Organic Choco Syrup,UK,2024-09-18,6608.25,348,Placed
Madelene Upcott,Mint Chip Choco,UK,2024-09-18,9247.5,1028,Placed
Dennison Crosswaite,Fruit & Nut Bars,India,2024-09-18,11220.75,488,Placed
Marney O'Breen,Peanut Butter Cubes,Australia,2024-09-18,7911.0,344,Placed
Andria Kimpton,Peanut Butter Cubes,India,2024-09-18,12397.5,540,Placed
Brien Boise,Organic Choco Syrup,UK,2024-09-18,17595.0,765,Placed
Barr Faughny,99% Dark & Pure,UK,2024-09-18,974.25,41,Cancelled
Marney O'Breen,Raspberry Choco,UK,2024-09-18,4835.25,484,Placed
Jehu Rudeforth,99% Dark & Pure,Australia,2024-09-18,1035.0,50,Placed
Brien Boise,99% Dark & Pure,UK,2024-09-18,1559.25,65,Placed
Jan Morforth,Drinking Coco,New Zealand,2024-09-18,4061.25,508,Placed
Madelene Upcott,Spicy Special Slims,UK,2024-09-18,7323.75,386,Placed
Oby Sorrel,99% Dark & Pure,Australia,2024-09-18,6430.5,322,Placed
Dotty Strutley,Eclairs,Canada,2024-09-18,4572.0,208,Placed
Oby Sorrel,Peanut Butter Cubes,UK,2024-09-18,3852.0,168,Placed
Gunar Cockshoot,Drinking Coco,New Zealand,2024-09-18,5539.5,504,Placed
Roddy Speechley,Orange Choco,USA,2024-09-18,787.5,99,Placed
Brien Boise,Smooth Silky Salty,UK,2024-09-19,7323.75,733,Placed
Jan Morforth,Orange Choco,New Zealand,2024-09-19,12541.5,2091,Placed
Brien Boise,Caramel Stuffed Bars,UK,2024-09-19,4970.25,293,Placed
Gigi Bohling,Baker's Choco Chips,New Zealand,2024-09-19,7501.5,417,Placed
Brien Boise,Manuka Honey Choco,USA,2024-09-19,945.0,43,Placed
Van Tuxwell,50% Dark Bites,USA,2024-09-19,2603.25,145,Placed
Jehu Rudeforth,Raspberry Choco,New Zealand,2024-09-19,1811.25,259,Placed
Jehu Rudeforth,Organic Choco Syrup,New Zealand,2024-09-19,6437.25,358,Placed
Karlen McCaffrey,Mint Chip Choco,USA,2024-09-19,1739.25,145,Placed
Madelene Upcott,Mint Chip Choco,UK,2024-09-19,1647.0,127,Placed
Wilone O'Kielt,Raspberry Choco,UK,2024-09-19,938.25,135,Placed
Dotty Strutley,Baker's Choco Chips,India,2024-09-19,3786.75,223,Cancelled
Barr Faughny,Organic Choco Syrup,UK,2024-09-19,6849.0,381,Placed
Oby Sorrel,85% Dark Bars,USA,2024-09-19,1734.75,76,Placed
Brien Boise,Caramel Stuffed Bars,USA,2024-09-20,8671.5,511,Placed
Madelene Upcott,Drinking Coco,Canada,2024-09-20,6372.0,491,Placed
Roddy Speechley,Spicy Special Slims,India,2024-09-20,1048.5,62,Placed
Madelene Upcott,Smooth Silky Salty,India,2024-09-20,753.75,84,Placed
Gunar Cockshoot,Milk Bars,USA,2024-09-20,13461.75,748,Placed
Husein Augar,Raspberry Choco,New Zealand,2024-09-20,2547.0,364,Placed
Curtice Advani,70% Dark Bites,UK,2024-09-20,3435.75,215,Placed
Roddy Speechley,Caramel Stuffed Bars,Australia,2024-09-20,8916.75,470,Placed
Andria Kimpton,85% Dark Bars,UK,2024-09-20,9119.25,435,Placed
Marney O'Breen,Baker's Choco Chips,USA,2024-09-20,8268.75,414,Placed
Camilla Castle,Smooth Silky Salty,UK,2024-09-20,3561.75,396,Placed
Wilone O'Kielt,Smooth Silky Salty,India,2024-09-20,8986.5,999,Placed
Gigi Bohling,Baker's Choco Chips,UK,2024-09-23,12280.5,647,Placed
Madelene Upcott,50% Dark Bites,USA,2024-09-23,2337.75,124,Cancelled
Wilone O'Kielt,70% Dark Bites,USA,2024-09-23,3269.25,173,Placed
Jan Morforth,Spicy Special Slims,Canada,2024-09-23,209.25,13,Placed
Gigi Bohling,Raspberry Choco,UK,2024-09-23,16224.75,1623,Placed
Wilone O'Kielt,99% Dark & Pure,Australia,2024-09-23,1579.5,72,Placed
Barr Faughny,Manuka Honey Choco,Australia,2024-09-24,10404.0,548,Placed
Barr Faughny,Choco Coated Almonds,UK,2024-09-24,4693.5,427,Placed
Ches Bonnell,Raspberry Choco,USA,2024-09-24,8183.25,1023,Placed
Ches Bonnell,Manuka Honey Choco,India,2024-09-24,4347.0,242,Placed
Dotty Strutley,Eclairs,Canada,2024-09-24,4682.25,247,Placed
Brien Boise,Orange Choco,Australia,2024-09-24,1635.75,164,Placed
Kaine Padly,Drinking Coco,India,2024-09-24,5296.5,408,Placed
Marney O'Breen,Peanut Butter Cubes,UK,2024-09-24,7553.25,398,Placed
Van Tuxwell,99% Dark & Pure,Australia,2024-09-24,13027.5,567,Placed
Dotty Strutley,Eclairs,Canada,2024-09-24,4950.0,216,Placed
Roddy Speechley,50% Dark Bites,India,2024-09-24,2112.75,101,Placed
Karlen McCaffrey,Smooth Silky Salty,UK,2024-09-24,10104.75,1011,Placed
Brien Boise,85% Dark Bars,New Zealand,2024-09-24,373.5,17,Placed
Madelene Upcott,Orange Choco,India,2024-09-24,7591.5,1085,Placed
Madelene Upcott,85% Dark Bars,Canada,2024-09-24,4756.5,191,Placed
Kaine Padly,Raspberry Choco,UK,2024-09-24,6914.25,1383,Placed
Brien Boise,Manuka Honey Choco,UK,2024-09-24,6806.25,310,Placed
Mallorie Waber,Raspberry Choco,Australia,2024-09-24,1788.75,199,Placed
Barr Faughny,Baker's Choco Chips,UK,2024-09-24,6084.0,305,Placed
Husein Augar,Raspberry Choco,Australia,2024-09-24,11007.0,1835,Cancelled
Wilone O'Kielt,70% Dark Bites,USA,2024-09-24,2866.5,160,Placed
Ches Bonnell,Organic Choco Syrup,UK,2024-09-24,9288.0,465,Placed
Kelci Walkden,Raspberry Choco,USA,2024-09-24,544.5,78,Placed
Beverie Moffet,Organic Choco Syrup,UK,2024-09-25,4245.75,224,Cancelled
Van Tuxwell,Mint Chip Choco,USA,2024-09-25,2709.0,301,Placed
Beverie Moffet,50% Dark Bites,UK,2024-09-25,6459.75,308,Placed
Mallorie Waber,Baker's Choco Chips,USA,2024-09-25,8037.0,423,Placed
Marney O'Breen,Orange Choco,UK,2024-09-25,5589.0,932,Placed
Camilla Castle,Choco Coated Almonds,UK,2024-09-25,999.0,84,Placed
Husein Augar,Orange Choco,New Zealand,2024-09-25,729.0,92,Placed
Karlen McCaffrey,Smooth Silky Salty,India,2024-09-26,1539.0,193,Placed
Beverie Moffet,Choco Coated Almonds,New Zealand,2024-09-26,8624.25,863,Placed
Kelci Walkden,50% Dark Bites,UK,2024-09-27,1604.25,90,Placed
Barr Faughny,85% Dark Bars,New Zealand,2024-09-27,6781.5,295,Placed
Jehu Rudeforth,Choco Coated Almonds,New Zealand,2024-09-27,4675.5,360,Placed
Ches Bonnell,Smooth Silky Salty,UK,2024-09-27,19977.75,2498,Placed
Brien Boise,Choco Coated Almonds,UK,2024-09-27,7641.0,765,Placed
Gunar Cockshoot,85% Dark Bars,India,2024-09-27,10203.75,486,Placed
Gunar Cockshoot,Baker's Choco Chips,UK,2024-09-30,9807.75,545,Placed
Gigi Bohling,Choco Coated Almonds,USA,2024-09-30,335.25,28,Placed
Gunar Cockshoot,Choco Coated Almonds,New Zealand,2024-09-30,3609.0,301,Placed
